checksum,cpu_seconds,mode,output_bytes,pair,peak_rss_kib,variant,wall_ns,workload
,0.06819199999999999,mir-stack,389240,0,43332,baseline,68464328,compile_1024_functions
9280,,mir-stack,,0,,baseline,76895722,kernel_10000000_calls
,0.07353299999999999,mir-stack,389240,0,44296,candidate,73770755,compile_1024_functions
9280,,mir-stack,,0,,candidate,88343292,kernel_10000000_calls
,0.06615099999999999,mir-stack,389240,1,43248,candidate,66382553,compile_1024_functions
9280,,mir-stack,,1,,candidate,80461303,kernel_10000000_calls
,0.067928,mir-stack,389240,1,43076,baseline,68511986,compile_1024_functions
9280,,mir-stack,,1,,baseline,90144076,kernel_10000000_calls
,0.065967,mir-stack,389240,2,43288,baseline,66161880,compile_1024_functions
9280,,mir-stack,,2,,baseline,78248986,kernel_10000000_calls
,0.068253,mir-stack,389240,2,43412,candidate,68479493,compile_1024_functions
9280,,mir-stack,,2,,candidate,80252590,kernel_10000000_calls
,0.07056699999999999,mir-stack,389240,3,44188,candidate,70805159,compile_1024_functions
9280,,mir-stack,,3,,candidate,90521930,kernel_10000000_calls
,0.065252,mir-stack,389240,3,43348,baseline,65506249,compile_1024_functions
9280,,mir-stack,,3,,baseline,89713303,kernel_10000000_calls
,0.066049,mir-stack,389240,4,43160,baseline,66311612,compile_1024_functions
9280,,mir-stack,,4,,baseline,86414610,kernel_10000000_calls
,0.07445099999999999,mir-stack,389240,4,43392,candidate,74628311,compile_1024_functions
9280,,mir-stack,,4,,candidate,80323716,kernel_10000000_calls
,0.08222,mir-stack,389240,5,43492,candidate,82468285,compile_1024_functions
9280,,mir-stack,,5,,candidate,75144590,kernel_10000000_calls
,0.06744,mir-stack,389240,5,43188,baseline,67736355,compile_1024_functions
9280,,mir-stack,,5,,baseline,87116516,kernel_10000000_calls
,0.06937,mir-stack,389240,6,43428,baseline,69611736,compile_1024_functions
9280,,mir-stack,,6,,baseline,83473512,kernel_10000000_calls
,0.068079,mir-stack,389240,6,43292,candidate,68659891,compile_1024_functions
9280,,mir-stack,,6,,candidate,78950579,kernel_10000000_calls
,0.067941,mir-stack,389240,7,43272,candidate,68220922,compile_1024_functions
9280,,mir-stack,,7,,candidate,279339172,kernel_10000000_calls
,0.112201,mir-stack,389240,7,43324,baseline,112479762,compile_1024_functions
9280,,mir-stack,,7,,baseline,86462140,kernel_10000000_calls
,0.058573,fast,217208,0,42744,baseline,59046728,compile_1024_functions
9280,,fast,,0,,baseline,28736183,kernel_10000000_calls
,0.065612,fast,200824,0,42500,candidate,65795581,compile_1024_functions
9280,,fast,,0,,candidate,24449124,kernel_10000000_calls
,0.06218799999999999,fast,200824,1,43568,candidate,62422135,compile_1024_functions
9280,,fast,,1,,candidate,23319080,kernel_10000000_calls
,0.06376899999999999,fast,217208,1,42604,baseline,63993756,compile_1024_functions
9280,,fast,,1,,baseline,32711223,kernel_10000000_calls
,0.062190999999999996,fast,217208,2,42632,baseline,62404117,compile_1024_functions
9280,,fast,,2,,baseline,31967411,kernel_10000000_calls
,0.06969500000000001,fast,200824,2,42924,candidate,69913056,compile_1024_functions
9280,,fast,,2,,candidate,37535332,kernel_10000000_calls
,0.06777,fast,200824,3,43568,candidate,67945579,compile_1024_functions
9280,,fast,,3,,candidate,23851546,kernel_10000000_calls
,0.062322,fast,217208,3,42680,baseline,62497018,compile_1024_functions
9280,,fast,,3,,baseline,30736910,kernel_10000000_calls
,0.061259999999999995,fast,217208,4,42660,baseline,61419026,compile_1024_functions
9280,,fast,,4,,baseline,30426268,kernel_10000000_calls
,0.067776,fast,200824,4,42692,candidate,68073877,compile_1024_functions
9280,,fast,,4,,candidate,23828726,kernel_10000000_calls
,0.066509,fast,200824,5,42840,candidate,66997796,compile_1024_functions
9280,,fast,,5,,candidate,26714417,kernel_10000000_calls
,0.061718999999999996,fast,217208,5,42740,baseline,63529013,compile_1024_functions
9280,,fast,,5,,baseline,35902994,kernel_10000000_calls
,0.061605999999999994,fast,217208,6,42744,baseline,61831157,compile_1024_functions
9280,,fast,,6,,baseline,31718064,kernel_10000000_calls
,0.062231,fast,200824,6,42636,candidate,62418918,compile_1024_functions
9280,,fast,,6,,candidate,24119923,kernel_10000000_calls
,0.065744,fast,200824,7,42804,candidate,65948151,compile_1024_functions
9280,,fast,,7,,candidate,24267659,kernel_10000000_calls
,0.061682,fast,217208,7,42516,baseline,61858935,compile_1024_functions
9280,,fast,,7,,baseline,40238921,kernel_10000000_calls
,0.066136,quality,217208,0,43032,baseline,66352598,compile_1024_functions
9280,,quality,,0,,baseline,29851754,kernel_10000000_calls
,0.064093,quality,200824,0,42836,candidate,64284412,compile_1024_functions
9280,,quality,,0,,candidate,23620654,kernel_10000000_calls
,0.066535,quality,200824,1,43680,candidate,66768410,compile_1024_functions
9280,,quality,,1,,candidate,23931967,kernel_10000000_calls
,0.059136999999999995,quality,217208,1,42716,baseline,59305525,compile_1024_functions
9280,,quality,,1,,baseline,32915888,kernel_10000000_calls
,0.064203,quality,217208,2,42644,baseline,64397765,compile_1024_functions
9280,,quality,,2,,baseline,34987783,kernel_10000000_calls
,0.065774,quality,200824,2,42788,candidate,65961831,compile_1024_functions
9280,,quality,,2,,candidate,25289964,kernel_10000000_calls
,0.068238,quality,200824,3,42984,candidate,68433144,compile_1024_functions
9280,,quality,,3,,candidate,25517981,kernel_10000000_calls
,0.05857999999999999,quality,217208,3,42668,baseline,58734641,compile_1024_functions
9280,,quality,,3,,baseline,31716278,kernel_10000000_calls
,0.057469,quality,217208,4,42628,baseline,57658369,compile_1024_functions
9280,,quality,,4,,baseline,31601487,kernel_10000000_calls
,0.06264499999999999,quality,200824,4,42852,candidate,62825547,compile_1024_functions
9280,,quality,,4,,candidate,24779205,kernel_10000000_calls
,0.064892,quality,200824,5,42852,candidate,65120269,compile_1024_functions
9280,,quality,,5,,candidate,25411813,kernel_10000000_calls
,0.068945,quality,217208,5,42992,baseline,69128082,compile_1024_functions
9280,,quality,,5,,baseline,30261872,kernel_10000000_calls
,0.061208,quality,217208,6,42668,baseline,61366205,compile_1024_functions
9280,,quality,,6,,baseline,36330838,kernel_10000000_calls
,0.06103499999999999,quality,200824,6,42816,candidate,61226082,compile_1024_functions
9280,,quality,,6,,candidate,26100135,kernel_10000000_calls
,0.071245,quality,200824,7,42676,candidate,72896237,compile_1024_functions
9280,,quality,,7,,candidate,23291347,kernel_10000000_calls
,0.067752,quality,217208,7,42940,baseline,67925748,compile_1024_functions
9280,,quality,,7,,baseline,34618766,kernel_10000000_calls
