kind,module,fixture,index,arena_slot,start,end,retained_bytes,high_water,peak_bytes,after,live_bytes,rewind
module,arena_tests,body,0,0,3848,4072,224,4072,224,3848,0,1
module,arena_tests,body,0,1,128,128,0,432,304,128,0,0
module,arena_tests,body,0,2,64,64,0,64,0,64,0,0
module,hash_tests,body,0,0,3848,3848,0,3848,0,3848,0,1
module,hash_tests,body,0,1,128,128,0,128,0,128,0,0
module,hash_tests,body,0,2,64,64,0,64,0,64,0,0
module,simd_tests,body,0,0,3848,3848,0,3848,0,3848,0,1
module,simd_tests,body,0,1,128,128,0,128,0,128,0,0
module,simd_tests,body,0,2,64,64,0,64,0,64,0,0
module,string_tests,body,0,0,3848,594652,590804,594652,590804,3848,0,1
module,string_tests,body,0,1,128,128,0,466,338,128,0,0
module,string_tests,body,0,2,64,64,0,64,0,64,0,0
module,os_tests,body,0,0,3848,5209,1361,528656,524808,3848,0,1
module,os_tests,body,0,1,128,128,0,525619,525491,128,0,0
module,os_tests,body,0,2,64,64,0,4161,4097,64,0,0
module,file_tests,body,0,0,3848,4057,209,266320,262472,3848,0,1
module,file_tests,body,0,1,128,128,0,709,581,128,0,0
module,file_tests,body,0,2,64,64,0,64,0,64,0,0
module,target_tests,body,0,0,3848,32308,28460,32308,28460,3848,0,1
module,target_tests,body,0,1,128,128,0,128,0,128,0,0
module,target_tests,body,0,2,64,64,0,64,0,64,0,0
fixture,c_frontend_tests,c_test_parser_body_frame_storage,0,0,3848,3848,0,3848,0,3848,0,1
fixture,c_frontend_tests,c_test_parser_body_frame_storage,0,1,128,128,0,2562536,2562408,128,0,0
fixture,c_frontend_tests,c_test_parser_body_frame_storage,0,2,64,64,0,26987,26923,64,0,0
fixture,c_frontend_tests,c_test_parser_diagnostic_storage,1,0,3848,3848,0,3848,0,3848,0,1
fixture,c_frontend_tests,c_test_parser_diagnostic_storage,1,1,128,128,0,1163112,1162984,128,0,0
fixture,c_frontend_tests,c_test_parser_diagnostic_storage,1,2,64,64,0,9760,9696,64,0,0
fixture,c_frontend_tests,c_test_constexpr_leaf_storage,2,0,3848,3848,0,3848,0,3848,0,1
fixture,c_frontend_tests,c_test_constexpr_leaf_storage,2,1,128,128,0,6925408,6925280,128,0,0
fixture,c_frontend_tests,c_test_constexpr_leaf_storage,2,2,64,64,0,26987,26923,64,0,0
fixture,c_frontend_tests,c_test_vla_row_places,3,0,3907,3907,0,3907,0,3907,0,1
fixture,c_frontend_tests,c_test_vla_row_places,3,1,128,128,0,1194287,1194159,128,0,0
fixture,c_frontend_tests,c_test_vla_row_places,3,2,64,64,0,21288,21224,64,0,0
fixture,c_frontend_tests,c_test_lexer_rewind_zeroed,4,0,3907,3907,0,3907,0,3907,0,1
fixture,c_frontend_tests,c_test_lexer_rewind_zeroed,4,1,128,128,0,1328,1200,128,0,0
fixture,c_frontend_tests,c_test_lexer_rewind_zeroed,4,2,64,64,0,64,0,64,0,0
fixture,c_frontend_tests,c_test_scope_interval_index,5,0,3907,3907,0,3907,0,3907,0,1
fixture,c_frontend_tests,c_test_scope_interval_index,5,1,128,128,0,166736,166608,128,0,0
fixture,c_frontend_tests,c_test_scope_interval_index,5,2,64,64,0,64,0,64,0,0
fixture,c_frontend_tests,c_test_initializer_relocation_orders,6,0,3907,3907,0,3907,0,3907,0,1
fixture,c_frontend_tests,c_test_initializer_relocation_orders,6,1,128,128,0,1347788,1347660,128,0,0
fixture,c_frontend_tests,c_test_initializer_relocation_orders,6,2,64,64,0,45368,45304,64,0,0
fixture,c_frontend_tests,c_test_frontend_lex_preprocess,7,0,3907,33878748,33874841,33878748,33874841,3907,0,1
fixture,c_frontend_tests,c_test_frontend_lex_preprocess,7,1,128,128,0,1243936,1243808,128,0,0
fixture,c_frontend_tests,c_test_frontend_lex_preprocess,7,2,64,64,0,13012,12948,64,0,0
fixture,c_frontend_tests,c_test_preprocessor_short_circuit,8,0,3907,3907,0,3907,0,3907,0,1
fixture,c_frontend_tests,c_test_preprocessor_short_circuit,8,1,128,128,0,609364,609236,128,0,0
fixture,c_frontend_tests,c_test_preprocessor_short_circuit,8,2,64,64,0,3136,3072,64,0,0
fixture,c_frontend_tests,c_test_null_preprocessing_directives,9,0,3907,3907,0,3907,0,3907,0,1
fixture,c_frontend_tests,c_test_null_preprocessing_directives,9,1,128,128,0,600904,600776,128,0,0
fixture,c_frontend_tests,c_test_null_preprocessing_directives,9,2,64,64,0,2128,2064,64,0,0
fixture,c_frontend_tests,c_test_malformed_initializer_progress_and_identifier_uses,10,0,3907,3907,0,3907,0,3907,0,1
fixture,c_frontend_tests,c_test_malformed_initializer_progress_and_identifier_uses,10,1,128,128,0,1182557,1182429,128,0,0
fixture,c_frontend_tests,c_test_malformed_initializer_progress_and_identifier_uses,10,2,64,64,0,17160,17096,64,0,0
fixture,c_frontend_tests,c_test_frontend_lex_differential,11,0,3907,3907,0,3660824,3656917,3907,0,1
fixture,c_frontend_tests,c_test_frontend_lex_differential,11,1,128,128,0,26785,26657,128,0,0
fixture,c_frontend_tests,c_test_frontend_lex_differential,11,2,64,64,0,64,0,64,0,0
fixture,c_frontend_tests,c_test_intern_scan_by_shape,12,0,3907,2180680,2176773,2180680,2176773,3907,0,1
fixture,c_frontend_tests,c_test_intern_scan_by_shape,12,1,128,128,0,3200,3072,128,0,0
fixture,c_frontend_tests,c_test_intern_scan_by_shape,12,2,64,64,0,64,0,64,0,0
fixture,c_frontend_tests,c_test_pp_class_masks,13,0,3907,842968,839061,842968,839061,3907,0,1
fixture,c_frontend_tests,c_test_pp_class_masks,13,1,128,128,0,3200,3072,128,0,0
fixture,c_frontend_tests,c_test_pp_class_masks,13,2,64,64,0,64,0,64,0,0
fixture,c_frontend_tests,c_test_string_literal_decode_differential,14,0,3907,3907,0,353905,349998,3907,0,1
fixture,c_frontend_tests,c_test_string_literal_decode_differential,14,1,128,128,0,613077,612949,128,0,0
fixture,c_frontend_tests,c_test_string_literal_decode_differential,14,2,64,64,0,3136,3072,64,0,0
fixture,c_frontend_tests,c_test_position_index_tiles,15,0,3907,6665276,6661369,6665276,6661369,3907,0,1
fixture,c_frontend_tests,c_test_position_index_tiles,15,1,128,128,0,53304,53176,128,0,0
fixture,c_frontend_tests,c_test_position_index_tiles,15,2,64,64,0,64,0,64,0,0
fixture,c_frontend_tests,c_test_oversized_token_spellings,16,0,3907,3907,0,8008584,8004677,3907,0,1
fixture,c_frontend_tests,c_test_oversized_token_spellings,16,1,128,128,0,2402944,2402816,128,0,0
fixture,c_frontend_tests,c_test_oversized_token_spellings,16,2,64,64,0,3136,3072,64,0,0
fixture,c_frontend_tests,c_test_frontend_source_metrics,17,0,3907,1215336,1211429,1215336,1211429,3907,0,1
fixture,c_frontend_tests,c_test_frontend_source_metrics,17,1,128,128,0,3200,3072,128,0,0
fixture,c_frontend_tests,c_test_frontend_source_metrics,17,2,64,64,0,64,0,64,0,0
fixture,c_frontend_tests,c_test_source_metrics_path_identity,18,0,3907,233288,229381,233288,229381,3907,0,1
fixture,c_frontend_tests,c_test_source_metrics_path_identity,18,1,128,128,0,128,0,128,0,0
fixture,c_frontend_tests,c_test_source_metrics_path_identity,18,2,64,64,0,64,0,64,0,0
fixture,c_frontend_tests,c_test_frontend_semantic_basics,19,0,3907,29331312,29327405,29331312,29327405,3907,0,1
fixture,c_frontend_tests,c_test_frontend_semantic_basics,19,1,128,128,0,1169024,1168896,128,0,0
fixture,c_frontend_tests,c_test_frontend_semantic_basics,19,2,64,64,0,9708,9644,64,0,0
fixture,c_frontend_tests,c_test_typedef_fallback_lookup,20,0,3907,3907,0,3907,0,3907,0,1
fixture,c_frontend_tests,c_test_typedef_fallback_lookup,20,1,128,128,0,1162060,1161932,128,0,0
fixture,c_frontend_tests,c_test_typedef_fallback_lookup,20,2,64,64,0,3136,3072,64,0,0
fixture,c_frontend_tests,c_test_frontend_global_types,21,0,3907,4870384,4866477,4870384,4866477,3907,0,1
fixture,c_frontend_tests,c_test_frontend_global_types,21,1,128,128,0,13318390,13318262,128,0,0
fixture,c_frontend_tests,c_test_frontend_global_types,21,2,64,64,0,34080,34016,64,0,0
fixture,c_frontend_tests,c_test_global_array_sizeof_bound,22,0,3907,3907,0,3907,0,3907,0,1
fixture,c_frontend_tests,c_test_global_array_sizeof_bound,22,1,128,128,0,1265128,1265000,128,0,0
fixture,c_frontend_tests,c_test_global_array_sizeof_bound,22,2,64,64,0,41528,41464,64,0,0
fixture,c_frontend_tests,c_test_sizeof_constant_expression,23,0,3907,3907,0,3907,0,3907,0,1
fixture,c_frontend_tests,c_test_sizeof_constant_expression,23,1,128,128,0,1325996,1325868,128,0,0
fixture,c_frontend_tests,c_test_sizeof_constant_expression,23,2,64,64,0,37024,36960,64,0,0
fixture,c_frontend_tests,c_test_sizeof_function_type_name,24,0,3907,3907,0,3907,0,3907,0,1
fixture,c_frontend_tests,c_test_sizeof_function_type_name,24,1,128,128,0,1284444,1284316,128,0,0
fixture,c_frontend_tests,c_test_sizeof_function_type_name,24,2,64,64,0,19056,18992,64,0,0
fixture,c_frontend_tests,c_test_void_object_refusals,25,0,3907,3907,0,3907,0,3907,0,1
fixture,c_frontend_tests,c_test_void_object_refusals,25,1,128,128,0,1278436,1278308,128,0,0
fixture,c_frontend_tests,c_test_void_object_refusals,25,2,64,64,0,24840,24776,64,0,0
fixture,c_frontend_tests,c_test_declarator_ellipsis_depth,26,0,3907,3907,0,3907,0,3907,0,1
fixture,c_frontend_tests,c_test_declarator_ellipsis_depth,26,1,128,128,0,1189456,1189328,128,0,0
fixture,c_frontend_tests,c_test_declarator_ellipsis_depth,26,2,64,64,0,3136,3072,64,0,0
fixture,c_frontend_tests,c_test_unprototyped_call_arguments,27,0,3907,3907,0,3907,0,3907,0,1
fixture,c_frontend_tests,c_test_unprototyped_call_arguments,27,1,128,128,0,1279784,1279656,128,0,0
fixture,c_frontend_tests,c_test_unprototyped_call_arguments,27,2,64,64,0,17504,17440,64,0,0
fixture,c_frontend_tests,c_test_call_arity_diagnostics,28,0,3907,3907,0,3907,0,3907,0,1
fixture,c_frontend_tests,c_test_call_arity_diagnostics,28,1,128,128,0,1190489,1190361,128,0,0
fixture,c_frontend_tests,c_test_call_arity_diagnostics,28,2,64,64,0,13864,13800,64,0,0
fixture,c_frontend_tests,c_test_function_body_sizeof_expression,29,0,3907,3907,0,3907,0,3907,0,1
fixture,c_frontend_tests,c_test_function_body_sizeof_expression,29,1,128,128,0,3128520,3128392,128,0,0
fixture,c_frontend_tests,c_test_function_body_sizeof_expression,29,2,64,64,0,19576,19512,64,0,0
fixture,c_frontend_tests,c_test_frontend_control_flow,30,0,3907,2339552,2335645,2339552,2335645,3907,0,1
fixture,c_frontend_tests,c_test_frontend_control_flow,30,1,128,128,0,15989788,15989660,128,0,0
fixture,c_frontend_tests,c_test_frontend_control_flow,30,2,64,64,0,33552,33488,64,0,0
fixture,c_frontend_tests,c_test_direct_ssa,31,0,3907,3907,0,3907,0,3907,0,1
fixture,c_frontend_tests,c_test_direct_ssa,31,1,128,128,0,1745480,1745352,128,0,0
fixture,c_frontend_tests,c_test_direct_ssa,31,2,64,64,0,24128,24064,64,0,0
fixture,c_frontend_tests,c_test_for_declaration_scopes,32,0,3907,3907,0,3907,0,3907,0,1
fixture,c_frontend_tests,c_test_for_declaration_scopes,32,1,128,128,0,3774376,3774248,128,0,0
fixture,c_frontend_tests,c_test_for_declaration_scopes,32,2,64,64,0,26568,26504,64,0,0
fixture,c_frontend_tests,c_test_then_nested_conditionals,33,0,3907,3907,0,3907,0,3907,0,1
fixture,c_frontend_tests,c_test_then_nested_conditionals,33,1,128,128,0,1241296,1241168,128,0,0
fixture,c_frontend_tests,c_test_then_nested_conditionals,33,2,64,64,0,23832,23768,64,0,0
fixture,c_frontend_tests,c_test_conditional_type_prediction,34,0,3907,3907,0,3907,0,3907,0,1
fixture,c_frontend_tests,c_test_conditional_type_prediction,34,1,128,128,0,4224408,4224280,128,0,0
fixture,c_frontend_tests,c_test_conditional_type_prediction,34,2,64,64,0,392096,392032,64,0,0
fixture,c_frontend_tests,c_test_typeof_conditional_type,35,0,3907,3907,0,3907,0,3907,0,1
fixture,c_frontend_tests,c_test_typeof_conditional_type,35,1,128,128,0,2411036,2410908,128,0,0
fixture,c_frontend_tests,c_test_typeof_conditional_type,35,2,64,64,0,3136,3072,64,0,0
fixture,c_frontend_tests,c_test_typeof_expression_frames,36,0,3907,3907,0,3907,0,3907,0,1
fixture,c_frontend_tests,c_test_typeof_expression_frames,36,1,128,128,0,49080416,49080288,128,0,0
fixture,c_frontend_tests,c_test_typeof_expression_frames,36,2,64,64,0,1376429,1376365,64,0,0
fixture,c_frontend_tests,c_test_conditional_void_expression,37,0,3907,3907,0,3907,0,3907,0,1
fixture,c_frontend_tests,c_test_conditional_void_expression,37,1,128,128,0,1218284,1218156,128,0,0
fixture,c_frontend_tests,c_test_conditional_void_expression,37,2,64,64,0,22760,22696,64,0,0
fixture,c_frontend_tests,c_test_conditional_comma_assignment,38,0,3907,3907,0,3907,0,3907,0,1
fixture,c_frontend_tests,c_test_conditional_comma_assignment,38,1,128,128,0,1539476,1539348,128,0,0
fixture,c_frontend_tests,c_test_conditional_comma_assignment,38,2,64,64,0,71152,71088,64,0,0
fixture,c_frontend_tests,c_test_pointer_width_integer_conversion,39,0,3907,3907,0,3907,0,3907,0,1
fixture,c_frontend_tests,c_test_pointer_width_integer_conversion,39,1,128,128,0,1234448,1234320,128,0,0
fixture,c_frontend_tests,c_test_pointer_width_integer_conversion,39,2,64,64,0,28208,28144,64,0,0
fixture,c_frontend_tests,c_test_statement_expression_control_call,40,0,3907,3907,0,3907,0,3907,0,1
fixture,c_frontend_tests,c_test_statement_expression_control_call,40,1,128,128,0,1209412,1209284,128,0,0
fixture,c_frontend_tests,c_test_statement_expression_control_call,40,2,64,64,0,19624,19560,64,0,0
fixture,c_frontend_tests,c_test_statement_expression_nested_call,41,0,3907,3907,0,3907,0,3907,0,1
fixture,c_frontend_tests,c_test_statement_expression_nested_call,41,1,128,128,0,1300432,1300304,128,0,0
fixture,c_frontend_tests,c_test_statement_expression_nested_call,41,2,64,64,0,44944,44880,64,0,0
fixture,c_frontend_tests,c_test_statement_expression_control_value,42,0,3907,3907,0,3907,0,3907,0,1
fixture,c_frontend_tests,c_test_statement_expression_control_value,42,1,128,128,0,1217244,1217116,128,0,0
fixture,c_frontend_tests,c_test_statement_expression_control_value,42,2,64,64,0,17424,17360,64,0,0
fixture,c_frontend_tests,c_test_statement_expression_declaration_scope,43,0,3907,3907,0,3907,0,3907,0,1
fixture,c_frontend_tests,c_test_statement_expression_declaration_scope,43,1,128,128,0,1601184,1601056,128,0,0
fixture,c_frontend_tests,c_test_statement_expression_declaration_scope,43,2,64,64,0,30800,30736,64,0,0
fixture,c_frontend_tests,c_test_global_identifier_updates,44,0,3907,3907,0,3907,0,3907,0,1
fixture,c_frontend_tests,c_test_global_identifier_updates,44,1,128,128,0,1188224,1188096,128,0,0
fixture,c_frontend_tests,c_test_global_identifier_updates,44,2,64,64,0,13704,13640,64,0,0
fixture,c_frontend_tests,c_test_parenthesized_address_assignment_expression,45,0,3907,3907,0,3907,0,3907,0,1
fixture,c_frontend_tests,c_test_parenthesized_address_assignment_expression,45,1,128,128,0,1226580,1226452,128,0,0
fixture,c_frontend_tests,c_test_parenthesized_address_assignment_expression,45,2,64,64,0,22744,22680,64,0,0
fixture,c_frontend_tests,c_test_nested_offsetof_pointer_prediction,46,0,3907,3907,0,3907,0,3907,0,1
fixture,c_frontend_tests,c_test_nested_offsetof_pointer_prediction,46,1,128,128,0,1507676,1507548,128,0,0
fixture,c_frontend_tests,c_test_nested_offsetof_pointer_prediction,46,2,64,64,0,93312,93248,64,0,0
fixture,c_frontend_tests,c_test_casted_dereference_update,47,0,3907,3907,0,3907,0,3907,0,1
fixture,c_frontend_tests,c_test_casted_dereference_update,47,1,128,128,0,1246508,1246380,128,0,0
fixture,c_frontend_tests,c_test_casted_dereference_update,47,2,64,64,0,14600,14536,64,0,0
fixture,c_frontend_tests,c_test_parenthesized_function_declarations,48,0,3907,3907,0,3907,0,3907,0,1
fixture,c_frontend_tests,c_test_parenthesized_function_declarations,48,1,128,128,0,1151512,1151384,128,0,0
fixture,c_frontend_tests,c_test_parenthesized_function_declarations,48,2,64,64,0,3136,3072,64,0,0
fixture,c_frontend_tests,c_test_parenthesized_address_place_assignment,49,0,3907,3907,0,3907,0,3907,0,1
fixture,c_frontend_tests,c_test_parenthesized_address_place_assignment,49,1,128,128,0,1347872,1347744,128,0,0
fixture,c_frontend_tests,c_test_parenthesized_address_place_assignment,49,2,64,64,0,34672,34608,64,0,0
fixture,c_frontend_tests,c_test_va_list_identity_and_places,50,0,3907,3907,0,3907,0,3907,0,1
fixture,c_frontend_tests,c_test_va_list_identity_and_places,50,1,128,128,0,12389584,12389456,128,0,0
fixture,c_frontend_tests,c_test_va_list_identity_and_places,50,2,64,64,0,56192,56128,64,0,0
fixture,c_frontend_tests,c_test_frontend_vectors,51,0,3907,3907,0,3907,0,3907,0,1
fixture,c_frontend_tests,c_test_frontend_vectors,51,1,128,128,0,1502276,1502148,128,0,0
fixture,c_frontend_tests,c_test_frontend_vectors,51,2,64,64,0,119056,118992,64,0,0
fixture,c_frontend_tests,c_test_frontend_scratch_and_hardening,52,0,3907,3907,0,3907,0,3907,0,1
fixture,c_frontend_tests,c_test_frontend_scratch_and_hardening,52,1,128,128,0,30524232,30524104,128,0,0
fixture,c_frontend_tests,c_test_frontend_scratch_and_hardening,52,2,64,64,0,42176,42112,64,0,0
fixture,c_frontend_tests,c_test_inline_assembly_volatile_ir,53,0,3907,3907,0,3907,0,3907,0,1
fixture,c_frontend_tests,c_test_inline_assembly_volatile_ir,53,1,128,128,0,1278664,1278536,128,0,0
fixture,c_frontend_tests,c_test_inline_assembly_volatile_ir,53,2,64,64,0,17232,17168,64,0,0
fixture,c_frontend_tests,c_test_pasted_keyword_body_walk,54,0,3907,3907,0,3907,0,3907,0,1
fixture,c_frontend_tests,c_test_pasted_keyword_body_walk,54,1,128,128,0,1301204,1301076,128,0,0
fixture,c_frontend_tests,c_test_pasted_keyword_body_walk,54,2,64,64,0,19856,19792,64,0,0
fixture,c_frontend_tests,c_test_macro_task_batches,55,0,3907,3907,0,3907,0,3907,0,1
fixture,c_frontend_tests,c_test_macro_task_batches,55,1,128,128,0,900266,900138,128,0,0
fixture,c_frontend_tests,c_test_macro_task_batches,55,2,64,64,0,3136,3072,64,0,0
fixture,c_frontend_tests,c_test_frontend_vla_and_ir,56,0,3907,3907,0,3907,0,3907,0,1
fixture,c_frontend_tests,c_test_frontend_vla_and_ir,56,1,128,128,0,1428740,1428612,128,0,0
fixture,c_frontend_tests,c_test_frontend_vla_and_ir,56,2,64,64,0,50896,50832,64,0,0
fixture,c_frontend_tests,c_test_local_static_aggregates,57,0,3907,3907,0,3907,0,3907,0,1
fixture,c_frontend_tests,c_test_local_static_aggregates,57,1,128,128,0,1660520,1660392,128,0,0
fixture,c_frontend_tests,c_test_local_static_aggregates,57,2,64,64,0,160280,160216,64,0,0
fixture,c_frontend_tests,c_test_wide_float_function_signatures,58,0,3907,3907,0,3907,0,3907,0,1
fixture,c_frontend_tests,c_test_wide_float_function_signatures,58,1,128,128,0,1388256,1388128,128,0,0
fixture,c_frontend_tests,c_test_wide_float_function_signatures,58,2,64,64,0,13600,13536,64,0,0
fixture,c_frontend_tests,c_test_wide_float_signature_calls,59,0,3907,3907,0,3907,0,3907,0,1
fixture,c_frontend_tests,c_test_wide_float_signature_calls,59,1,128,128,0,1513092,1512964,128,0,0
fixture,c_frontend_tests,c_test_wide_float_signature_calls,59,2,64,64,0,24032,23968,64,0,0
fixture,c_frontend_tests,c_test_wide_float_cleanup_signature_calls,60,0,3907,3907,0,3907,0,3907,0,1
fixture,c_frontend_tests,c_test_wide_float_cleanup_signature_calls,60,1,128,128,0,1214960,1214832,128,0,0
fixture,c_frontend_tests,c_test_wide_float_cleanup_signature_calls,60,2,64,64,0,14936,14872,64,0,0
fixture,c_frontend_tests,c_test_wide_float_local_transport,61,0,3907,3907,0,3907,0,3907,0,1
fixture,c_frontend_tests,c_test_wide_float_local_transport,61,1,128,128,0,1264400,1264272,128,0,0
fixture,c_frontend_tests,c_test_wide_float_local_transport,61,2,64,64,0,15544,15480,64,0,0
fixture,c_frontend_tests,c_test_wide_float_global_initializers,62,0,3907,3907,0,3907,0,3907,0,1
fixture,c_frontend_tests,c_test_wide_float_global_initializers,62,1,128,128,0,1324280,1324152,128,0,0
fixture,c_frontend_tests,c_test_wide_float_global_initializers,62,2,64,64,0,11984,11920,64,0,0
fixture,c_frontend_tests,c_test_aggregate_constant_bytes,63,0,3907,3907,0,3907,0,3907,0,1
fixture,c_frontend_tests,c_test_aggregate_constant_bytes,63,1,128,128,0,1320666,1320538,128,0,0
fixture,c_frontend_tests,c_test_aggregate_constant_bytes,63,2,64,64,0,35648,35584,64,0,0
fixture,c_frontend_tests,c_test_wide_float_global_rejections,64,0,3907,3907,0,3907,0,3907,0,1
fixture,c_frontend_tests,c_test_wide_float_global_rejections,64,1,128,128,0,1228592,1228464,128,0,0
fixture,c_frontend_tests,c_test_wide_float_global_rejections,64,2,64,64,0,18520,18456,64,0,0
fixture,c_frontend_tests,c_test_wide_float_android_rejection,65,0,3907,3907,0,3907,0,3907,0,1
fixture,c_frontend_tests,c_test_wide_float_android_rejection,65,1,128,128,0,1170680,1170552,128,0,0
fixture,c_frontend_tests,c_test_wide_float_android_rejection,65,2,64,64,0,9808,9744,64,0,0
fixture,c_frontend_tests,c_test_wide_float_global_boundaries,66,0,3907,3907,0,3907,0,3907,0,1
fixture,c_frontend_tests,c_test_wide_float_global_boundaries,66,1,128,128,0,1233808,1233680,128,0,0
fixture,c_frontend_tests,c_test_wide_float_global_boundaries,66,2,64,64,0,10264,10200,64,0,0
fixture,c_frontend_tests,c_test_wide_float_global_braces,67,0,3907,3907,0,3907,0,3907,0,1
fixture,c_frontend_tests,c_test_wide_float_global_braces,67,1,128,128,0,1178656,1178528,128,0,0
fixture,c_frontend_tests,c_test_wide_float_global_braces,67,2,64,64,0,9856,9792,64,0,0
fixture,c_frontend_tests,c_test_wide_float_global_folding,68,0,3907,3907,0,3907,0,3907,0,1
fixture,c_frontend_tests,c_test_wide_float_global_folding,68,1,128,128,0,1278152,1278024,128,0,0
fixture,c_frontend_tests,c_test_wide_float_global_folding,68,2,64,64,0,17232,17168,64,0,0
fixture,c_frontend_tests,c_test_float_integer_constants,69,0,3907,3907,0,3907,0,3907,0,1
fixture,c_frontend_tests,c_test_float_integer_constants,69,1,128,128,0,1171193,1171065,128,0,0
fixture,c_frontend_tests,c_test_float_integer_constants,69,2,64,64,0,25920,25856,64,0,0
fixture,c_frontend_tests,c_test_integer_spelling_consistency,70,0,3907,3907,0,3907,0,3907,0,1
fixture,c_frontend_tests,c_test_integer_spelling_consistency,70,1,128,128,0,1806908,1806780,128,0,0
fixture,c_frontend_tests,c_test_integer_spelling_consistency,70,2,64,64,0,15040,14976,64,0,0
fixture,c_frontend_tests,c_test_constant_entity_lookup,71,0,3907,3907,0,3907,0,3907,0,1
fixture,c_frontend_tests,c_test_constant_entity_lookup,71,1,128,128,0,2448108,2447980,128,0,0
fixture,c_frontend_tests,c_test_constant_entity_lookup,71,2,64,64,0,13662,13598,64,0,0
fixture,c_frontend_tests,c_test_static_range_designators,72,0,3907,3907,0,3907,0,3907,0,1
fixture,c_frontend_tests,c_test_static_range_designators,72,1,128,128,0,2688245,2688117,128,0,0
fixture,c_frontend_tests,c_test_static_range_designators,72,2,64,64,0,38112,38048,64,0,0
fixture,c_frontend_tests,c_test_member_search_scratch,73,0,3907,3907,0,3907,0,3907,0,1
fixture,c_frontend_tests,c_test_member_search_scratch,73,1,128,128,0,542720,542592,128,0,0
fixture,c_frontend_tests,c_test_member_search_scratch,73,2,64,64,0,64,0,64,0,0
fixture,c_frontend_tests,c_test_u64_initializer_slots,74,0,3907,3907,0,3907,0,3907,0,1
fixture,c_frontend_tests,c_test_u64_initializer_slots,74,1,128,128,0,128,0,128,0,0
fixture,c_frontend_tests,c_test_u64_initializer_slots,74,2,64,64,0,64,0,64,0,0
fixture,c_frontend_tests,c_test_parse_storage_growth,75,0,3907,3907,0,3907,0,3907,0,1
fixture,c_frontend_tests,c_test_parse_storage_growth,75,1,128,128,0,4724264,4724136,128,0,0
fixture,c_frontend_tests,c_test_parse_storage_growth,75,2,64,64,0,86464,86400,64,0,0
fixture,c_frontend_tests,c_test_fresh_binding_publication,76,0,3907,3907,0,3907,0,3907,0,1
fixture,c_frontend_tests,c_test_fresh_binding_publication,76,1,128,128,0,1165160,1165032,128,0,0
fixture,c_frontend_tests,c_test_fresh_binding_publication,76,2,64,64,0,3136,3072,64,0,0
fixture,c_frontend_tests,c_test_aggregate_lookup_growth,77,0,3907,3907,0,3907,0,3907,0,1
fixture,c_frontend_tests,c_test_aggregate_lookup_growth,77,1,128,128,0,9185480,9185352,128,0,0
fixture,c_frontend_tests,c_test_aggregate_lookup_growth,77,2,64,64,0,2128,2064,64,0,0
fixture,c_frontend_tests,c_test_aggregate_lookup_identity,78,0,3907,3907,0,3907,0,3907,0,1
fixture,c_frontend_tests,c_test_aggregate_lookup_identity,78,1,128,128,0,6528,6400,128,0,0
fixture,c_frontend_tests,c_test_aggregate_lookup_identity,78,2,64,64,0,64,0,64,0,0
fixture,c_frontend_tests,c_test_aggregate_lookup_frontend,79,0,3907,3907,0,3907,0,3907,0,1
fixture,c_frontend_tests,c_test_aggregate_lookup_frontend,79,1,128,128,0,37238176,37238048,128,0,0
fixture,c_frontend_tests,c_test_aggregate_lookup_frontend,79,2,64,64,0,309168,309104,64,0,0
fixture,c_frontend_tests,c_test_type_parse_rollback_growth,80,0,3907,3907,0,3907,0,3907,0,1
fixture,c_frontend_tests,c_test_type_parse_rollback_growth,80,1,128,128,0,606056,605928,128,0,0
fixture,c_frontend_tests,c_test_type_parse_rollback_growth,80,2,64,64,0,3136,3072,64,0,0
fixture,c_frontend_tests,c_test_aggregate_corrections,81,0,3907,3907,0,3907,0,3907,0,1
fixture,c_frontend_tests,c_test_aggregate_corrections,81,1,128,128,0,1670780,1670652,128,0,0
fixture,c_frontend_tests,c_test_aggregate_corrections,81,2,64,64,0,51264,51200,64,0,0
fixture,c_frontend_tests,c_test_brace_designators,82,0,3907,3907,0,3907,0,3907,0,1
fixture,c_frontend_tests,c_test_brace_designators,82,1,128,128,0,1279556,1279428,128,0,0
fixture,c_frontend_tests,c_test_brace_designators,82,2,64,64,0,35416,35352,64,0,0
fixture,c_frontend_tests,c_test_c23_attribute_positions,83,0,3907,3907,0,3907,0,3907,0,1
fixture,c_frontend_tests,c_test_c23_attribute_positions,83,1,128,128,0,1506556,1506428,128,0,0
fixture,c_frontend_tests,c_test_c23_attribute_positions,83,2,64,64,0,53840,53776,64,0,0
fixture,c_frontend_tests,c_test_c23_attribute_noreturn,84,0,3907,3907,0,3907,0,3907,0,1
fixture,c_frontend_tests,c_test_c23_attribute_noreturn,84,1,128,128,0,1239160,1239032,128,0,0
fixture,c_frontend_tests,c_test_c23_attribute_noreturn,84,2,64,64,0,12784,12720,64,0,0
fixture,c_frontend_tests,c_test_c23_empty_initializers,85,0,3907,3907,0,3907,0,3907,0,1
fixture,c_frontend_tests,c_test_c23_empty_initializers,85,1,128,128,0,1235160,1235032,128,0,0
fixture,c_frontend_tests,c_test_c23_empty_initializers,85,2,64,64,0,18488,18424,64,0,0
fixture,c_frontend_tests,c_test_initializer_separators,86,0,3907,3907,0,3907,0,3907,0,1
fixture,c_frontend_tests,c_test_initializer_separators,86,1,128,128,0,1242686,1242558,128,0,0
fixture,c_frontend_tests,c_test_initializer_separators,86,2,64,64,0,14184,14120,64,0,0
fixture,c_frontend_tests,c_test_ambiguous_promoted_ir,87,0,3907,3907,0,3907,0,3907,0,1
fixture,c_frontend_tests,c_test_ambiguous_promoted_ir,87,1,128,128,0,1177856,1177728,128,0,0
fixture,c_frontend_tests,c_test_ambiguous_promoted_ir,87,2,64,64,0,15384,15320,64,0,0
fixture,c_frontend_tests,c_test_ambiguous_promoted_parse,88,0,3907,3907,0,3907,0,3907,0,1
fixture,c_frontend_tests,c_test_ambiguous_promoted_parse,88,1,128,128,0,1162824,1162696,128,0,0
fixture,c_frontend_tests,c_test_ambiguous_promoted_parse,88,2,64,64,0,3136,3072,64,0,0
fixture,c_frontend_tests,c_test_invalid_union_initializer,89,0,3907,3907,0,3907,0,3907,0,1
fixture,c_frontend_tests,c_test_invalid_union_initializer,89,1,128,128,0,1170425,1170297,128,0,0
fixture,c_frontend_tests,c_test_invalid_union_initializer,89,2,64,64,0,12160,12096,64,0,0
fixture,c_frontend_tests,c_test_deferred_assert_positive,90,0,3907,3907,0,3907,0,3907,0,1
fixture,c_frontend_tests,c_test_deferred_assert_positive,90,1,128,128,0,1192888,1192760,128,0,0
fixture,c_frontend_tests,c_test_deferred_assert_positive,90,2,64,64,0,16856,16792,64,0,0
fixture,c_frontend_tests,c_test_deferred_assert_false,91,0,3907,3907,0,3907,0,3907,0,1
fixture,c_frontend_tests,c_test_deferred_assert_false,91,1,128,128,0,1174081,1173953,128,0,0
fixture,c_frontend_tests,c_test_deferred_assert_false,91,2,64,64,0,16784,16720,64,0,0
fixture,c_frontend_tests,c_test_deferred_assert_nonconstant,92,0,3907,3907,0,3907,0,3907,0,1
fixture,c_frontend_tests,c_test_deferred_assert_nonconstant,92,1,128,128,0,1186246,1186118,128,0,0
fixture,c_frontend_tests,c_test_deferred_assert_nonconstant,92,2,64,64,0,16856,16792,64,0,0
fixture,c_frontend_tests,c_test_local_tls,93,0,3907,3907,0,3907,0,3907,0,1
fixture,c_frontend_tests,c_test_local_tls,93,1,128,128,0,1193216,1193088,128,0,0
fixture,c_frontend_tests,c_test_local_tls,93,2,64,64,0,18320,18256,64,0,0
fixture,c_frontend_tests,c_test_invalid_local_static_initializer,94,0,3907,3907,0,3907,0,3907,0,1
fixture,c_frontend_tests,c_test_invalid_local_static_initializer,94,1,128,128,0,1215832,1215704,128,0,0
fixture,c_frontend_tests,c_test_invalid_local_static_initializer,94,2,64,64,0,16160,16096,64,0,0
fixture,c_frontend_tests,c_test_invalid_designators,95,0,3907,3907,0,3907,0,3907,0,1
fixture,c_frontend_tests,c_test_invalid_designators,95,1,128,128,0,1276731,1276603,128,0,0
fixture,c_frontend_tests,c_test_invalid_designators,95,2,64,64,0,17832,17768,64,0,0
fixture,c_frontend_tests,c_test_invalid_root_designators,96,0,3907,3907,0,3907,0,3907,0,1
fixture,c_frontend_tests,c_test_invalid_root_designators,96,1,128,128,0,1206104,1205976,128,0,0
fixture,c_frontend_tests,c_test_invalid_root_designators,96,2,64,64,0,16224,16160,64,0,0
fixture,c_frontend_tests,c_test_unnamed_initializer_places,97,0,3907,3907,0,3907,0,3907,0,1
fixture,c_frontend_tests,c_test_unnamed_initializer_places,97,1,128,128,0,1199236,1199108,128,0,0
fixture,c_frontend_tests,c_test_unnamed_initializer_places,97,2,64,64,0,19776,19712,64,0,0
fixture,c_frontend_tests,c_test_static_compound_literal,98,0,3907,3907,0,3907,0,3907,0,1
fixture,c_frontend_tests,c_test_static_compound_literal,98,1,128,128,0,1519184,1519056,128,0,0
fixture,c_frontend_tests,c_test_static_compound_literal,98,2,64,64,0,27144,27080,64,0,0
fixture,c_frontend_tests,c_test_invalid_block_tls,99,0,3907,3907,0,3907,0,3907,0,1
fixture,c_frontend_tests,c_test_invalid_block_tls,99,1,128,128,0,1149116,1148988,128,0,0
fixture,c_frontend_tests,c_test_invalid_block_tls,99,2,64,64,0,3040,2976,64,0,0
fixture,c_frontend_tests,c_test_repeated_incomplete_arrays,100,0,3907,3907,0,3907,0,3907,0,1
fixture,c_frontend_tests,c_test_repeated_incomplete_arrays,100,1,128,128,0,1263376,1263248,128,0,0
fixture,c_frontend_tests,c_test_repeated_incomplete_arrays,100,2,64,64,0,29368,29304,64,0,0
fixture,c_frontend_tests,c_test_packed_and_aligned_layout,101,0,3907,3907,0,3907,0,3907,0,1
fixture,c_frontend_tests,c_test_packed_and_aligned_layout,101,1,128,128,0,1834031,1833903,128,0,0
fixture,c_frontend_tests,c_test_packed_and_aligned_layout,101,2,64,64,0,17168,17104,64,0,0
fixture,c_frontend_tests,c_test_parameter_local_alignment,102,0,3907,3907,0,3907,0,3907,0,1
fixture,c_frontend_tests,c_test_parameter_local_alignment,102,1,128,128,0,1223872,1223744,128,0,0
fixture,c_frontend_tests,c_test_parameter_local_alignment,102,2,64,64,0,15720,15656,64,0,0
fixture,c_frontend_tests,c_test_qualified_parameter_values,103,0,3907,4142,235,4142,235,3907,0,1
fixture,c_frontend_tests,c_test_qualified_parameter_values,103,1,128,128,0,1226528,1226400,128,0,0
fixture,c_frontend_tests,c_test_qualified_parameter_values,103,2,64,64,0,20664,20600,64,0,0
fixture,c_frontend_tests,c_test_qualified_compound_values,104,0,3907,3907,0,3907,0,3907,0,1
fixture,c_frontend_tests,c_test_qualified_compound_values,104,1,128,128,0,1188872,1188744,128,0,0
fixture,c_frontend_tests,c_test_qualified_compound_values,104,2,64,64,0,16288,16224,64,0,0
module,c_frontend_tests,body,0,0,3848,3907,59,33878748,33874900,3848,0,1
module,c_frontend_tests,body,0,1,128,128,0,52502912,52502784,128,0,0
module,c_frontend_tests,body,0,2,64,64,0,4280968,4280904,64,0,0
module,metamorphic_tests,body,0,0,3848,4266,418,2634044,2630196,3848,0,1
module,metamorphic_tests,body,0,1,128,128,0,3200,3072,128,0,0
module,metamorphic_tests,body,0,2,64,64,0,640,576,64,0,0
module,aarch64_encoding_tests,body,0,0,3848,12884,9036,12884,9036,3848,0,1
module,aarch64_encoding_tests,body,0,1,128,128,0,128,0,128,0,0
module,aarch64_encoding_tests,body,0,2,64,64,0,64,0,64,0,0
module,aarch64_exact_bridge_tests,body,0,0,3848,3848,0,3848,0,3848,0,1
module,aarch64_exact_bridge_tests,body,0,1,128,128,0,128,0,128,0,0
module,aarch64_exact_bridge_tests,body,0,2,64,64,0,64,0,64,0,0
module,aarch64_control_semantics_tests,body,0,0,3848,3848,0,3848,0,3848,0,1
module,aarch64_control_semantics_tests,body,0,1,128,128,0,128,0,128,0,0
module,aarch64_control_semantics_tests,body,0,2,64,64,0,64,0,64,0,0
module,aarch64_system_registers_tests,body,0,0,3848,3860,12,3860,12,3848,0,1
module,aarch64_system_registers_tests,body,0,1,128,128,0,128,0,128,0,0
module,aarch64_system_registers_tests,body,0,2,64,64,0,64,0,64,0,0
module,aarch64_semantics_tests,body,0,0,3848,3848,0,3848,0,3848,0,1
module,aarch64_semantics_tests,body,0,1,128,128,0,128,0,128,0,0
module,aarch64_semantics_tests,body,0,2,64,64,0,64,0,64,0,0
module,aarch64_system_semantics_tests,body,0,0,3848,3848,0,3848,0,3848,0,1
module,aarch64_system_semantics_tests,body,0,1,128,128,0,128,0,128,0,0
module,aarch64_system_semantics_tests,body,0,2,64,64,0,64,0,64,0,0
module,aarch64_syntax_tests,body,0,0,3848,3848,0,3848,0,3848,0,1
module,aarch64_syntax_tests,body,0,1,128,128,0,128,0,128,0,0
module,aarch64_syntax_tests,body,0,2,64,64,0,64,0,64,0,0
module,aarch64_semantic_vm_tests,body,0,0,3848,3848,0,3848,0,3848,0,1
module,aarch64_semantic_vm_tests,body,0,1,128,128,0,128,0,128,0,0
module,aarch64_semantic_vm_tests,body,0,2,64,64,0,64,0,64,0,0
module,aarch64_direct_simd_tests,body,0,0,64,64,0,64,0,64,0,1
module,aarch64_direct_simd_tests,body,0,1,128,128,0,128,0,128,0,0
module,aarch64_direct_simd_tests,body,0,2,64,64,0,64,0,64,0,0
module,aarch64_complex_simd_tests,body,0,0,64,64,0,64,0,64,0,1
module,aarch64_complex_simd_tests,body,0,1,128,128,0,128,0,128,0,0
module,aarch64_complex_simd_tests,body,0,2,64,64,0,64,0,64,0,0
module,aarch64_memory_semantics_tests,body,0,0,64,64,0,64,0,64,0,1
module,aarch64_memory_semantics_tests,body,0,1,128,128,0,128,0,128,0,0
module,aarch64_memory_semantics_tests,body,0,2,64,64,0,64,0,64,0,0
module,aarch64_alias_projection_tests,body,0,0,3848,3848,0,3848,0,3848,0,1
module,aarch64_alias_projection_tests,body,0,1,128,128,0,128,0,128,0,0
module,aarch64_alias_projection_tests,body,0,2,64,64,0,64,0,64,0,0
module,assembly_tests,body,0,0,3848,7347674,7343826,7347674,7343826,3848,0,1
module,assembly_tests,body,0,1,128,128,0,429888,429760,128,0,0
module,assembly_tests,body,0,2,64,64,0,64,0,64,0,0
module,x86_64_forwarding_tests,body,0,0,3848,9784,5936,9784,5936,3848,0,1
module,x86_64_forwarding_tests,body,0,1,128,128,0,144,16,128,0,0
module,x86_64_forwarding_tests,body,0,2,64,64,0,64,0,64,0,0
module,x86_64_metadata_tests,body,0,0,3848,10785754,10781906,10785754,10781906,3848,0,1
module,x86_64_metadata_tests,body,0,1,128,128,0,15296,15168,128,0,0
module,x86_64_metadata_tests,body,0,2,64,64,0,64,0,64,0,0
module,x86_64_tls_tests,body,0,0,3848,3848,0,3848,0,3848,0,1
module,x86_64_tls_tests,body,0,1,128,128,0,128,0,128,0,0
module,x86_64_tls_tests,body,0,2,64,64,0,64,0,64,0,0
module,executable_padding_tests,body,0,0,3848,3848,0,3848,0,3848,0,1
module,executable_padding_tests,body,0,1,128,128,0,128,0,128,0,0
module,executable_padding_tests,body,0,2,64,64,0,64,0,64,0,0
module,x86_64_got_tests,body,0,0,3848,3848,0,3848,0,3848,0,1
module,x86_64_got_tests,body,0,1,128,128,0,128,0,128,0,0
module,x86_64_got_tests,body,0,2,64,64,0,64,0,64,0,0
module,x86_64_completion_census_tests,body,0,0,3848,60424778,60420930,60424778,60420930,3848,0,1
module,x86_64_completion_census_tests,body,0,1,128,128,0,15296,15168,128,0,0
module,x86_64_completion_census_tests,body,0,2,64,64,0,64,0,64,0,0
module,ir_tests,body,0,0,3848,1455728,1451880,7921192,7917344,3848,0,1
module,ir_tests,body,0,1,128,128,0,3337664,3337536,128,0,0
module,ir_tests,body,0,2,64,64,0,393784,393720,64,0,0
module,vector_contract_tests,body,0,0,3848,3848,0,3848,0,3848,0,1
module,vector_contract_tests,body,0,1,128,128,0,1876800,1876672,128,0,0
module,vector_contract_tests,body,0,2,64,64,0,249052,248988,64,0,0
module,llvm_bitcode_tests,body,0,0,3848,124358,120510,124358,120510,3848,0,1
module,llvm_bitcode_tests,body,0,1,128,128,0,2375323,2375195,128,0,0
module,llvm_bitcode_tests,body,0,2,64,64,0,223472,223408,64,0,0
module,machine_selection_tests,body,0,0,3848,11946403,11942555,11946403,11942555,3848,0,1
module,machine_selection_tests,body,0,1,128,128,0,20984,20856,128,0,0
module,machine_selection_tests,body,0,2,64,64,0,64,0,64,0,0
fixture,machine_tests,machine_test_quality_traffic,0,0,3848,3848,0,3848,0,3848,0,1
fixture,machine_tests,machine_test_quality_traffic,0,1,128,128,0,128,0,128,0,0
fixture,machine_tests,machine_test_quality_traffic,0,2,64,64,0,64,0,64,0,0
fixture,machine_tests,machine_test_predicate_widths,1,0,3848,564612,560764,564612,560764,3848,0,1
fixture,machine_tests,machine_test_predicate_widths,1,1,128,128,0,98656,98528,128,0,0
fixture,machine_tests,machine_test_predicate_widths,1,2,64,64,0,64,0,64,0,0
fixture,machine_tests,machine_test_predicate_edges,2,0,3848,469984,466136,469984,466136,3848,0,1
fixture,machine_tests,machine_test_predicate_edges,2,1,128,128,0,98960,98832,128,0,0
fixture,machine_tests,machine_test_predicate_edges,2,2,64,64,0,64,0,64,0,0
fixture,machine_tests,machine_test_predicate_source,3,0,3848,4726,878,4726,878,3848,0,1
fixture,machine_tests,machine_test_predicate_source,3,1,128,128,0,1833880,1833752,128,0,0
fixture,machine_tests,machine_test_predicate_source,3,2,64,64,0,85388,85324,64,0,0
fixture,machine_tests,machine_test_predicate_bank,4,0,3848,633136,629288,633136,629288,3848,0,1
fixture,machine_tests,machine_test_predicate_bank,4,1,128,128,0,100416,100288,128,0,0
fixture,machine_tests,machine_test_predicate_bank,4,2,64,64,0,64,0,64,0,0
fixture,machine_tests,machine_test_win64_wide,5,0,3848,5903,2055,5903,2055,3848,0,1
fixture,machine_tests,machine_test_win64_wide,5,1,128,128,0,2283115,2282987,128,0,0
fixture,machine_tests,machine_test_win64_wide,5,2,64,64,0,293640,293576,64,0,0
fixture,machine_tests,machine_test_win64_aligned,6,0,3848,8361,4513,8361,4513,3848,0,1
fixture,machine_tests,machine_test_win64_aligned,6,1,128,128,0,2600186,2600058,128,0,0
fixture,machine_tests,machine_test_win64_aligned,6,2,64,64,0,299592,299528,64,0,0
fixture,machine_tests,machine_test_win64_vector,7,0,3848,7505,3657,7505,3657,3848,0,1
fixture,machine_tests,machine_test_win64_vector,7,1,128,128,0,2340032,2339904,128,0,0
fixture,machine_tests,machine_test_win64_vector,7,2,64,64,0,203152,203088,64,0,0
fixture,machine_tests,machine_test_native_aggregate,8,0,3848,8326,4478,8326,4478,3848,0,1
fixture,machine_tests,machine_test_native_aggregate,8,1,128,128,0,3783890,3783762,128,0,0
fixture,machine_tests,machine_test_native_aggregate,8,2,64,64,0,343096,343032,64,0,0
fixture,machine_tests,machine_test_f80,9,0,3848,22563,18715,22563,18715,3848,0,1
fixture,machine_tests,machine_test_f80,9,1,128,128,0,4847680,4847552,128,0,0
fixture,machine_tests,machine_test_f80,9,2,64,64,0,322088,322024,64,0,0
fixture,machine_tests,machine_test_native_variadic,10,0,3848,39293,35445,39293,35445,3848,0,1
fixture,machine_tests,machine_test_native_variadic,10,1,128,128,0,10955146,10955018,128,0,0
fixture,machine_tests,machine_test_native_variadic,10,2,64,64,0,887052,886988,64,0,0
fixture,machine_tests,machine_test_aarch64_call_relocations,11,0,3848,3848,0,3848,0,3848,0,1
fixture,machine_tests,machine_test_aarch64_call_relocations,11,1,128,128,0,128,0,128,0,0
fixture,machine_tests,machine_test_aarch64_call_relocations,11,2,64,64,0,64,0,64,0,0
fixture,machine_tests,machine_test_cpu_queries,12,0,3848,6694,2846,6694,2846,3848,0,1
fixture,machine_tests,machine_test_cpu_queries,12,1,128,128,0,2336448,2336320,128,0,0
fixture,machine_tests,machine_test_cpu_queries,12,2,64,64,0,109144,109080,64,0,0
fixture,machine_tests,machine_test_compiler_barrier,13,0,3848,11158,7310,11158,7310,3848,0,1
fixture,machine_tests,machine_test_compiler_barrier,13,1,128,128,0,1900892,1900764,128,0,0
fixture,machine_tests,machine_test_compiler_barrier,13,2,64,64,0,20320,20256,64,0,0
fixture,machine_tests,machine_test_a64_atomic_pair_updates,14,0,3848,8168,4320,8168,4320,3848,0,1
fixture,machine_tests,machine_test_a64_atomic_pair_updates,14,1,128,128,0,1364056,1363928,128,0,0
fixture,machine_tests,machine_test_a64_atomic_pair_updates,14,2,64,64,0,19896,19832,64,0,0
fixture,machine_tests,machine_test_inline_assembly_goto,15,0,3848,5679,1831,5679,1831,3848,0,1
fixture,machine_tests,machine_test_inline_assembly_goto,15,1,128,128,0,2432744,2432616,128,0,0
fixture,machine_tests,machine_test_inline_assembly_goto,15,2,64,64,0,39736,39672,64,0,0
fixture,machine_tests,machine_test_inline_hints,16,0,3848,4583,735,4583,735,3848,0,1
fixture,machine_tests,machine_test_inline_hints,16,1,128,128,0,1564916,1564788,128,0,0
fixture,machine_tests,machine_test_inline_hints,16,2,64,64,0,26144,26080,64,0,0
fixture,machine_tests,machine_test_clear_instruction_cache,17,0,3848,4517,669,4517,669,3848,0,1
fixture,machine_tests,machine_test_clear_instruction_cache,17,1,128,128,0,1687136,1687008,128,0,0
fixture,machine_tests,machine_test_clear_instruction_cache,17,2,64,64,0,132580,132516,64,0,0
fixture,machine_tests,machine_test_unsigned_switch,18,0,3848,4751,903,4751,903,3848,0,1
fixture,machine_tests,machine_test_unsigned_switch,18,1,128,128,0,1878224,1878096,128,0,0
fixture,machine_tests,machine_test_unsigned_switch,18,2,64,64,0,205316,205252,64,0,0
fixture,machine_tests,machine_test_disconnected_dominance,19,0,3848,3848,0,3848,0,3848,0,1
fixture,machine_tests,machine_test_disconnected_dominance,19,1,128,128,0,620,492,128,0,0
fixture,machine_tests,machine_test_disconnected_dominance,19,2,64,64,0,64,0,64,0,0
fixture,machine_tests,machine_test_i128_block_parameters,20,0,3848,6717,2869,6717,2869,3848,0,1
fixture,machine_tests,machine_test_i128_block_parameters,20,1,128,128,0,3183820,3183692,128,0,0
fixture,machine_tests,machine_test_i128_block_parameters,20,2,64,64,0,147944,147880,64,0,0
fixture,machine_tests,machine_test_pointer_block_parameters,21,0,3848,3848,0,3848,0,3848,0,1
fixture,machine_tests,machine_test_pointer_block_parameters,21,1,128,128,0,2352050,2351922,128,0,0
fixture,machine_tests,machine_test_pointer_block_parameters,21,2,64,64,0,277820,277756,64,0,0
fixture,machine_tests,machine_test_parameter_edge_split,22,0,3848,3848,0,1118092,1114244,3848,0,1
fixture,machine_tests,machine_test_parameter_edge_split,22,1,128,128,0,128,0,128,0,0
fixture,machine_tests,machine_test_parameter_edge_split,22,2,64,64,0,64,0,64,0,0
fixture,machine_tests,machine_test_fast_edge_index,23,0,3848,3848,0,307976,304128,3848,0,1
fixture,machine_tests,machine_test_fast_edge_index,23,1,128,128,0,128,0,128,0,0
fixture,machine_tests,machine_test_fast_edge_index,23,2,64,64,0,64,0,64,0,0
fixture,machine_tests,machine_test_x64_dynamic_stack,24,0,3848,5337,1489,5337,1489,3848,0,1
fixture,machine_tests,machine_test_x64_dynamic_stack,24,1,128,128,0,2331360,2331232,128,0,0
fixture,machine_tests,machine_test_x64_dynamic_stack,24,2,64,64,0,273280,273216,64,0,0
fixture,machine_tests,machine_test_x64_i128_complement,25,0,3848,5927,2079,5927,2079,3848,0,1
fixture,machine_tests,machine_test_x64_i128_complement,25,1,128,128,0,1846664,1846536,128,0,0
fixture,machine_tests,machine_test_x64_i128_complement,25,2,64,64,0,90080,90016,64,0,0
fixture,machine_tests,machine_test_prepared_movabs,26,0,103000,103000,0,103000,0,103000,0,1
fixture,machine_tests,machine_test_prepared_movabs,26,1,128,128,0,128,0,128,0,0
fixture,machine_tests,machine_test_prepared_movabs,26,2,64,64,0,64,0,64,0,0
fixture,machine_tests,machine_test_stack_aliases,27,0,19271704,44804344,25532640,44804344,25532640,19271704,0,1
fixture,machine_tests,machine_test_stack_aliases,27,1,128,128,0,7274916,7274788,128,0,0
fixture,machine_tests,machine_test_stack_aliases,27,2,64,64,0,664280,664216,64,0,0
module,machine_tests,body,0,0,3848,72731664,72727816,72731664,72727816,3848,0,1
module,machine_tests,body,0,1,128,128,0,10955146,10955018,128,0,0
module,machine_tests,body,0,2,64,64,0,887052,886988,64,0,0
module,codegen_tests,body,0,0,3848,25226308,25222460,25226308,25222460,3848,0,1
module,codegen_tests,body,0,1,128,128,0,4641552,4641424,128,0,0
module,codegen_tests,body,0,2,64,64,0,1279536,1279472,64,0,0
module,aarch64_stride_tests,body,0,0,3848,9223900,9220052,9223900,9220052,3848,0,1
module,aarch64_stride_tests,body,0,1,128,128,0,13552,13424,128,0,0
module,aarch64_stride_tests,body,0,2,64,64,0,64,0,64,0,0
module,debug_model_tests,body,0,0,3848,9320,5472,1841468,1837620,3848,0,1
module,debug_model_tests,body,0,1,128,128,0,128,0,128,0,0
module,debug_model_tests,body,0,2,64,64,0,64,0,64,0,0
module,dwarf_tests,body,0,0,3848,134952,131104,134952,131104,3848,0,1
module,dwarf_tests,body,0,1,128,128,0,128,0,128,0,0
module,dwarf_tests,body,0,2,64,64,0,64,0,64,0,0
module,codeview_tests,body,0,0,3848,2701008,2697160,2701008,2697160,3848,0,1
module,codeview_tests,body,0,1,128,128,0,194,66,128,0,0
module,codeview_tests,body,0,2,64,64,0,64,0,64,0,0
module,pdb_tests,body,0,0,3848,7680779,7676931,7680779,7676931,3848,0,1
module,pdb_tests,body,0,1,128,128,0,128,0,128,0,0
module,pdb_tests,body,0,2,64,64,0,64,0,64,0,0
module,object_tests,body,0,0,3848,4893392,4889544,4916725,4912877,3848,0,1
module,object_tests,body,0,1,128,128,0,33424,33296,128,0,0
module,object_tests,body,0,2,64,64,0,64,0,64,0,0
module,jit_tests,body,0,0,3848,3848,0,3848,0,3848,0,1
module,jit_tests,body,0,1,128,128,0,156,28,128,0,0
module,jit_tests,body,0,2,64,64,0,64,0,64,0,0
module,link_tests,body,0,0,3848,7702824,7698976,7702824,7698976,3848,0,1
module,link_tests,body,0,1,128,128,0,4198040,4197912,128,0,0
module,link_tests,body,0,2,64,64,0,376,312,64,0,0
module,gpu_pipeline_tests,body,0,0,3848,51792,47944,51792,47944,3848,0,1
module,gpu_pipeline_tests,body,0,1,128,128,0,128,0,128,0,0
module,gpu_pipeline_tests,body,0,2,64,64,0,64,0,64,0,0
module,compiler_diagnostic_tests,body,0,0,3848,4784199,4780351,4784199,4780351,3848,0,1
module,compiler_diagnostic_tests,body,0,1,128,128,0,6900,6772,128,0,0
module,compiler_diagnostic_tests,body,0,2,64,64,0,64,0,64,0,0
fixture,compiler_driver_tests,compiler_driver_test_include_population,0,0,3848,12713,8865,12713,8865,3848,0,1
fixture,compiler_driver_tests,compiler_driver_test_include_population,0,1,128,128,0,128,0,128,0,0
fixture,compiler_driver_tests,compiler_driver_test_include_population,0,2,64,64,0,64,0,64,0,0
fixture,compiler_driver_tests,compiler_driver_archive_tests,1,0,3848,60297,56449,186116,182268,3848,0,1
fixture,compiler_driver_tests,compiler_driver_archive_tests,1,1,128,128,0,1424,1296,128,0,0
fixture,compiler_driver_tests,compiler_driver_archive_tests,1,2,64,64,0,64,0,64,0,0
fixture,compiler_driver_tests,compiler_driver_test_fast,2,0,3848,7472,3624,2003568,1999720,3848,0,1
fixture,compiler_driver_tests,compiler_driver_test_fast,2,1,128,128,0,286480,286352,128,0,0
fixture,compiler_driver_tests,compiler_driver_test_fast,2,2,64,64,0,115777,115713,64,0,0
fixture,compiler_driver_tests,compiler_driver_test_validation_values,3,0,3848,3848,0,3848,0,3848,0,1
fixture,compiler_driver_tests,compiler_driver_test_validation_values,3,1,128,128,0,2644239,2644111,128,0,0
fixture,compiler_driver_tests,compiler_driver_test_validation_values,3,2,64,64,0,327024,326960,64,0,0
fixture,compiler_driver_tests,compiler_driver_test_pic_argument_policy,4,0,3848,3848,0,6152,2304,3848,0,1
fixture,compiler_driver_tests,compiler_driver_test_pic_argument_policy,4,1,128,128,0,128,0,128,0,0
fixture,compiler_driver_tests,compiler_driver_test_pic_argument_policy,4,2,64,64,0,64,0,64,0,0
fixture,compiler_driver_tests,compiler_driver_test_bootstrap_trace,5,0,3848,3848,0,3848,0,3848,0,1
fixture,compiler_driver_tests,compiler_driver_test_bootstrap_trace,5,1,128,128,0,6385721,6385593,128,0,0
fixture,compiler_driver_tests,compiler_driver_test_bootstrap_trace,5,2,64,64,0,83068,83004,64,0,0
fixture,compiler_driver_tests,compiler_driver_test_parameter_alignment,6,0,3848,3848,0,3848,0,3848,0,1
fixture,compiler_driver_tests,compiler_driver_test_parameter_alignment,6,1,128,128,0,7889589,7889461,128,0,0
fixture,compiler_driver_tests,compiler_driver_test_parameter_alignment,6,2,64,64,0,307720,307656,64,0,0
fixture,compiler_driver_tests,compiler_driver_test_vla_row_address,7,0,3848,3848,0,3848,0,3848,0,1
fixture,compiler_driver_tests,compiler_driver_test_vla_row_address,7,1,128,128,0,8189877,8189749,128,0,0
fixture,compiler_driver_tests,compiler_driver_test_vla_row_address,7,2,64,64,0,350516,350452,64,0,0
fixture,compiler_driver_tests,compiler_driver_test_x64_dynamic_stack,8,0,3848,3848,0,3848,0,3848,0,1
fixture,compiler_driver_tests,compiler_driver_test_x64_dynamic_stack,8,1,128,128,0,3875281,3875153,128,0,0
fixture,compiler_driver_tests,compiler_driver_test_x64_dynamic_stack,8,2,64,64,0,264192,264128,64,0,0
fixture,compiler_driver_tests,compiler_driver_test_native_i128_divide,9,0,3848,3848,0,3848,0,3848,0,1
fixture,compiler_driver_tests,compiler_driver_test_native_i128_divide,9,1,128,128,0,6367027,6366899,128,0,0
fixture,compiler_driver_tests,compiler_driver_test_native_i128_divide,9,2,64,64,0,808188,808124,64,0,0
fixture,compiler_driver_tests,compiler_driver_test_i128_block_parameters,10,0,3848,3848,0,3848,0,3848,0,1
fixture,compiler_driver_tests,compiler_driver_test_i128_block_parameters,10,1,128,128,0,4937881,4937753,128,0,0
fixture,compiler_driver_tests,compiler_driver_test_i128_block_parameters,10,2,64,64,0,394340,394276,64,0,0
fixture,compiler_driver_tests,compiler_driver_test_aarch64_i128_to_float,11,0,3848,3848,0,3848,0,3848,0,1
fixture,compiler_driver_tests,compiler_driver_test_aarch64_i128_to_float,11,1,128,128,0,2590826,2590698,128,0,0
fixture,compiler_driver_tests,compiler_driver_test_aarch64_i128_to_float,11,2,64,64,0,376644,376580,64,0,0
fixture,compiler_driver_tests,compiler_driver_test_wasm_integers,12,0,3848,2638541,2634693,2638541,2634693,3848,0,1
fixture,compiler_driver_tests,compiler_driver_test_wasm_integers,12,1,128,128,0,23616,23488,128,0,0
fixture,compiler_driver_tests,compiler_driver_test_wasm_integers,12,2,64,64,0,448,384,64,0,0
fixture,compiler_driver_tests,compiler_driver_test_aarch64_float_to_i128,13,0,3848,3848,0,3848,0,3848,0,1
fixture,compiler_driver_tests,compiler_driver_test_aarch64_float_to_i128,13,1,128,128,0,2331777,2331649,128,0,0
fixture,compiler_driver_tests,compiler_driver_test_aarch64_float_to_i128,13,2,64,64,0,347508,347444,64,0,0
fixture,compiler_driver_tests,compiler_driver_test_native_tls,14,0,3848,3848,0,3848,0,3848,0,1
fixture,compiler_driver_tests,compiler_driver_test_native_tls,14,1,128,128,0,1903955,1903827,128,0,0
fixture,compiler_driver_tests,compiler_driver_test_native_tls,14,2,64,64,0,213712,213648,64,0,0
fixture,compiler_driver_tests,compiler_driver_test_x86_64_i128_complement,15,0,3848,3848,0,3848,0,3848,0,1
fixture,compiler_driver_tests,compiler_driver_test_x86_64_i128_complement,15,1,128,128,0,4114757,4114629,128,0,0
fixture,compiler_driver_tests,compiler_driver_test_x86_64_i128_complement,15,2,64,64,0,295112,295048,64,0,0
fixture,compiler_driver_tests,compiler_driver_test_machine_fallback,16,0,3848,66691,62843,66691,62843,3848,0,1
fixture,compiler_driver_tests,compiler_driver_test_machine_fallback,16,1,128,128,0,16289025,16288897,128,0,0
fixture,compiler_driver_tests,compiler_driver_test_machine_fallback,16,2,64,64,0,3277384,3277320,64,0,0
fixture,compiler_driver_tests,compiler_driver_test_many_native_arguments,17,0,3848,3958,110,3958,110,3848,0,1
fixture,compiler_driver_tests,compiler_driver_test_many_native_arguments,17,1,128,128,0,31345160,31345032,128,0,0
fixture,compiler_driver_tests,compiler_driver_test_many_native_arguments,17,2,64,64,0,5318016,5317952,64,0,0
fixture,compiler_driver_tests,compiler_driver_test_aarch64_dynamic_calls,18,0,3848,3848,0,3848,0,3848,0,1
fixture,compiler_driver_tests,compiler_driver_test_aarch64_dynamic_calls,18,1,128,128,0,2743368,2743240,128,0,0
fixture,compiler_driver_tests,compiler_driver_test_aarch64_dynamic_calls,18,2,64,64,0,330068,330004,64,0,0
fixture,compiler_driver_tests,compiler_driver_test_aarch64_platform_variadic,19,0,3848,3848,0,3848,0,3848,0,1
fixture,compiler_driver_tests,compiler_driver_test_aarch64_platform_variadic,19,1,128,128,0,3045778,3045650,128,0,0
fixture,compiler_driver_tests,compiler_driver_test_aarch64_platform_variadic,19,2,64,64,0,330260,330196,64,0,0
fixture,compiler_driver_tests,compiler_driver_test_x64_frame_vectors,20,0,3848,3956,108,3956,108,3848,0,1
fixture,compiler_driver_tests,compiler_driver_test_x64_frame_vectors,20,1,128,128,0,2865763,2865635,128,0,0
fixture,compiler_driver_tests,compiler_driver_test_x64_frame_vectors,20,2,64,64,0,672712,672648,64,0,0
fixture,compiler_driver_tests,compiler_driver_test_sysv_sseup,21,0,3848,3949,101,3949,101,3848,0,1
fixture,compiler_driver_tests,compiler_driver_test_sysv_sseup,21,1,128,128,0,2067855,2067727,128,0,0
fixture,compiler_driver_tests,compiler_driver_test_sysv_sseup,21,2,64,64,0,241728,241664,64,0,0
fixture,compiler_driver_tests,compiler_driver_test_sysv_aligned_calls,22,0,3848,3848,0,3848,0,3848,0,1
fixture,compiler_driver_tests,compiler_driver_test_sysv_aligned_calls,22,1,128,128,0,2468136,2468008,128,0,0
fixture,compiler_driver_tests,compiler_driver_test_sysv_aligned_calls,22,2,64,64,0,274096,274032,64,0,0
fixture,compiler_driver_tests,compiler_driver_test_windows_large_frame,23,0,3848,3848,0,3848,0,3848,0,1
fixture,compiler_driver_tests,compiler_driver_test_windows_large_frame,23,1,128,128,0,1558037,1557909,128,0,0
fixture,compiler_driver_tests,compiler_driver_test_windows_large_frame,23,2,64,64,0,306836,306772,64,0,0
fixture,compiler_driver_tests,compiler_driver_test_windows_arm64_unwind,24,0,3848,3848,0,3848,0,3848,0,1
fixture,compiler_driver_tests,compiler_driver_test_windows_arm64_unwind,24,1,128,128,0,4514253,4514125,128,0,0
fixture,compiler_driver_tests,compiler_driver_test_windows_arm64_unwind,24,2,64,64,0,1156356,1156292,64,0,0
fixture,compiler_driver_tests,compiler_driver_test_codeview_limit,25,0,3848,3848,0,3848,0,3848,0,1
fixture,compiler_driver_tests,compiler_driver_test_codeview_limit,25,1,128,128,0,14515965,14515837,128,0,0
fixture,compiler_driver_tests,compiler_driver_test_codeview_limit,25,2,64,64,0,70768,70704,64,0,0
fixture,compiler_driver_tests,compiler_driver_test_elf_link_boundaries,26,0,3848,3848,0,3848,0,3848,0,1
fixture,compiler_driver_tests,compiler_driver_test_elf_link_boundaries,26,1,128,128,0,6345840,6345712,128,0,0
fixture,compiler_driver_tests,compiler_driver_test_elf_link_boundaries,26,2,64,64,0,208760,208696,64,0,0
fixture,compiler_driver_tests,compiler_driver_test_unit_batches,27,0,3848,3848,0,3848,0,3848,0,1
fixture,compiler_driver_tests,compiler_driver_test_unit_batches,27,1,128,128,0,3905307,3905179,128,0,0
fixture,compiler_driver_tests,compiler_driver_test_unit_batches,27,2,64,64,0,188860,188796,64,0,0
fixture,compiler_driver_tests,prewarm,28,0,3848,3848,0,4248,400,3848,0,1
fixture,compiler_driver_tests,prewarm,28,1,128,128,0,13384,13256,128,0,0
fixture,compiler_driver_tests,prewarm,28,2,64,64,0,64,0,64,0,0
fixture,compiler_driver_tests,llvm_integer_output,29,0,3848,1331734,1327886,1331734,1327886,3848,0,1
fixture,compiler_driver_tests,llvm_integer_output,29,1,128,128,0,40072,39944,128,0,0
fixture,compiler_driver_tests,llvm_integer_output,29,2,64,64,0,64,0,64,0,0
fixture,compiler_driver_tests,wasm64_output,30,0,3848,1332517,1328669,1332517,1328669,3848,0,1
fixture,compiler_driver_tests,wasm64_output,30,1,128,128,0,18424,18296,128,0,0
fixture,compiler_driver_tests,wasm64_output,30,2,64,64,0,64,0,64,0,0
fixture,compiler_driver_tests,wasm64_alignment_output,31,0,3848,4761889,4758041,4761889,4758041,3848,0,1
fixture,compiler_driver_tests,wasm64_alignment_output,31,1,128,128,0,59320,59192,128,0,0
fixture,compiler_driver_tests,wasm64_alignment_output,31,2,64,64,0,64,0,64,0,0
fixture,compiler_driver_tests,wasm64_integer_output,32,0,3848,16074583,16070735,16074583,16070735,3848,0,1
fixture,compiler_driver_tests,wasm64_integer_output,32,1,128,128,0,2420202,2420074,128,0,0
fixture,compiler_driver_tests,wasm64_integer_output,32,2,64,64,0,66132,66068,64,0,0
fixture,compiler_driver_tests,assembly_output_path,33,0,3848,1382477,1378629,1382477,1378629,3848,0,1
fixture,compiler_driver_tests,assembly_output_path,33,1,128,128,0,117248,117120,128,0,0
fixture,compiler_driver_tests,assembly_output_path,33,2,64,64,0,120,56,64,0,0
fixture,compiler_driver_tests,compiler_driver_allocation_lifetimes,35,0,11680,11680,0,11680,0,11680,0,1
fixture,compiler_driver_tests,compiler_driver_allocation_lifetimes,35,1,128,128,0,3675631,3675503,128,0,0
fixture,compiler_driver_tests,compiler_driver_allocation_lifetimes,35,2,64,64,0,274792,274728,64,0,0
fixture,compiler_driver_tests,retired_buster_path,34,0,3848,11680,7832,1431846,1427998,3848,0,1
fixture,compiler_driver_tests,retired_buster_path,34,1,128,128,0,24095703,24095575,128,0,0
fixture,compiler_driver_tests,retired_buster_path,34,2,64,64,0,808188,808124,64,0,0
fixture,compiler_driver_tests,c_executable_path,36,0,3848,7401952,7398104,7401952,7398104,3848,0,1
fixture,compiler_driver_tests,c_executable_path,36,1,128,128,0,345312,345184,128,0,0
fixture,compiler_driver_tests,c_executable_path,36,2,64,64,0,5968,5904,64,0,0
fixture,compiler_driver_tests,c_static_local_executable_path,37,0,3848,3224348,3220500,3224348,3220500,3848,0,1
fixture,compiler_driver_tests,c_static_local_executable_path,37,1,128,128,0,230248,230120,128,0,0
fixture,compiler_driver_tests,c_static_local_executable_path,37,2,64,64,0,3808,3744,64,0,0
fixture,compiler_driver_tests,c_static_aggregate_executable_path,38,0,3848,9831112,9827264,9831112,9827264,3848,0,1
fixture,compiler_driver_tests,c_static_aggregate_executable_path,38,1,128,128,0,199904,199776,128,0,0
fixture,compiler_driver_tests,c_static_aggregate_executable_path,38,2,64,64,0,1168,1104,64,0,0
fixture,compiler_driver_tests,c_auto_type_executable_path,39,0,3848,1687464,1683616,1687464,1683616,3848,0,1
fixture,compiler_driver_tests,c_auto_type_executable_path,39,1,128,128,0,206864,206736,128,0,0
fixture,compiler_driver_tests,c_auto_type_executable_path,39,2,64,64,0,604,540,64,0,0
fixture,compiler_driver_tests,c_cleanup_executable_path,40,0,3848,3435520,3431672,3435520,3431672,3848,0,1
fixture,compiler_driver_tests,c_cleanup_executable_path,40,1,128,128,0,290424,290296,128,0,0
fixture,compiler_driver_tests,c_cleanup_executable_path,40,2,64,64,0,1084,1020,64,0,0
fixture,compiler_driver_tests,c_case_range_executable_path,41,0,3848,1901496,1897648,1901496,1897648,3848,0,1
fixture,compiler_driver_tests,c_case_range_executable_path,41,1,128,128,0,175160,175032,128,0,0
fixture,compiler_driver_tests,c_case_range_executable_path,41,2,64,64,0,704,640,64,0,0
fixture,compiler_driver_tests,c_switch_case_label_executable_path,42,0,3848,2294224,2290376,2294224,2290376,3848,0,1
fixture,compiler_driver_tests,c_switch_case_label_executable_path,42,1,128,128,0,201984,201856,128,0,0
fixture,compiler_driver_tests,c_switch_case_label_executable_path,42,2,64,64,0,1544,1480,64,0,0
fixture,compiler_driver_tests,c_doom_shapes_executable_path,43,0,3848,192816,188968,192816,188968,3848,0,1
fixture,compiler_driver_tests,c_doom_shapes_executable_path,43,1,128,128,0,233448,233320,128,0,0
fixture,compiler_driver_tests,c_doom_shapes_executable_path,43,2,64,64,0,1952,1888,64,0,0
fixture,compiler_driver_tests,c_wide_argument_executable_path,44,0,3848,14781720,14777872,14781720,14777872,3848,0,1
fixture,compiler_driver_tests,c_wide_argument_executable_path,44,1,128,128,0,1519176,1519048,128,0,0
fixture,compiler_driver_tests,c_wide_argument_executable_path,44,2,64,64,0,532933,532869,64,0,0
fixture,compiler_driver_tests,c_wide_vector_executable_path,45,0,3848,1945592,1941744,1945592,1941744,3848,0,1
fixture,compiler_driver_tests,c_wide_vector_executable_path,45,1,128,128,0,244424,244296,128,0,0
fixture,compiler_driver_tests,c_wide_vector_executable_path,45,2,64,64,0,532,468,64,0,0
fixture,compiler_driver_tests,c_narrow_abi_executable_path,46,0,3848,3017904,3014056,3017904,3014056,3848,0,1
fixture,compiler_driver_tests,c_narrow_abi_executable_path,46,1,128,128,0,234704,234576,128,0,0
fixture,compiler_driver_tests,c_narrow_abi_executable_path,46,2,64,64,0,1980,1916,64,0,0
fixture,compiler_driver_tests,c_sizeof_anonymous_path,47,0,3848,11240008,11236160,11240008,11236160,3848,0,1
fixture,compiler_driver_tests,c_sizeof_anonymous_path,47,1,128,128,0,2297116,2296988,128,0,0
fixture,compiler_driver_tests,c_sizeof_anonymous_path,47,2,64,64,0,173784,173720,64,0,0
fixture,compiler_driver_tests,c_infinite_loop_executable_path,48,0,3848,1607152,1603304,1607152,1603304,3848,0,1
fixture,compiler_driver_tests,c_infinite_loop_executable_path,48,1,128,128,0,167512,167384,128,0,0
fixture,compiler_driver_tests,c_infinite_loop_executable_path,48,2,64,64,0,252,188,64,0,0
fixture,compiler_driver_tests,c_artifact_executable_path,49,0,3848,2226760,2222912,2226760,2222912,3848,0,1
fixture,compiler_driver_tests,c_artifact_executable_path,49,1,128,128,0,37460807,37460679,128,0,0
fixture,compiler_driver_tests,c_artifact_executable_path,49,2,64,64,0,358524,358460,64,0,0
fixture,compiler_driver_tests,c_debug_path,50,0,3848,7402144,7398296,7402144,7398296,3848,0,1
fixture,compiler_driver_tests,c_debug_path,50,1,128,128,0,345312,345184,128,0,0
fixture,compiler_driver_tests,c_debug_path,50,2,64,64,0,5968,5904,64,0,0
fixture,compiler_driver_tests,string_concat_path,51,0,3848,2388152,2384304,2388152,2384304,3848,0,1
fixture,compiler_driver_tests,string_concat_path,51,1,128,128,0,269128,269000,128,0,0
fixture,compiler_driver_tests,string_concat_path,51,2,64,64,0,2912,2848,64,0,0
fixture,compiler_driver_tests,stringify_spacing_path,52,0,3848,2060584,2056736,2060584,2056736,3848,0,1
fixture,compiler_driver_tests,stringify_spacing_path,52,1,128,128,0,216416,216288,128,0,0
fixture,compiler_driver_tests,stringify_spacing_path,52,2,64,64,0,1884,1820,64,0,0
fixture,compiler_driver_tests,nullptr_path,53,0,3848,1889760,1885912,3643720,3639872,3848,0,1
fixture,compiler_driver_tests,nullptr_path,53,1,128,128,0,244000,243872,128,0,0
fixture,compiler_driver_tests,nullptr_path,53,2,64,64,0,960,896,64,0,0
fixture,compiler_driver_tests,c_dynamic_library_path,54,0,3848,205386,201538,205386,201538,3848,0,1
fixture,compiler_driver_tests,c_dynamic_library_path,54,1,128,128,0,200272,200144,128,0,0
fixture,compiler_driver_tests,c_dynamic_library_path,54,2,64,64,0,120,56,64,0,0
fixture,compiler_driver_tests,c_missing_library_path,55,0,3848,147919,144071,147919,144071,3848,0,1
fixture,compiler_driver_tests,c_missing_library_path,55,1,128,128,0,200272,200144,128,0,0
fixture,compiler_driver_tests,c_missing_library_path,55,2,64,64,0,120,56,64,0,0
fixture,compiler_driver_tests,c_undefined_reference_source_path,56,0,3848,1369529,1365681,1369529,1365681,3848,0,1
fixture,compiler_driver_tests,c_undefined_reference_source_path,56,1,128,128,0,99416,99288,128,0,0
fixture,compiler_driver_tests,c_undefined_reference_source_path,56,2,64,64,0,80,16,64,0,0
fixture,compiler_driver_tests,c_function_pointer_path,57,0,3848,1492128,1488280,1492128,1488280,3848,0,1
fixture,compiler_driver_tests,c_function_pointer_path,57,1,128,128,0,4146547,4146419,128,0,0
fixture,compiler_driver_tests,c_function_pointer_path,57,2,64,64,0,231456,231392,64,0,0
fixture,compiler_driver_tests,c_float_limits_path,58,0,3848,1781648,1777800,1781648,1777800,3848,0,1
fixture,compiler_driver_tests,c_float_limits_path,58,1,128,128,0,178824,178696,128,0,0
fixture,compiler_driver_tests,c_float_limits_path,58,2,64,64,0,332,268,64,0,0
fixture,compiler_driver_tests,c_typeof_cast_member_path,59,0,3848,1554408,1550560,1554408,1550560,3848,0,1
fixture,compiler_driver_tests,c_typeof_cast_member_path,59,1,128,128,0,173576,173448,128,0,0
fixture,compiler_driver_tests,c_typeof_cast_member_path,59,2,64,64,0,192,128,64,0,0
fixture,compiler_driver_tests,c_call_member_call_path,60,0,3848,1682504,1678656,1682504,1678656,3848,0,1
fixture,compiler_driver_tests,c_call_member_call_path,60,1,128,128,0,160352,160224,128,0,0
fixture,compiler_driver_tests,c_call_member_call_path,60,2,64,64,0,284,220,64,0,0
fixture,compiler_driver_tests,c_function_type_parameter_path,61,0,3848,1514888,1511040,1514888,1511040,3848,0,1
fixture,compiler_driver_tests,c_function_type_parameter_path,61,1,128,128,0,152584,152456,128,0,0
fixture,compiler_driver_tests,c_function_type_parameter_path,61,2,64,64,0,180,116,64,0,0
fixture,compiler_driver_tests,c_block_scope_tag_path,62,0,3848,1656184,1652336,1656184,1652336,3848,0,1
fixture,compiler_driver_tests,c_block_scope_tag_path,62,1,128,128,0,137928,137800,128,0,0
fixture,compiler_driver_tests,c_block_scope_tag_path,62,2,64,64,0,204,140,64,0,0
fixture,compiler_driver_tests,c_local_suffix_attribute_path,63,0,3848,1596528,1592680,1596528,1592680,3848,0,1
fixture,compiler_driver_tests,c_local_suffix_attribute_path,63,1,128,128,0,190088,189960,128,0,0
fixture,compiler_driver_tests,c_local_suffix_attribute_path,63,2,64,64,0,184,120,64,0,0
fixture,compiler_driver_tests,c_comma_paste_path,64,0,3848,1530520,1526672,1530520,1526672,3848,0,1
fixture,compiler_driver_tests,c_comma_paste_path,64,1,128,128,0,155784,155656,128,0,0
fixture,compiler_driver_tests,c_comma_paste_path,64,2,64,64,0,260,196,64,0,0
fixture,compiler_driver_tests,c_atomic_path,65,0,3848,2284424,2280576,8601232,8597384,3848,0,1
fixture,compiler_driver_tests,c_atomic_path,65,1,128,128,0,229608,229480,128,0,0
fixture,compiler_driver_tests,c_atomic_path,65,2,64,64,0,1696,1632,64,0,0
fixture,compiler_driver_tests,c_generic_path,66,0,3848,1619632,1615784,1619632,1615784,3848,0,1
fixture,compiler_driver_tests,c_generic_path,66,1,128,128,0,204976,204848,128,0,0
fixture,compiler_driver_tests,c_generic_path,66,2,64,64,0,252,188,64,0,0
fixture,compiler_driver_tests,c_alignas_path,67,0,3848,2302096,2298248,2302096,2298248,3848,0,1
fixture,compiler_driver_tests,c_alignas_path,67,1,128,128,0,278000,277872,128,0,0
fixture,compiler_driver_tests,c_alignas_path,67,2,64,64,0,1472,1408,64,0,0
fixture,compiler_driver_tests,c_declarator_list_path,68,0,3848,1979152,1975304,1979152,1975304,3848,0,1
fixture,compiler_driver_tests,c_declarator_list_path,68,1,128,128,0,207944,207816,128,0,0
fixture,compiler_driver_tests,c_declarator_list_path,68,2,64,64,0,1132,1068,64,0,0
fixture,compiler_driver_tests,c_vla_path,69,0,3848,3765032,3761184,3765032,3761184,3848,0,1
fixture,compiler_driver_tests,c_vla_path,69,1,128,128,0,3493416,3493288,128,0,0
fixture,compiler_driver_tests,c_vla_path,69,2,64,64,0,265400,265336,64,0,0
fixture,compiler_driver_tests,c_aggregate_path,70,0,3848,3643896,3640048,3643896,3640048,3848,0,1
fixture,compiler_driver_tests,c_aggregate_path,70,1,128,128,0,264536,264408,128,0,0
fixture,compiler_driver_tests,c_aggregate_path,70,2,64,64,0,1216,1152,64,0,0
fixture,compiler_driver_tests,c_labels_path,71,0,3848,2655328,2651480,2655328,2651480,3848,0,1
fixture,compiler_driver_tests,c_labels_path,71,1,128,128,0,235600,235472,128,0,0
fixture,compiler_driver_tests,c_labels_path,71,2,64,64,0,1124,1060,64,0,0
fixture,compiler_driver_tests,c_invalid_labels_path,72,0,3848,1260995,1257147,1260995,1257147,3848,0,1
fixture,compiler_driver_tests,c_invalid_labels_path,72,1,128,128,0,27360,27232,128,0,0
fixture,compiler_driver_tests,c_invalid_labels_path,72,2,64,64,0,64,0,64,0,0
fixture,compiler_driver_tests,c_sizeof_missing_member_path,73,0,3848,1288104,1284256,1288104,1284256,3848,0,1
fixture,compiler_driver_tests,c_sizeof_missing_member_path,73,1,128,128,0,15576,15448,128,0,0
fixture,compiler_driver_tests,c_sizeof_missing_member_path,73,2,64,64,0,1216,1152,64,0,0
fixture,compiler_driver_tests,c_sizeof_paren_type_path,74,0,3848,1261106,1257258,1261106,1257258,3848,0,1
fixture,compiler_driver_tests,c_sizeof_paren_type_path,74,1,128,128,0,14568,14440,128,0,0
fixture,compiler_driver_tests,c_sizeof_paren_type_path,74,2,64,64,0,64,0,64,0,0
fixture,compiler_driver_tests,c_invalid_bit_field_width_path,75,0,3848,1258474,1254626,1258474,1254626,3848,0,1
fixture,compiler_driver_tests,c_invalid_bit_field_width_path,75,1,128,128,0,13240,13112,128,0,0
fixture,compiler_driver_tests,c_invalid_bit_field_width_path,75,2,64,64,0,64,0,64,0,0
fixture,compiler_driver_tests,c_labels_aarch64_path,76,0,3848,2486472,2482624,2486472,2482624,3848,0,1
fixture,compiler_driver_tests,c_labels_aarch64_path,76,1,128,128,0,15854480,15854352,128,0,0
fixture,compiler_driver_tests,c_labels_aarch64_path,76,2,64,64,0,1124,1060,64,0,0
fixture,compiler_driver_tests,c_labels_object_path,77,0,3848,2599416,2595568,2599416,2595568,3848,0,1
fixture,compiler_driver_tests,c_labels_object_path,77,1,128,128,0,235600,235472,128,0,0
fixture,compiler_driver_tests,c_labels_object_path,77,2,64,64,0,1124,1060,64,0,0
fixture,compiler_driver_tests,invalid_asm_jump_path,78,0,3848,35026307,35022459,35026307,35022459,3848,0,1
fixture,compiler_driver_tests,invalid_asm_jump_path,78,1,128,128,0,2405856,2405728,128,0,0
fixture,compiler_driver_tests,invalid_asm_jump_path,78,2,64,64,0,271596,271532,64,0,0
fixture,compiler_driver_tests,c_thread_local_path,79,0,3848,1422428,1418580,1422428,1418580,3848,0,1
fixture,compiler_driver_tests,c_thread_local_path,79,1,128,128,0,153416,153288,128,0,0
fixture,compiler_driver_tests,c_thread_local_path,79,2,64,64,0,212,148,64,0,0
fixture,compiler_driver_tests,c_thread_local_aarch64_path,80,0,3848,6642256,6638408,6642256,6638408,3848,0,1
fixture,compiler_driver_tests,c_thread_local_aarch64_path,80,1,128,128,0,191116,190988,128,0,0
fixture,compiler_driver_tests,c_thread_local_aarch64_path,80,2,64,64,0,212,148,64,0,0
fixture,compiler_driver_tests,c_float_abi_path,81,0,3848,2618992,2615144,2618992,2615144,3848,0,1
fixture,compiler_driver_tests,c_float_abi_path,81,1,128,128,0,212680,212552,128,0,0
fixture,compiler_driver_tests,c_float_abi_path,81,2,64,64,0,1024,960,64,0,0
fixture,compiler_driver_tests,c_abi_path,82,0,3848,6097,2249,6097,2249,3848,0,1
fixture,compiler_driver_tests,c_abi_path,82,1,128,128,0,4170279,4170151,128,0,0
fixture,compiler_driver_tests,c_abi_path,82,2,64,64,0,552552,552488,64,0,0
fixture,compiler_driver_tests,c_vector_path,83,0,3848,42142016,42138168,42142016,42138168,3848,0,1
fixture,compiler_driver_tests,c_vector_path,83,1,128,128,0,717284,717156,128,0,0
fixture,compiler_driver_tests,c_vector_path,83,2,64,64,0,7660,7596,64,0,0
fixture,compiler_driver_tests,c_vector_initializer_path,84,0,3848,27319122,27315274,27319122,27315274,3848,0,1
fixture,compiler_driver_tests,c_vector_initializer_path,84,1,128,128,0,426208,426080,128,0,0
fixture,compiler_driver_tests,c_vector_initializer_path,84,2,64,64,0,3124,3060,64,0,0
fixture,compiler_driver_tests,c_extern_incomplete_path,85,0,3848,170048,166200,170048,166200,3848,0,1
fixture,compiler_driver_tests,c_extern_incomplete_path,85,1,128,128,0,179312,179184,128,0,0
fixture,compiler_driver_tests,c_extern_incomplete_path,85,2,64,64,0,824,760,64,0,0
fixture,compiler_driver_tests,c_static_array_parameter_path,86,0,3848,171856,168008,171856,168008,3848,0,1
fixture,compiler_driver_tests,c_static_array_parameter_path,86,1,128,128,0,11339604,11339476,128,0,0
fixture,compiler_driver_tests,c_static_array_parameter_path,86,2,64,64,0,322568,322504,64,0,0
fixture,compiler_driver_tests,c_simd_path,87,0,3848,7643888,7640040,7643888,7640040,3848,0,1
fixture,compiler_driver_tests,c_simd_path,87,1,128,128,0,1317440,1317312,128,0,0
fixture,compiler_driver_tests,c_simd_path,87,2,64,64,0,8364,8300,64,0,0
fixture,compiler_driver_tests,c_simd_avx512_path,88,0,3848,3952,104,3952,104,3848,0,1
fixture,compiler_driver_tests,c_simd_avx512_path,88,1,128,128,0,1317440,1317312,128,0,0
fixture,compiler_driver_tests,c_simd_avx512_path,88,2,64,64,0,8364,8300,64,0,0
fixture,compiler_driver_tests,c_simd_baseline_path,89,0,3848,22130535,22126687,22130535,22126687,3848,0,1
fixture,compiler_driver_tests,c_simd_baseline_path,89,1,128,128,0,99092,98964,128,0,0
fixture,compiler_driver_tests,c_simd_baseline_path,89,2,64,64,0,72,8,64,0,0
fixture,compiler_driver_tests,c_conversions_path,90,0,3848,1842152,1838304,1842152,1838304,3848,0,1
fixture,compiler_driver_tests,c_conversions_path,90,1,128,128,0,188400,188272,128,0,0
fixture,compiler_driver_tests,c_conversions_path,90,2,64,64,0,592,528,64,0,0
fixture,compiler_driver_tests,c_conditional_operand_path,91,0,3848,3599424,3595576,3599424,3595576,3848,0,1
fixture,compiler_driver_tests,c_conditional_operand_path,91,1,128,128,0,239104,238976,128,0,0
fixture,compiler_driver_tests,c_conditional_operand_path,91,2,64,64,0,1880,1816,64,0,0
fixture,compiler_driver_tests,c_conditional_assignment_path,92,0,3848,1644656,1640808,1644656,1640808,3848,0,1
fixture,compiler_driver_tests,c_conditional_assignment_path,92,1,128,128,0,210920,210792,128,0,0
fixture,compiler_driver_tests,c_conditional_assignment_path,92,2,64,64,0,1168,1104,64,0,0
fixture,compiler_driver_tests,c_enum_prototype_path,93,0,3848,1464144,1460296,1464144,1460296,3848,0,1
fixture,compiler_driver_tests,c_enum_prototype_path,93,1,128,128,0,150656,150528,128,0,0
fixture,compiler_driver_tests,c_enum_prototype_path,93,2,64,64,0,140,76,64,0,0
fixture,compiler_driver_tests,c_array_arrow_path,94,0,3848,1633552,1629704,1633552,1629704,3848,0,1
fixture,compiler_driver_tests,c_array_arrow_path,94,1,128,128,0,221168,221040,128,0,0
fixture,compiler_driver_tests,c_array_arrow_path,94,2,64,64,0,324,260,64,0,0
fixture,compiler_driver_tests,c_array_cast_path,95,0,3848,1435096,1431248,1435096,1431248,3848,0,1
fixture,compiler_driver_tests,c_array_cast_path,95,1,128,128,0,191104,190976,128,0,0
fixture,compiler_driver_tests,c_array_cast_path,95,2,64,64,0,216,152,64,0,0
fixture,compiler_driver_tests,c_prefix_increment_path,96,0,3848,1462776,1458928,1462776,1458928,3848,0,1
fixture,compiler_driver_tests,c_prefix_increment_path,96,1,128,128,0,222576,222448,128,0,0
fixture,compiler_driver_tests,c_prefix_increment_path,96,2,64,64,0,212,148,64,0,0
fixture,compiler_driver_tests,c_zlib_regressions_path,97,0,3848,1927506,1923658,1927506,1923658,3848,0,1
fixture,compiler_driver_tests,c_zlib_regressions_path,97,1,128,128,0,224200,224072,128,0,0
fixture,compiler_driver_tests,c_zlib_regressions_path,97,2,64,64,0,1792,1728,64,0,0
fixture,compiler_driver_tests,c_stb_regressions_path,98,0,3848,2258800,2254952,2258800,2254952,3848,0,1
fixture,compiler_driver_tests,c_stb_regressions_path,98,1,128,128,0,241080,240952,128,0,0
fixture,compiler_driver_tests,c_stb_regressions_path,98,2,64,64,0,2176,2112,64,0,0
fixture,compiler_driver_tests,c_builtin_math_path,99,0,3848,24488231,24484383,24488231,24484383,3848,0,1
fixture,compiler_driver_tests,c_builtin_math_path,99,1,128,128,0,97253969,97253841,128,0,0
fixture,compiler_driver_tests,c_builtin_math_path,99,2,64,64,0,3275848,3275784,64,0,0
fixture,compiler_driver_tests,c_float_literal_path,100,0,3848,5562992,5559144,5562992,5559144,3848,0,1
fixture,compiler_driver_tests,c_float_literal_path,100,1,128,128,0,188128,188000,128,0,0
fixture,compiler_driver_tests,c_float_literal_path,100,2,64,64,0,1696,1632,64,0,0
fixture,compiler_driver_tests,c_static_float_literal_path,101,0,3848,6085464,6081616,6085464,6081616,3848,0,1
fixture,compiler_driver_tests,c_static_float_literal_path,101,1,128,128,0,265712,265584,128,0,0
fixture,compiler_driver_tests,c_static_float_literal_path,101,2,64,64,0,1696,1632,64,0,0
fixture,compiler_driver_tests,c_void_assignment_path,102,0,3848,18161632,18157784,21659336,21655488,3848,0,1
fixture,compiler_driver_tests,c_void_assignment_path,102,1,128,128,0,416160,416032,128,0,0
fixture,compiler_driver_tests,c_void_assignment_path,102,2,64,64,0,180584,180520,64,0,0
fixture,compiler_driver_tests,c_negative_constant_widening_path,103,0,3848,2163640,2159792,2163640,2159792,3848,0,1
fixture,compiler_driver_tests,c_negative_constant_widening_path,103,1,128,128,0,260864,260736,128,0,0
fixture,compiler_driver_tests,c_negative_constant_widening_path,103,2,64,64,0,1260,1196,64,0,0
fixture,compiler_driver_tests,c_call_abi_path,104,0,3848,2494840,2490992,2494840,2490992,3848,0,1
fixture,compiler_driver_tests,c_call_abi_path,104,1,128,128,0,195720,195592,128,0,0
fixture,compiler_driver_tests,c_call_abi_path,104,2,64,64,0,744,680,64,0,0
fixture,compiler_driver_tests,c_unprototyped_path,105,0,3848,3598408,3594560,3598408,3594560,3848,0,1
fixture,compiler_driver_tests,c_unprototyped_path,105,1,128,128,0,245136,245008,128,0,0
fixture,compiler_driver_tests,c_unprototyped_path,105,2,64,64,0,724,660,64,0,0
fixture,compiler_driver_tests,c_float_abi_aarch64_path,106,0,3848,2527464,2523616,2527464,2523616,3848,0,1
fixture,compiler_driver_tests,c_float_abi_aarch64_path,106,1,128,128,0,261776,261648,128,0,0
fixture,compiler_driver_tests,c_float_abi_aarch64_path,106,2,64,64,0,992,928,64,0,0
fixture,compiler_driver_tests,c_float_abi_windows_path,107,0,3848,2558588,2554740,2558588,2554740,3848,0,1
fixture,compiler_driver_tests,c_float_abi_windows_path,107,1,128,128,0,88869237,88869109,128,0,0
fixture,compiler_driver_tests,c_float_abi_windows_path,107,2,64,64,0,3142792,3142728,64,0,0
module,compiler_driver_tests,body,0,0,3848,3848,0,42142016,42138168,3848,0,1
module,compiler_driver_tests,body,0,1,128,128,0,97253969,97253841,128,0,0
module,compiler_driver_tests,body,0,2,64,64,0,5318016,5317952,64,0,0
module,compiler_driver_object_path_tests,body,0,0,3848,6004,2156,9440,5592,3848,0,1
module,compiler_driver_object_path_tests,body,0,1,128,128,0,66196,66068,128,0,0
module,compiler_driver_object_path_tests,body,0,2,64,64,0,72,8,64,0,0
module,x86_64_tests,body,0,0,3848,3848,0,3848,0,3848,0,1
module,x86_64_tests,body,0,1,128,128,0,128,0,128,0,0
module,x86_64_tests,body,0,2,64,64,0,64,0,64,0,0
