kind,module,fixture,index,start,end,retained_bytes,high_water,peak_bytes,after,live_bytes,rewind,arena_slot
module,arena_tests,body,0,3848,4072,224,4072,224,3848,0,1,0
module,hash_tests,body,0,3848,3848,0,3848,0,3848,0,1,0
module,simd_tests,body,0,3848,3848,0,3848,0,3848,0,1,0
module,string_tests,body,0,3848,594652,590804,594652,590804,3848,0,1,0
module,os_tests,body,0,3848,5065,1217,528596,524748,3848,0,1,0
module,file_tests,body,0,3848,4033,185,266288,262440,3848,0,1,0
module,target_tests,body,0,3848,32308,28460,32308,28460,3848,0,1,0
fixture,c_frontend_tests,c_test_parser_body_frame_storage,0,3848,3848,0,3848,0,3848,0,0,0
fixture,c_frontend_tests,c_test_parser_diagnostic_storage,1,3848,3848,0,3848,0,3848,0,0,0
fixture,c_frontend_tests,c_test_constexpr_leaf_storage,2,3848,3848,0,3848,0,3848,0,0,0
fixture,c_frontend_tests,c_test_vla_row_places,3,3907,3907,0,3907,0,3907,0,0,0
fixture,c_frontend_tests,c_test_lexer_rewind_zeroed,4,3907,3907,0,3907,0,3907,0,0,0
fixture,c_frontend_tests,c_test_scope_interval_index,5,3907,3907,0,3907,0,3907,0,0,0
fixture,c_frontend_tests,c_test_initializer_relocation_orders,6,3907,3907,0,3907,0,3907,0,0,0
fixture,c_frontend_tests,c_test_frontend_lex_preprocess,7,3907,33878748,33874841,33878748,33874841,33878748,33874841,0,0
fixture,c_frontend_tests,c_test_preprocessor_short_circuit,8,33878748,33878748,0,33878748,0,33878748,0,0,0
fixture,c_frontend_tests,c_test_null_preprocessing_directives,9,33878748,33878748,0,33878748,0,33878748,0,0,0
fixture,c_frontend_tests,c_test_malformed_initializer_progress_and_identifier_uses,10,33878748,33878748,0,33878748,0,33878748,0,0,0
fixture,c_frontend_tests,c_test_frontend_lex_differential,11,33878748,33878748,0,37535240,3656492,33878748,0,0,0
fixture,c_frontend_tests,c_test_intern_scan_by_shape,12,33878748,36055520,2176772,36055520,2176772,36055520,2176772,0,0
fixture,c_frontend_tests,c_test_pp_class_masks,13,36055520,36894584,839064,36894584,839064,36894584,839064,0,0
fixture,c_frontend_tests,c_test_string_literal_decode_differential,14,36894584,36894584,0,37244582,349998,36894584,0,0,0
fixture,c_frontend_tests,c_test_position_index_tiles,15,36894584,43555956,6661372,43555956,6661372,43555956,6661372,0,0
fixture,c_frontend_tests,c_test_oversized_token_spellings,16,43555956,43555956,0,51560632,8004676,43555956,0,0,0
fixture,c_frontend_tests,c_test_frontend_source_metrics,17,43555956,44767384,1211428,44767384,1211428,44767384,1211428,0,0
fixture,c_frontend_tests,c_test_source_metrics_path_identity,18,44767384,44996760,229376,44996760,229376,44996760,229376,0,0
fixture,c_frontend_tests,c_test_frontend_semantic_basics,19,44996760,74324160,29327400,74324160,29327400,74324160,29327400,0,0
fixture,c_frontend_tests,c_test_typedef_fallback_lookup,20,74324160,74324160,0,74324160,0,74324160,0,0,0
fixture,c_frontend_tests,c_test_frontend_global_types,21,74324160,79190632,4866472,79190632,4866472,79190632,4866472,0,0
fixture,c_frontend_tests,c_test_global_array_sizeof_bound,22,79190632,79190632,0,79190632,0,79190632,0,0,0
fixture,c_frontend_tests,c_test_sizeof_constant_expression,23,79190632,79190632,0,79190632,0,79190632,0,0,0
fixture,c_frontend_tests,c_test_sizeof_function_type_name,24,79190632,79190632,0,79190632,0,79190632,0,0,0
fixture,c_frontend_tests,c_test_void_object_refusals,25,79190632,79190632,0,79190632,0,79190632,0,0,0
fixture,c_frontend_tests,c_test_declarator_ellipsis_depth,26,79190632,79190632,0,79190632,0,79190632,0,0,0
fixture,c_frontend_tests,c_test_unprototyped_call_arguments,27,79190632,79190632,0,79190632,0,79190632,0,0,0
fixture,c_frontend_tests,c_test_call_arity_diagnostics,28,79190632,79190632,0,79190632,0,79190632,0,0,0
fixture,c_frontend_tests,c_test_function_body_sizeof_expression,29,79190632,79190632,0,79190632,0,79190632,0,0,0
fixture,c_frontend_tests,c_test_frontend_control_flow,30,79190632,81526272,2335640,81526272,2335640,81526272,2335640,0,0
fixture,c_frontend_tests,c_test_direct_ssa,31,81526272,81526272,0,81526272,0,81526272,0,0,0
fixture,c_frontend_tests,c_test_for_declaration_scopes,32,81526272,81526272,0,81526272,0,81526272,0,0,0
fixture,c_frontend_tests,c_test_then_nested_conditionals,33,81526272,81526272,0,81526272,0,81526272,0,0,0
fixture,c_frontend_tests,c_test_conditional_type_prediction,34,81526272,81526272,0,81526272,0,81526272,0,0,0
fixture,c_frontend_tests,c_test_typeof_conditional_type,35,81526272,81526272,0,81526272,0,81526272,0,0,0
fixture,c_frontend_tests,c_test_typeof_expression_frames,36,81526272,81526272,0,81526272,0,81526272,0,0,0
fixture,c_frontend_tests,c_test_conditional_void_expression,37,81526272,81526272,0,81526272,0,81526272,0,0,0
fixture,c_frontend_tests,c_test_conditional_comma_assignment,38,81526272,81526272,0,81526272,0,81526272,0,0,0
fixture,c_frontend_tests,c_test_pointer_width_integer_conversion,39,81526272,81526272,0,81526272,0,81526272,0,0,0
fixture,c_frontend_tests,c_test_statement_expression_control_call,40,81526272,81526272,0,81526272,0,81526272,0,0,0
fixture,c_frontend_tests,c_test_statement_expression_nested_call,41,81526272,81526272,0,81526272,0,81526272,0,0,0
fixture,c_frontend_tests,c_test_statement_expression_control_value,42,81526272,81526272,0,81526272,0,81526272,0,0,0
fixture,c_frontend_tests,c_test_statement_expression_declaration_scope,43,81526272,81526272,0,81526272,0,81526272,0,0,0
fixture,c_frontend_tests,c_test_global_identifier_updates,44,81526272,81526272,0,81526272,0,81526272,0,0,0
fixture,c_frontend_tests,c_test_parenthesized_address_assignment_expression,45,81526272,81526272,0,81526272,0,81526272,0,0,0
fixture,c_frontend_tests,c_test_nested_offsetof_pointer_prediction,46,81526272,81526272,0,81526272,0,81526272,0,0,0
fixture,c_frontend_tests,c_test_casted_dereference_update,47,81526272,81526272,0,81526272,0,81526272,0,0,0
fixture,c_frontend_tests,c_test_parenthesized_function_declarations,48,81526272,81526272,0,81526272,0,81526272,0,0,0
fixture,c_frontend_tests,c_test_parenthesized_address_place_assignment,49,81526272,81526272,0,81526272,0,81526272,0,0,0
fixture,c_frontend_tests,c_test_va_list_identity_and_places,50,81526272,81526272,0,81526272,0,81526272,0,0,0
fixture,c_frontend_tests,c_test_frontend_vectors,51,81526272,81526272,0,81526272,0,81526272,0,0,0
fixture,c_frontend_tests,c_test_frontend_scratch_and_hardening,52,81526272,81526272,0,81526272,0,81526272,0,0,0
fixture,c_frontend_tests,c_test_inline_assembly_volatile_ir,53,81526272,81526272,0,81526272,0,81526272,0,0,0
fixture,c_frontend_tests,c_test_pasted_keyword_body_walk,54,81526272,81526272,0,81526272,0,81526272,0,0,0
fixture,c_frontend_tests,c_test_macro_task_batches,55,81526272,81526272,0,81526272,0,81526272,0,0,0
fixture,c_frontend_tests,c_test_frontend_vla_and_ir,56,81526272,81526272,0,81526272,0,81526272,0,0,0
fixture,c_frontend_tests,c_test_local_static_aggregates,57,81526272,81526272,0,81526272,0,81526272,0,0,0
fixture,c_frontend_tests,c_test_wide_float_function_signatures,58,81526272,81526272,0,81526272,0,81526272,0,0,0
fixture,c_frontend_tests,c_test_wide_float_signature_calls,59,81526272,81526272,0,81526272,0,81526272,0,0,0
fixture,c_frontend_tests,c_test_wide_float_cleanup_signature_calls,60,81526272,81526272,0,81526272,0,81526272,0,0,0
fixture,c_frontend_tests,c_test_wide_float_local_transport,61,81526272,81526272,0,81526272,0,81526272,0,0,0
fixture,c_frontend_tests,c_test_wide_float_global_initializers,62,81526272,81526272,0,81526272,0,81526272,0,0,0
fixture,c_frontend_tests,c_test_aggregate_constant_bytes,63,81526272,81526272,0,81526272,0,81526272,0,0,0
fixture,c_frontend_tests,c_test_wide_float_global_rejections,64,81526272,81526272,0,81526272,0,81526272,0,0,0
fixture,c_frontend_tests,c_test_wide_float_android_rejection,65,81526272,81526272,0,81526272,0,81526272,0,0,0
fixture,c_frontend_tests,c_test_wide_float_global_boundaries,66,81526272,81526272,0,81526272,0,81526272,0,0,0
fixture,c_frontend_tests,c_test_wide_float_global_braces,67,81526272,81526272,0,81526272,0,81526272,0,0,0
fixture,c_frontend_tests,c_test_wide_float_global_folding,68,81526272,81526272,0,81526272,0,81526272,0,0,0
fixture,c_frontend_tests,c_test_float_integer_constants,69,81526272,81526272,0,81526272,0,81526272,0,0,0
fixture,c_frontend_tests,c_test_integer_spelling_consistency,70,81526272,81526272,0,81526272,0,81526272,0,0,0
fixture,c_frontend_tests,c_test_constant_entity_lookup,71,81526272,81526272,0,81526272,0,81526272,0,0,0
fixture,c_frontend_tests,c_test_static_range_designators,72,81526272,81526272,0,81526272,0,81526272,0,0,0
fixture,c_frontend_tests,c_test_member_search_scratch,73,81526272,81526272,0,81526272,0,81526272,0,0,0
fixture,c_frontend_tests,c_test_u64_initializer_slots,74,81526272,81526272,0,81526272,0,81526272,0,0,0
fixture,c_frontend_tests,c_test_parse_storage_growth,75,81526272,81526272,0,81526272,0,81526272,0,0,0
fixture,c_frontend_tests,c_test_fresh_binding_publication,76,81526272,81526272,0,81526272,0,81526272,0,0,0
fixture,c_frontend_tests,c_test_aggregate_lookup_growth,77,81526272,81526272,0,81526272,0,81526272,0,0,0
fixture,c_frontend_tests,c_test_aggregate_lookup_identity,78,81526272,81526272,0,81526272,0,81526272,0,0,0
fixture,c_frontend_tests,c_test_aggregate_lookup_frontend,79,81526272,81526272,0,81526272,0,81526272,0,0,0
fixture,c_frontend_tests,c_test_type_parse_rollback_growth,80,81526272,81526272,0,81526272,0,81526272,0,0,0
fixture,c_frontend_tests,c_test_aggregate_corrections,81,81526272,81526272,0,81526272,0,81526272,0,0,0
fixture,c_frontend_tests,c_test_brace_designators,82,81526272,81526272,0,81526272,0,81526272,0,0,0
fixture,c_frontend_tests,c_test_c23_attribute_positions,83,81526272,81526272,0,81526272,0,81526272,0,0,0
fixture,c_frontend_tests,c_test_c23_attribute_noreturn,84,81526272,81526272,0,81526272,0,81526272,0,0,0
fixture,c_frontend_tests,c_test_c23_empty_initializers,85,81526272,81526272,0,81526272,0,81526272,0,0,0
fixture,c_frontend_tests,c_test_initializer_separators,86,81526272,81526272,0,81526272,0,81526272,0,0,0
fixture,c_frontend_tests,c_test_ambiguous_promoted_ir,87,81526272,81526272,0,81526272,0,81526272,0,0,0
fixture,c_frontend_tests,c_test_ambiguous_promoted_parse,88,81526272,81526272,0,81526272,0,81526272,0,0,0
fixture,c_frontend_tests,c_test_invalid_union_initializer,89,81526272,81526272,0,81526272,0,81526272,0,0,0
fixture,c_frontend_tests,c_test_deferred_assert_positive,90,81526272,81526272,0,81526272,0,81526272,0,0,0
fixture,c_frontend_tests,c_test_deferred_assert_false,91,81526272,81526272,0,81526272,0,81526272,0,0,0
fixture,c_frontend_tests,c_test_deferred_assert_nonconstant,92,81526272,81526272,0,81526272,0,81526272,0,0,0
fixture,c_frontend_tests,c_test_local_tls,93,81526272,81526272,0,81526272,0,81526272,0,0,0
fixture,c_frontend_tests,c_test_invalid_local_static_initializer,94,81526272,81526272,0,81526272,0,81526272,0,0,0
fixture,c_frontend_tests,c_test_invalid_designators,95,81526272,81526272,0,81526272,0,81526272,0,0,0
fixture,c_frontend_tests,c_test_invalid_root_designators,96,81526272,81526272,0,81526272,0,81526272,0,0,0
fixture,c_frontend_tests,c_test_unnamed_initializer_places,97,81526272,81526272,0,81526272,0,81526272,0,0,0
fixture,c_frontend_tests,c_test_static_compound_literal,98,81526272,81526272,0,81526272,0,81526272,0,0,0
fixture,c_frontend_tests,c_test_invalid_block_tls,99,81526272,81526272,0,81526272,0,81526272,0,0,0
fixture,c_frontend_tests,c_test_repeated_incomplete_arrays,100,81526272,81526272,0,81526272,0,81526272,0,0,0
fixture,c_frontend_tests,c_test_packed_and_aligned_layout,101,81526272,81526272,0,81526272,0,81526272,0,0,0
fixture,c_frontend_tests,c_test_parameter_local_alignment,102,81526272,81526272,0,81526272,0,81526272,0,0,0
fixture,c_frontend_tests,c_test_qualified_parameter_values,103,81526272,81526507,235,81526507,235,81526507,235,0,0
fixture,c_frontend_tests,c_test_qualified_compound_values,104,81526507,81526507,0,81526507,0,81526507,0,0,0
module,c_frontend_tests,body,0,3848,81526507,81522659,81526507,81522659,3848,0,1,0
module,metamorphic_tests,body,0,3848,4218,370,2634044,2630196,3848,0,1,0
module,aarch64_encoding_tests,body,0,3848,12884,9036,12884,9036,3848,0,1,0
module,aarch64_exact_bridge_tests,body,0,3848,3848,0,3848,0,3848,0,1,0
module,aarch64_control_semantics_tests,body,0,3848,3848,0,3848,0,3848,0,1,0
module,aarch64_system_registers_tests,body,0,3848,3860,12,3860,12,3848,0,1,0
module,aarch64_semantics_tests,body,0,3848,3848,0,3848,0,3848,0,1,0
module,aarch64_system_semantics_tests,body,0,3848,3848,0,3848,0,3848,0,1,0
module,aarch64_syntax_tests,body,0,3848,3848,0,3848,0,3848,0,1,0
module,aarch64_semantic_vm_tests,body,0,3848,3848,0,3848,0,3848,0,1,0
module,aarch64_direct_simd_tests,body,0,64,64,0,64,0,64,0,1,0
module,aarch64_complex_simd_tests,body,0,64,64,0,64,0,64,0,1,0
module,aarch64_memory_semantics_tests,body,0,64,64,0,64,0,64,0,1,0
module,aarch64_alias_projection_tests,body,0,3848,3848,0,3848,0,3848,0,1,0
module,assembly_tests,body,0,3848,7347674,7343826,7347674,7343826,3848,0,1,0
module,x86_64_forwarding_tests,body,0,3848,9784,5936,9784,5936,3848,0,1,0
module,x86_64_metadata_tests,body,0,3848,10785754,10781906,10785754,10781906,3848,0,1,0
module,x86_64_tls_tests,body,0,3848,3848,0,3848,0,3848,0,1,0
module,executable_padding_tests,body,0,3848,3848,0,3848,0,3848,0,1,0
module,x86_64_got_tests,body,0,3848,3848,0,3848,0,3848,0,1,0
module,x86_64_completion_census_tests,body,0,3848,60424778,60420930,60424778,60420930,3848,0,1,0
module,ir_tests,body,0,3848,1455728,1451880,7921192,7917344,3848,0,1,0
module,vector_contract_tests,body,0,3848,3848,0,3848,0,3848,0,1,0
module,llvm_bitcode_tests,body,0,3848,124358,120510,124358,120510,3848,0,1,0
module,machine_selection_tests,body,0,3848,11946403,11942555,11946403,11942555,3848,0,1,0
fixture,machine_tests,machine_test_quality_traffic,0,3848,3848,0,3848,0,3848,0,0,0
fixture,machine_tests,machine_test_predicate_widths,1,3848,564612,560764,564612,560764,564612,560764,0,0
fixture,machine_tests,machine_test_predicate_edges,2,564612,1030744,466132,1030744,466132,1030744,466132,0,0
fixture,machine_tests,machine_test_predicate_source,3,1030744,1031622,878,1031622,878,1031622,878,0,0
fixture,machine_tests,machine_test_predicate_bank,4,1031622,1660912,629290,1660912,629290,1660912,629290,0,0
fixture,machine_tests,machine_test_win64_wide,5,1660912,1662967,2055,1662967,2055,1662967,2055,0,0
fixture,machine_tests,machine_test_win64_aligned,6,1662967,1667480,4513,1667480,4513,1667480,4513,0,0
fixture,machine_tests,machine_test_win64_vector,7,1667480,1671137,3657,1671137,3657,1671137,3657,0,0
fixture,machine_tests,machine_test_native_aggregate,8,1671137,1675615,4478,1675615,4478,1675615,4478,0,0
fixture,machine_tests,machine_test_f80,9,1675615,1694330,18715,1694330,18715,1694330,18715,0,0
fixture,machine_tests,machine_test_native_variadic,10,1694330,1729775,35445,1729775,35445,1729775,35445,0,0
fixture,machine_tests,machine_test_aarch64_call_relocations,11,1729775,1729775,0,1729775,0,1729775,0,0,0
fixture,machine_tests,machine_test_cpu_queries,12,1729775,1732621,2846,1732621,2846,1732621,2846,0,0
fixture,machine_tests,machine_test_compiler_barrier,13,1732621,1739931,7310,1739931,7310,1739931,7310,0,0
fixture,machine_tests,machine_test_a64_atomic_pair_updates,14,1739931,1744251,4320,1744251,4320,1744251,4320,0,0
fixture,machine_tests,machine_test_inline_assembly_goto,15,1744251,1746082,1831,1746082,1831,1746082,1831,0,0
fixture,machine_tests,machine_test_inline_hints,16,1746082,1746817,735,1746817,735,1746817,735,0,0
fixture,machine_tests,machine_test_clear_instruction_cache,17,1746817,1747486,669,1747486,669,1747486,669,0,0
fixture,machine_tests,machine_test_unsigned_switch,18,1747486,1748389,903,1748389,903,1748389,903,0,0
fixture,machine_tests,machine_test_disconnected_dominance,19,1748389,1748389,0,1748389,0,1748389,0,0,0
fixture,machine_tests,machine_test_i128_block_parameters,20,1748389,1751258,2869,1751258,2869,1751258,2869,0,0
fixture,machine_tests,machine_test_pointer_block_parameters,21,1751258,1751258,0,1751258,0,1751258,0,0,0
fixture,machine_tests,machine_test_parameter_edge_split,22,1751258,1751258,0,2865508,1114250,1751258,0,0,0
fixture,machine_tests,machine_test_fast_edge_index,23,1751258,1751258,0,2055392,304134,1751258,0,0,0
fixture,machine_tests,machine_test_x64_dynamic_stack,24,1751258,1752747,1489,1752747,1489,1752747,1489,0,0
fixture,machine_tests,machine_test_x64_i128_complement,25,1752747,1754826,2079,1754826,2079,1754826,2079,0,0
fixture,machine_tests,machine_test_prepared_movabs,26,1853984,1853984,0,1853984,0,1853984,0,0,0
fixture,machine_tests,machine_test_stack_aliases,27,21022680,46555320,25532640,46555320,25532640,46555320,25532640,0,0
module,machine_tests,body,0,3848,100015280,100011432,100015280,100011432,3848,0,1,0
module,codegen_tests,body,0,3848,25226308,25222460,25226308,25222460,3848,0,1,0
module,aarch64_stride_tests,body,0,3848,9223900,9220052,9223900,9220052,3848,0,1,0
module,debug_model_tests,body,0,3848,9320,5472,1841468,1837620,3848,0,1,0
module,dwarf_tests,body,0,3848,134952,131104,134952,131104,3848,0,1,0
module,codeview_tests,body,0,3848,2701008,2697160,2701008,2697160,3848,0,1,0
module,pdb_tests,body,0,3848,7680751,7676903,7680751,7676903,3848,0,1,0
module,object_tests,body,0,3848,4893392,4889544,4916725,4912877,3848,0,1,0
module,jit_tests,body,0,3848,3848,0,3848,0,3848,0,1,0
module,link_tests,body,0,3848,7701792,7697944,7701792,7697944,3848,0,1,0
module,gpu_pipeline_tests,body,0,3848,51792,47944,51792,47944,3848,0,1,0
module,compiler_diagnostic_tests,body,0,3848,4781499,4777651,4781499,4777651,3848,0,1,0
fixture,compiler_driver_tests,compiler_driver_test_include_population,0,3848,12713,8865,12713,8865,12713,8865,0,0
fixture,compiler_driver_tests,compiler_driver_archive_tests,1,12713,69169,56456,194988,182275,69169,56456,0,0
fixture,compiler_driver_tests,compiler_driver_test_fast,2,69169,72800,3631,2068736,1999567,72800,3631,0,0
fixture,compiler_driver_tests,compiler_driver_test_validation_values,3,72800,72800,0,72800,0,72800,0,0,0
fixture,compiler_driver_tests,compiler_driver_test_pic_argument_policy,4,72800,72800,0,75104,2304,72800,0,0,0
fixture,compiler_driver_tests,compiler_driver_test_bootstrap_trace,5,72800,72800,0,72800,0,72800,0,0,0
fixture,compiler_driver_tests,compiler_driver_test_parameter_alignment,6,72800,72800,0,72800,0,72800,0,0,0
fixture,compiler_driver_tests,compiler_driver_test_vla_row_address,7,72800,72800,0,72800,0,72800,0,0,0
fixture,compiler_driver_tests,compiler_driver_test_x64_dynamic_stack,8,72800,72800,0,72800,0,72800,0,0,0
fixture,compiler_driver_tests,compiler_driver_test_native_i128_divide,9,72800,72800,0,72800,0,72800,0,0,0
fixture,compiler_driver_tests,compiler_driver_test_i128_block_parameters,10,72800,72800,0,72800,0,72800,0,0,0
fixture,compiler_driver_tests,compiler_driver_test_aarch64_i128_to_float,11,72800,72800,0,72800,0,72800,0,0,0
fixture,compiler_driver_tests,compiler_driver_test_wasm_integers,12,72800,2707341,2634541,2707341,2634541,2707341,2634541,0,0
fixture,compiler_driver_tests,compiler_driver_test_aarch64_float_to_i128,13,2707341,2707341,0,2707341,0,2707341,0,0,0
fixture,compiler_driver_tests,compiler_driver_test_native_tls,14,2707341,2707341,0,2707341,0,2707341,0,0,0
fixture,compiler_driver_tests,compiler_driver_test_x86_64_i128_complement,15,2707341,2707341,0,2707341,0,2707341,0,0,0
fixture,compiler_driver_tests,compiler_driver_test_machine_fallback,16,2707341,2770184,62843,2770184,62843,2770184,62843,0,0
fixture,compiler_driver_tests,compiler_driver_test_many_native_arguments,17,2770184,2770282,98,2770282,98,2770282,98,0,0
fixture,compiler_driver_tests,compiler_driver_test_aarch64_dynamic_calls,18,2770282,2770282,0,2770282,0,2770282,0,0,0
fixture,compiler_driver_tests,compiler_driver_test_aarch64_platform_variadic,19,2770282,2770282,0,2770282,0,2770282,0,0,0
fixture,compiler_driver_tests,compiler_driver_test_x64_frame_vectors,20,2770282,2770378,96,2770378,96,2770378,96,0,0
fixture,compiler_driver_tests,compiler_driver_test_sysv_sseup,21,2770378,2770467,89,2770467,89,2770467,89,0,0
fixture,compiler_driver_tests,compiler_driver_test_sysv_aligned_calls,22,2770467,2770467,0,2770467,0,2770467,0,0,0
fixture,compiler_driver_tests,compiler_driver_test_windows_large_frame,23,2770467,2770467,0,2770467,0,2770467,0,0,0
fixture,compiler_driver_tests,compiler_driver_test_windows_arm64_unwind,24,2770467,2770467,0,2770467,0,2770467,0,0,0
fixture,compiler_driver_tests,compiler_driver_test_codeview_limit,25,2770467,2770467,0,2770467,0,2770467,0,0,0
fixture,compiler_driver_tests,compiler_driver_test_elf_link_boundaries,26,2770467,2770467,0,2770467,0,2770467,0,0,0
fixture,compiler_driver_tests,compiler_driver_test_unit_batches,27,2770467,2770467,0,2770467,0,2770467,0,0,0
fixture,compiler_driver_tests,prewarm,28,2770467,2770467,0,2770872,405,2770467,0,0,0
fixture,compiler_driver_tests,llvm_integer_output,29,2770467,4098186,1327719,4098186,1327719,4098186,1327719,0,0
fixture,compiler_driver_tests,wasm64_output,30,4098186,5426701,1328515,5426701,1328515,5426701,1328515,0,0
fixture,compiler_driver_tests,wasm64_alignment_output,31,5426701,10184281,4757580,10184281,4757580,10184281,4757580,0,0
fixture,compiler_driver_tests,wasm64_integer_output,32,10184281,26254383,16070102,26254383,16070102,26254383,16070102,0,0
fixture,compiler_driver_tests,assembly_output_path,33,26254383,27632853,1378470,27632853,1378470,27632853,1378470,0,0
fixture,compiler_driver_tests,compiler_driver_allocation_lifetimes,35,27640360,27640360,0,27640360,0,27640360,0,0,0
fixture,compiler_driver_tests,retired_buster_path,34,27632853,27640360,7507,29060366,1427513,27640360,7507,0,0
fixture,compiler_driver_tests,c_executable_path,36,27640360,35038304,7397944,35038304,7397944,35038304,7397944,0,0
fixture,compiler_driver_tests,c_static_local_executable_path,37,35038304,38258652,3220348,38258652,3220348,38258652,3220348,0,0
fixture,compiler_driver_tests,c_static_aggregate_executable_path,38,38258652,48085760,9827108,48085760,9827108,48085760,9827108,0,0
fixture,compiler_driver_tests,c_auto_type_executable_path,39,48085760,49769216,1683456,49769216,1683456,49769216,1683456,0,0
fixture,compiler_driver_tests,c_cleanup_executable_path,40,49769216,53200728,3431512,53200728,3431512,53200728,3431512,0,0
fixture,compiler_driver_tests,c_case_range_executable_path,41,53200728,55098224,1897496,55098224,1897496,55098224,1897496,0,0
fixture,compiler_driver_tests,c_switch_case_label_executable_path,42,55098224,57388440,2290216,57388440,2290216,57388440,2290216,0,0
fixture,compiler_driver_tests,c_doom_shapes_executable_path,43,57388440,57577256,188816,57577256,188816,57577256,188816,0,0
fixture,compiler_driver_tests,c_wide_argument_executable_path,44,57577256,72354200,14776944,72354200,14776944,72354200,14776944,0,0
fixture,compiler_driver_tests,c_wide_vector_executable_path,45,72354200,74295792,1941592,74295792,1941592,74295792,1941592,0,0
fixture,compiler_driver_tests,c_narrow_abi_executable_path,46,74295792,77309688,3013896,77309688,3013896,77309688,3013896,0,0
fixture,compiler_driver_tests,c_sizeof_anonymous_path,47,77309688,88545072,11235384,88545072,11235384,88545072,11235384,0,0
fixture,compiler_driver_tests,c_infinite_loop_executable_path,48,88545072,90148224,1603152,90148224,1603152,90148224,1603152,0,0
fixture,compiler_driver_tests,c_artifact_executable_path,49,90148224,92370984,2222760,92370984,2222760,92370984,2222760,0,0
fixture,compiler_driver_tests,c_debug_path,50,92370984,99769128,7398144,99769128,7398144,99769128,7398144,0,0
fixture,compiler_driver_tests,string_concat_path,51,99769128,102153280,2384152,102153280,2384152,102153280,2384152,0,0
fixture,compiler_driver_tests,stringify_spacing_path,52,102153280,104209856,2056576,104209856,2056576,104209856,2056576,0,0
fixture,compiler_driver_tests,nullptr_path,53,104209856,106095608,1885752,107849408,3639552,106095608,1885752,0,0
fixture,compiler_driver_tests,c_dynamic_library_path,54,106095608,106296986,201378,106296986,201378,106296986,201378,0,0
fixture,compiler_driver_tests,c_missing_library_path,55,106296986,106440895,143909,106440895,143909,106440895,143909,0,0
fixture,compiler_driver_tests,c_undefined_reference_source_path,56,106440895,106440995,100,106440995,100,106440995,100,0,0
fixture,compiler_driver_tests,c_undefined_reference_path,57,106440995,107806033,1365038,107806033,1365038,107806033,1365038,0,0
fixture,compiler_driver_tests,c_function_pointer_path,58,107806033,109294152,1488119,109294152,1488119,109294152,1488119,0,0
fixture,compiler_driver_tests,c_float_limits_path,59,109294152,111071800,1777648,111071800,1777648,111071800,1777648,0,0
fixture,compiler_driver_tests,c_typeof_cast_member_path,60,111071800,112622208,1550408,112622208,1550408,112622208,1550408,0,0
fixture,compiler_driver_tests,c_call_member_call_path,61,112622208,114300704,1678496,114300704,1678496,114300704,1678496,0,0
fixture,compiler_driver_tests,c_function_type_parameter_path,62,114300704,115811584,1510880,115811584,1510880,115811584,1510880,0,0
fixture,compiler_driver_tests,c_block_scope_tag_path,63,115811584,117463760,1652176,117463760,1652176,117463760,1652176,0,0
fixture,compiler_driver_tests,c_local_suffix_attribute_path,64,117463760,119056280,1592520,119056280,1592520,119056280,1592520,0,0
fixture,compiler_driver_tests,c_comma_paste_path,65,119056280,120582800,1526520,120582800,1526520,120582800,1526520,0,0
fixture,compiler_driver_tests,c_atomic_path,66,120582800,122863216,2280416,129179864,8597064,122863216,2280416,0,0
fixture,compiler_driver_tests,c_generic_path,67,122863216,124478840,1615624,124478840,1615624,124478840,1615624,0,0
fixture,compiler_driver_tests,c_alignas_path,68,124478840,126776928,2298088,126776928,2298088,126776928,2298088,0,0
fixture,compiler_driver_tests,c_declarator_list_path,69,126776928,128752072,1975144,128752072,1975144,128752072,1975144,0,0
fixture,compiler_driver_tests,c_vla_path,70,128752072,132513104,3761032,132513104,3761032,132513104,3761032,0,0
fixture,compiler_driver_tests,c_aggregate_path,71,132513104,136152992,3639888,136152992,3639888,136152992,3639888,0,0
fixture,compiler_driver_tests,c_labels_path,72,136152992,138804312,2651320,138804312,2651320,138804312,2651320,0,0
fixture,compiler_driver_tests,c_invalid_labels_path,73,138804312,140061299,1256987,140061299,1256987,140061299,1256987,0,0
fixture,compiler_driver_tests,c_sizeof_missing_member_path,74,140061299,141345400,1284101,141345400,1284101,141345400,1284101,0,0
fixture,compiler_driver_tests,c_sizeof_paren_type_path,75,141345400,142602506,1257106,142602506,1257106,142602506,1257106,0,0
fixture,compiler_driver_tests,c_invalid_bit_field_width_path,76,142602506,143856970,1254464,143856970,1254464,143856970,1254464,0,0
fixture,compiler_driver_tests,c_labels_aarch64_path,77,143856970,146339440,2482470,146339440,2482470,146339440,2482470,0,0
fixture,compiler_driver_tests,c_labels_object_path,78,146339440,148934848,2595408,148934848,2595408,148934848,2595408,0,0
fixture,compiler_driver_tests,invalid_asm_jump_path,79,148934848,183947727,35012879,183947727,35012879,183947727,35012879,0,0
fixture,compiler_driver_tests,c_thread_local_path,80,183947727,185366156,1418429,185366156,1418429,185366156,1418429,0,0
fixture,compiler_driver_tests,c_thread_local_aarch64_path,81,185366156,192003752,6637596,192003752,6637596,192003752,6637596,0,0
fixture,compiler_driver_tests,c_float_abi_path,82,192003752,194618736,2614984,194618736,2614984,194618736,2614984,0,0
fixture,compiler_driver_tests,c_abi_path,83,194618736,194620793,2057,194620793,2057,194620793,2057,0,0
fixture,compiler_driver_tests,c_vector_path,84,194620793,198673384,4052591,198673384,4052591,198673384,4052591,0,0
fixture,compiler_driver_tests,c_vector_baseline_path,85,198673384,198673480,96,198673480,96,198673480,96,0,0
fixture,compiler_driver_tests,c_vector_avx2_path,86,198673480,198673572,92,198673572,92,198673572,92,0,0
fixture,compiler_driver_tests,c_vector_avx512_path,87,198673572,236757240,38083668,236757240,38083668,236757240,38083668,0,0
fixture,compiler_driver_tests,c_vector_initializer_path,88,236757240,264070802,27313562,264070802,27313562,264070802,27313562,0,0
fixture,compiler_driver_tests,c_extern_incomplete_path,89,264070802,264236840,166038,264236840,166038,264236840,166038,0,0
fixture,compiler_driver_tests,c_static_array_parameter_path,90,264236840,264404688,167848,264404688,167848,264404688,167848,0,0
fixture,compiler_driver_tests,c_simd_path,91,264404688,272044576,7639888,272044576,7639888,272044576,7639888,0,0
fixture,compiler_driver_tests,c_simd_avx512_path,92,272044576,272044668,92,272044668,92,272044668,92,0,0
fixture,compiler_driver_tests,c_simd_baseline_path,93,272044668,294169751,22125083,294169751,22125083,294169751,22125083,0,0
fixture,compiler_driver_tests,c_conversions_path,94,294169751,296007904,1838153,296007904,1838153,296007904,1838153,0,0
fixture,compiler_driver_tests,c_conditional_operand_path,95,296007904,299603328,3595424,299603328,3595424,299603328,3595424,0,0
fixture,compiler_driver_tests,c_conditional_assignment_path,96,299603328,301243976,1640648,301243976,1640648,301243976,1640648,0,0
fixture,compiler_driver_tests,c_enum_prototype_path,97,301243976,302704112,1460136,302704112,1460136,302704112,1460136,0,0
fixture,compiler_driver_tests,c_array_arrow_path,98,302704112,304333664,1629552,304333664,1629552,304333664,1629552,0,0
fixture,compiler_driver_tests,c_array_cast_path,99,304333664,305764760,1431096,305764760,1431096,305764760,1431096,0,0
fixture,compiler_driver_tests,c_prefix_increment_path,100,305764760,307223528,1458768,307223528,1458768,307223528,1458768,0,0
fixture,compiler_driver_tests,c_zlib_regressions_path,101,307223528,309147026,1923498,309147026,1923498,309147026,1923498,0,0
fixture,compiler_driver_tests,c_stb_regressions_path,102,309147026,311401816,2254790,311401816,2254790,311401816,2254790,0,0
fixture,compiler_driver_tests,c_builtin_math_path,103,311401816,335885415,24483599,335885415,24483599,335885415,24483599,0,0
fixture,compiler_driver_tests,c_float_literal_path,104,335885415,341444408,5558993,341444408,5558993,341444408,5558993,0,0
fixture,compiler_driver_tests,c_static_float_literal_path,105,341444408,347525872,6081464,347525872,6081464,347525872,6081464,0,0
fixture,compiler_driver_tests,c_void_assignment_path,106,347525872,365682248,18156376,369179800,21653928,365682248,18156376,0,0
fixture,compiler_driver_tests,c_negative_constant_widening_path,107,365682248,367841888,2159640,367841888,2159640,367841888,2159640,0,0
fixture,compiler_driver_tests,c_call_abi_path,108,367841888,370332720,2490832,370332720,2490832,370332720,2490832,0,0
fixture,compiler_driver_tests,c_unprototyped_path,109,370332720,373926808,3594088,373926808,3594088,373926808,3594088,0,0
fixture,compiler_driver_tests,c_float_abi_aarch64_path,110,373926808,376450264,2523456,376450264,2523456,376450264,2523456,0,0
fixture,compiler_driver_tests,c_float_abi_windows_path,111,376450264,379004852,2554588,379004852,2554588,379004852,2554588,0,0
module,compiler_driver_tests,body,0,3848,379004852,379001004,379004852,379001004,3848,0,1,0
module,compiler_driver_object_path_tests,body,0,3848,5800,1952,9296,5448,3848,0,1,0
module,x86_64_tests,body,0,3848,3848,0,3848,0,3848,0,1,0
