F	15	memcpy	58	10169	43833	4027	90	58119	23	18	5	0	0	0	0	23819	32264	0	1	ok
F	16	memset	45	962	5410	1703	70	8145	21	16	5	0	0	0	0	19336	26972	0	1	ok
F	18	assert_or_panic	11	431	8666	1303	20	10420	11	7	3	0	0	0	0	6352	11436	0	1	ok
F	54	c_ret_f32	3	201	711	40	20	972	3	2	1	0	0	0	0	3024	3604	0	1	ok
F	55	c_f32	14	401	5109	1153	40	6703	21	18	1	0	0	0	0	7896	13184	0	1	ok
F	56	c_1_f32	14	361	1964	711	30	3066	22	19	1	0	0	0	0	8320	13736	0	1	ok
F	57	c_2_f32	14	411	1763	541	40	2755	23	20	1	0	0	0	0	8744	14296	0	1	ok
F	58	c_3_f32	14	460	1754	471	40	2725	24	21	1	0	0	0	0	9168	14856	0	1	ok
F	59	c_4_f32	14	702	1693	541	50	2986	25	22	1	0	0	0	0	9592	15416	0	1	ok
F	60	c_5_f32	14	652	1703	481	40	2876	26	23	1	0	0	0	0	10016	15968	0	1	ok
F	61	c_6_f32	14	782	1743	481	50	3056	27	24	1	0	0	0	0	10440	16528	0	1	ok
F	62	c_7_f32	14	691	1663	471	60	2885	28	25	1	0	0	0	0	10864	17144	0	1	ok
F	63	c_8_f32	14	721	1653	501	60	2935	29	26	1	0	0	0	0	11288	17704	0	1	ok
F	64	c_test_f32	149	631	19256	1964	20	21871	147	136	1	0	0	0	0	55032	69408	0	1	ok
F	75	c_ret_f64	3	120	401	20	20	561	3	2	1	0	0	0	0	3024	3604	0	1	ok
F	76	c_f64	14	311	2024	511	20	2866	21	18	1	0	0	0	0	7896	13184	0	1	ok
F	77	c_1_f64	14	351	1673	431	30	2485	22	19	1	0	0	0	0	8320	13736	0	1	ok
F	78	c_2_f64	14	551	1683	411	40	2685	23	20	1	0	0	0	0	8744	14296	0	1	ok
F	79	c_3_f64	14	511	1783	421	50	2765	24	21	1	0	0	0	0	9168	14856	0	1	ok
F	80	c_4_f64	14	501	1653	391	40	2585	25	22	1	0	0	0	0	9592	15416	0	1	ok
F	81	c_5_f64	14	621	1674	400	50	2745	26	23	1	0	0	0	0	10016	15968	0	1	ok
F	82	c_6_f64	14	701	1704	410	50	2865	27	24	1	0	0	0	0	10440	16528	0	1	ok
F	83	c_7_f64	14	661	1643	431	50	2785	28	25	1	0	0	0	0	10864	17144	0	1	ok
F	84	c_8_f64	14	691	1683	401	50	2825	29	26	1	0	0	0	0	11288	17704	0	1	ok
F	85	c_test_f64	149	441	17242	1182	20	18885	147	136	1	0	0	0	0	55032	69408	0	1	ok
F	89	c_ret_vector_1_u8	8	110	5160	420	20	5710	4	3	1	0	0	0	0	4824	9236	0	1	ok
F	90	c_vector_1_u8	17	531	3697	671	31	4930	24	21	1	0	0	0	0	8968	14444	0	1	ok
F	91	c_test_vector_1_u8	29	170	5330	721	30	6251	23	20	1	0	0	0	0	12272	18424	0	1	ok
F	95	c_ret_vector_2_u8	10	110	1553	371	20	2054	6	5	1	0	0	0	0	5536	10068	0	1	ok
F	96	c_vector_2_u8	27	381	3587	781	20	4769	36	32	1	0	0	0	0	12528	18852	0	1	ok
F	97	c_test_vector_2_u8	41	200	5130	761	20	6111	37	33	1	0	0	0	0	16560	23656	0	1	ok
F	102	c_ret_vector_4_u8	14	120	1804	441	20	2385	10	9	1	0	0	0	0	6968	11732	0	1	ok
F	103	c_vector_4_u8	47	531	5080	731	30	6372	60	54	1	0	0	0	0	19656	27676	0	1	ok
F	104	c_vector_4_u8_vector_4_u8	87	491	8736	1042	30	10299	109	99	1	0	0	0	0	34336	45868	0	1	ok
F	105	c_test_vector_4_u8	96	361	11631	1393	20	13405	88	81	1	0	0	0	0	36160	47312	0	1	ok
F	109	c_ret_vector_8_u8	22	140	2404	461	10	3015	18	17	1	0	0	0	0	9832	15052	0	1	ok
F	110	c_vector_8_u8	87	411	8997	941	30	10379	108	98	1	0	0	0	0	33912	45316	0	1	ok
F	111	c_test_vector_8_u8	113	381	11421	1142	30	12974	121	111	1	0	0	0	0	42288	55096	0	1	ok
F	115	c_ret_vector_16_u8	38	150	3757	451	10	4368	34	33	1	0	0	0	0	15568	21692	0	1	ok
F	116	c_vector_16_u8	167	621	16912	1302	30	18865	204	186	1	0	0	0	0	62424	80596	0	1	ok
F	117	c_test_vector_16_u8	209	461	20819	1673	30	22983	233	215	1	0	0	0	0	76600	97016	0	1	ok
F	121	c_ret_vector_32_u8	71	281	6472	621	20	7394	66	65	1	0	0	0	0	27384	35356	0	1	ok
F	122	c_vector_32_u8	327	113202	45635	3587	240	162664	396	362	1	0	0	0	0	119448	155252	0	1	ok
F	123	c_test_vector_32_u8	402	2274	42339	2635	20	47268	457	423	1	0	0	0	0	145576	185344	0	1	ok
F	127	c_ret_vector_64_u8	135	401	12182	872	20	13475	130	129	1	0	0	0	0	50328	61916	0	1	ok
F	128	c_vector_64_u8	647	1262	64010	4018	30	69320	780	714	1	0	0	0	0	233496	304564	0	1	ok
F	129	c_test_vector_64_u8	786	1303	76964	4839	20	83126	905	839	1	0	0	0	0	282824	361216	0	1	ok
F	133	c_ret_vector_1_u16	8	110	1182	180	20	1492	4	3	1	0	0	0	0	4824	9236	0	1	ok
F	134	c_vector_1_u16	17	311	1963	381	20	2675	24	21	1	0	0	0	0	8968	14444	0	1	ok
F	135	c_test_vector_1_u16	29	150	3366	481	30	4027	23	20	1	0	0	0	0	12272	18424	0	1	ok
F	139	c_ret_vector_2_u16	10	100	1152	231	20	1503	6	5	1	0	0	0	0	5536	10068	0	1	ok
F	140	c_vector_2_u16	27	301	2895	441	30	3667	36	32	1	0	0	0	0	12528	18852	0	1	ok
F	141	c_test_vector_2_u16	41	150	4438	531	20	5139	37	33	1	0	0	0	0	16560	23656	0	1	ok
F	146	c_ret_vector_4_u16	14	240	1523	231	20	2014	10	9	1	0	0	0	0	6968	11732	0	1	ok
F	147	c_vector_4_u16	47	331	4849	521	30	5731	60	54	1	0	0	0	0	19656	27676	0	1	ok
F	148	c_vector_4_u16_vector_4_u16	87	491	8826	912	30	10259	109	99	1	0	0	0	0	34336	45868	0	1	ok
F	149	c_test_vector_4_u16	96	351	10880	912	20	12163	88	81	1	0	0	0	0	36160	47312	0	1	ok
F	153	c_ret_vector_8_u16	22	110	2244	301	20	2675	18	17	1	0	0	0	0	9832	15052	0	1	ok
F	154	c_vector_8_u16	87	531	9047	781	20	10379	108	98	1	0	0	0	0	33912	45316	0	1	ok
F	155	c_test_vector_8_u16	113	260	11512	932	30	12734	121	111	1	0	0	0	0	42288	55096	0	1	ok
F	159	c_ret_vector_16_u16	38	151	3967	371	10	4499	34	33	1	0	0	0	0	15568	21692	0	1	ok
F	160	c_vector_16_u16	167	622	16791	1192	20	18625	204	186	1	0	0	0	0	62424	80596	0	1	ok
F	161	c_test_vector_16_u16	209	551	21170	1482	30	23233	233	215	1	0	0	0	0	76600	97016	0	1	ok
F	165	c_ret_vector_32_u16	71	180	6372	551	20	7123	66	65	1	0	0	0	0	27384	35356	0	1	ok
F	166	c_vector_32_u16	327	862	32631	2034	30	35557	396	362	1	0	0	0	0	119448	155252	0	1	ok
F	167	c_test_vector_32_u16	402	752	40155	2414	31	43352	457	423	1	0	0	0	0	145576	185344	0	1	ok
F	171	c_ret_vector_1_u32	8	100	962	120	10	1192	4	3	1	0	0	0	0	4824	9236	0	1	ok
F	172	c_vector_1_u32	17	321	2034	320	30	2705	24	21	1	0	0	0	0	8968	14444	0	1	ok
F	173	c_test_vector_1_u32	29	140	3226	331	20	3717	23	20	1	0	0	0	0	12272	18424	0	1	ok
F	177	c_ret_vector_2_u32	10	230	1102	180	20	1532	6	5	1	0	0	0	0	5536	10068	0	1	ok
F	178	c_vector_2_u32	27	321	2915	371	30	3637	36	32	1	0	0	0	0	12528	18852	0	1	ok
F	179	c_test_vector_2_u32	41	161	4238	431	20	4850	37	33	1	0	0	0	0	16560	23656	0	1	ok
F	184	c_ret_vector_4_u32	14	100	1453	160	20	1733	10	9	1	0	0	0	0	6968	11732	0	1	ok
F	185	c_vector_4_u32	47	331	4889	521	30	5771	60	54	1	0	0	0	0	19656	27676	0	1	ok
F	186	c_vector_4_u32_vector_4_u32	87	601	8926	772	30	10329	109	99	1	0	0	0	0	34336	45868	0	1	ok
F	187	c_test_vector_4_u32	96	230	10329	712	20	11291	88	81	1	0	0	0	0	36160	47312	0	1	ok
F	191	c_ret_vector_8_u32	22	241	2214	251	20	2726	18	17	1	0	0	0	0	9832	15052	0	1	ok
F	192	c_vector_8_u32	87	381	8897	721	20	10019	108	98	1	0	0	0	0	33912	45316	0	1	ok
F	193	c_test_vector_8_u32	113	380	11422	811	20	12633	121	111	1	0	0	0	0	42288	55096	0	1	ok
F	197	c_ret_vector_16_u32	38	140	3757	331	10	4238	34	33	1	0	0	0	0	15568	21692	0	1	ok
F	198	c_vector_16_u32	167	591	16851	1192	21	18655	204	186	1	0	0	0	0	62424	80596	0	1	ok
F	199	c_test_vector_16_u32	209	461	20859	1363	20	22703	233	215	1	0	0	0	0	76600	97016	0	1	ok
F	203	c_ret_vector_1_u64	8	91	901	110	20	1122	4	3	1	0	0	0	0	4824	9236	0	1	ok
F	204	c_vector_1_u64	17	301	1933	311	30	2575	24	21	1	0	0	0	0	8968	14444	0	1	ok
F	205	c_test_vector_1_u64	29	270	3006	280	20	3576	23	20	1	0	0	0	0	12272	18424	0	1	ok
F	209	c_ret_vector_2_u64	10	100	1092	150	21	1363	6	5	1	0	0	0	0	5536	10068	0	1	ok
F	210	c_vector_2_u64	27	301	2915	381	20	3617	36	32	1	0	0	0	0	12528	18852	0	1	ok
F	211	c_test_vector_2_u64	41	150	4258	371	20	4799	37	33	1	0	0	0	0	16560	23656	0	1	ok
F	215	c_ret_vector_4_u64	14	100	1533	161	20	1814	10	9	1	0	0	0	0	6968	11732	0	1	ok
F	216	c_vector_4_u64	47	331	4889	501	30	5751	60	54	1	0	0	0	0	19656	27676	0	1	ok
F	217	c_test_vector_4_u64	65	330	6653	681	20	7684	65	59	1	0	0	0	0	25136	34136	0	1	ok
F	221	c_ret_vector_8_u64	22	130	2204	221	20	2575	18	17	1	0	0	0	0	9832	15052	0	1	ok
F	222	c_vector_8_u64	87	381	9107	721	30	10239	108	98	1	0	0	0	0	33912	45316	0	1	ok
F	223	c_test_vector_8_u64	113	251	11591	812	30	12684	121	111	1	0	0	0	0	42288	55096	0	1	ok
F	227	c_ret_vector_1_f32	8	90	972	110	20	1192	4	3	1	0	0	0	0	4824	9236	0	1	ok
F	228	c_vector_1_f32	17	291	2014	280	30	2615	24	21	1	0	0	0	0	8968	14444	0	1	ok
F	229	c_test_vector_1_f32	29	250	3126	271	30	3677	23	20	1	0	0	0	0	12272	18424	0	1	ok
F	233	c_ret_vector_2_f32	10	90	1062	150	10	1312	6	5	1	0	0	0	0	5536	10068	0	1	ok
F	234	c_vector_2_f32	27	300	2986	350	20	3656	36	32	1	0	0	0	0	12528	18852	0	1	ok
F	235	c_test_vector_2_f32	41	140	4168	371	20	4699	37	33	1	0	0	0	0	16560	23656	0	1	ok
F	240	c_ret_vector_4_f32	14	100	1513	160	20	1793	10	9	1	0	0	0	0	6968	11732	0	1	ok
F	241	c_vector_4_f32	47	331	4979	491	20	5821	60	54	1	0	0	0	0	19656	27676	0	1	ok
F	242	c_vector_4_f32_vector_4_f32	87	69911	15188	1553	40	86692	109	99	1	0	0	0	0	34336	45868	0	1	ok
F	243	c_test_vector_4_f32	96	1122	11993	651	30	13796	88	81	1	0	0	0	0	36160	47312	0	1	ok
F	247	c_ret_vector_8_f32	22	120	2224	221	20	2585	18	17	1	0	0	0	0	9832	15052	0	1	ok
F	248	c_vector_8_f32	87	391	9177	722	30	10320	108	98	1	0	0	0	0	33912	45316	0	1	ok
F	249	c_test_vector_8_f32	113	391	11892	812	20	13115	121	111	1	0	0	0	0	42288	55096	0	1	ok
F	253	c_ret_vector_16_f32	38	131	3757	310	10	4208	34	33	1	0	0	0	0	15568	21692	0	1	ok
F	254	c_vector_16_f32	167	601	17623	1162	30	19416	204	186	1	0	0	0	0	62424	80596	0	1	ok
F	255	c_test_vector_16_f32	209	461	21300	1322	30	23113	233	215	1	0	0	0	0	76600	97016	0	1	ok
F	259	c_ret_vector_1_f64	8	90	912	110	20	1132	4	3	1	0	0	0	0	4824	9236	0	1	ok
F	260	c_vector_1_f64	17	311	1953	281	30	2575	24	21	1	0	0	0	0	8968	14444	0	1	ok
F	261	c_test_vector_1_f64	29	261	3156	280	20	3717	23	20	1	0	0	0	0	12272	18424	0	1	ok
F	265	c_ret_vector_2_f64	10	90	1093	130	20	1333	6	5	1	0	0	0	0	5536	10068	0	1	ok
F	266	c_vector_2_f64	27	291	3046	350	30	3717	36	32	1	0	0	0	0	12528	18852	0	1	ok
F	267	c_test_vector_2_f64	41	140	4268	371	20	4799	37	33	1	0	0	0	0	16560	23656	0	1	ok
F	271	c_ret_vector_4_f64	14	100	1453	170	20	1743	10	9	1	0	0	0	0	6968	11732	0	1	ok
F	272	c_vector_4_f64	47	461	4949	491	30	5931	60	54	1	0	0	0	0	19656	27676	0	1	ok
F	273	c_test_vector_4_f64	65	181	6612	591	30	7414	65	59	1	0	0	0	0	25136	34136	0	1	ok
F	277	c_ret_vector_8_f64	22	120	2134	231	10	2495	18	17	1	0	0	0	0	9832	15052	0	1	ok
F	278	c_vector_8_f64	87	501	8897	731	30	10159	108	98	1	0	0	0	0	33912	45316	0	1	ok
F	279	c_test_vector_8_f64	113	240	11442	801	20	12503	121	111	1	0	0	0	0	42288	55096	0	1	ok
F	283	c_ret_struct_u8	12	120	6933	20	20	7093	7	5	1	0	0	0	0	6184	7092	0	1	ok
F	284	c_struct_u8	16	411	4498	541	30	5480	25	21	1	0	0	0	0	8624	13980	0	1	ok
F	285	c_test_struct_u8	33	340	5811	20	30	6201	27	22	1	0	0	0	0	13584	15728	0	1	ok
F	289	c_ret_struct_u8_u8	17	130	3006	20	20	3176	9	7	1	0	0	0	0	7912	9020	0	1	ok
F	290	c_struct_u8_u8	25	330	3146	471	20	3967	36	31	1	0	0	0	0	11840	17932	0	1	ok
F	291	c_test_struct_u8_u8	47	180	6232	20	20	6452	40	34	1	0	0	0	0	18504	21336	0	1	ok
F	295	c_ret_struct_u8_u8_u8	22	141	2945	20	20	3126	11	9	1	0	0	0	0	9640	10964	0	1	ok
F	296	c_struct_u8_u8_u8	34	451	4057	511	20	5039	47	41	1	0	0	0	0	15048	21884	0	1	ok
F	297	c_test_struct_u8_u8_u8	61	200	7294	20	30	7544	53	46	1	0	0	0	0	23424	26944	0	1	ok
F	301	c_ret_struct_u8_u8_u8_u8	27	130	3657	20	20	3827	13	11	1	0	0	0	0	11368	12892	0	1	ok
F	302	c_struct_u8_u8_u8_u8	43	341	4909	551	30	5831	58	51	1	0	0	0	0	18264	25836	0	1	ok
F	303	c_test_struct_u8_u8_u8_u8	75	331	8516	30	20	8897	66	58	1	0	0	0	0	28344	32544	0	1	ok
F	307	c_ret_struct_u16	12	101	2484	20	20	2625	7	5	1	0	0	0	0	6184	7092	0	1	ok
F	308	c_struct_u16	16	290	1974	331	30	2625	25	21	1	0	0	0	0	8624	13980	0	1	ok
F	309	c_test_struct_u16	33	161	4809	30	20	5020	27	22	1	0	0	0	0	13584	15728	0	1	ok
F	313	c_ret_struct_u16_u16	17	100	2755	20	20	2895	9	7	1	0	0	0	0	7912	9020	0	1	ok
F	314	c_struct_u16_u16	25	430	3006	341	30	3807	36	31	1	0	0	0	0	11840	17932	0	1	ok
F	315	c_test_struct_u16_u16	47	161	5891	20	20	6092	40	34	1	0	0	0	0	18504	21336	0	1	ok
F	319	c_ret_struct_u16_u16_u16	22	111	2885	20	20	3036	11	9	1	0	0	0	0	9640	10964	0	1	ok
F	320	c_struct_u16_u16_u16	34	320	3938	440	20	4718	47	41	1	0	0	0	0	15048	21884	0	1	ok
F	321	c_test_struct_u16_u16_u16	61	301	7424	30	20	7775	53	46	1	0	0	0	0	23424	26944	0	1	ok
F	325	c_ret_struct_u16_u16_u16_u16	27	121	3175	21	20	3337	13	11	1	0	0	0	0	11368	12892	0	1	ok
F	326	c_struct_u16_u16_u16_u16	43	301	4929	461	30	5721	58	51	1	0	0	0	0	18264	25836	0	1	ok
F	327	c_test_struct_u16_u16_u16_u16	75	311	8255	21	20	8607	66	58	1	0	0	0	0	28344	32544	0	1	ok
F	331	c_ret_struct_u32	12	100	2415	20	20	2555	7	5	1	0	0	0	0	6184	7092	0	1	ok
F	332	c_struct_u32	16	270	1934	280	30	2514	25	21	1	0	0	0	0	8624	13980	0	1	ok
F	333	c_test_struct_u32	33	130	4469	30	20	4649	27	22	1	0	0	0	0	13584	15728	0	1	ok
F	337	c_ret_struct_u32_u32	17	110	2645	20	20	2795	9	7	1	0	0	0	0	7912	9020	0	1	ok
F	338	c_struct_u32_u32	25	290	2916	331	30	3567	36	31	1	0	0	0	0	11840	17932	0	1	ok
F	339	c_test_struct_u32_u32	47	291	5801	20	20	6132	40	34	1	0	0	0	0	18504	21336	0	1	ok
F	343	c_ret_struct_u32_u32_u32	22	121	2845	20	20	3006	11	9	1	0	0	0	0	9640	10964	0	1	ok
F	344	c_struct_u32_u32_u32	34	300	3927	401	30	4658	47	41	1	0	0	0	0	15048	21884	0	1	ok
F	345	c_test_struct_u32_u32_u32	61	200	7134	20	30	7384	53	46	1	0	0	0	0	23424	26944	0	1	ok
F	349	c_ret_struct_u32_u32_u32_u32	27	110	3006	20	20	3156	13	11	1	0	0	0	0	11368	12892	0	1	ok
F	350	c_struct_u32_u32_u32_u32	43	441	4989	451	20	5901	58	51	1	0	0	0	0	18264	25836	0	1	ok
F	351	c_test_struct_u32_u32_u32_u32	75	211	8215	20	20	8466	66	58	1	0	0	0	0	28344	32544	0	1	ok
F	355	c_ret_struct_u64	12	90	2354	21	10	2475	7	5	1	0	0	0	0	6184	7092	0	1	ok
F	356	c_struct_u64	16	261	1953	271	30	2515	25	21	1	0	0	0	0	8624	13980	0	1	ok
F	357	c_test_struct_u64	33	260	4498	21	20	4799	27	22	1	0	0	0	0	13584	15728	0	1	ok
F	369	c_ret_struct_u64_u64	17	110	2696	20	20	2846	9	7	1	0	0	0	0	7912	9020	0	1	ok
F	370	c_struct_u64_u64	25	291	2965	331	20	3607	36	31	1	0	0	0	0	11840	17932	0	1	ok
F	371	c_1_struct_u64_u64	25	460	2966	541	30	3997	37	32	1	0	0	0	0	12264	18492	0	1	ok
F	372	c_2_struct_u64_u64	25	451	3005	531	30	4017	38	33	1	0	0	0	0	12688	19044	0	1	ok
F	373	c_3_struct_u64_u64	25	471	3025	521	50	4067	39	34	1	0	0	0	0	13112	19604	0	1	ok
F	374	c_4_struct_u64_u64	25	691	2946	541	40	4218	40	35	1	0	0	0	0	13536	20164	0	1	ok
F	375	c_5_struct_u64_u64	25	601	2985	521	50	4157	41	36	1	0	0	0	0	13960	20724	0	1	ok
F	376	c_6_struct_u64_u64	25	661	2996	521	60	4238	42	37	1	0	0	0	0	14384	21276	0	1	ok
F	377	c_7_struct_u64_u64	25	711	2895	561	50	4217	43	38	1	0	0	0	0	14808	21900	0	1	ok
F	378	c_8_struct_u64_u64	25	832	2915	581	60	4388	44	39	1	0	0	0	0	15232	22452	0	1	ok
F	379	c_test_struct_u64_u64	287	721	42269	20	20	43030	216	194	1	0	0	0	0	102600	116776	0	1	ok
F	383	c_ret_struct_u64_u64_u64	22	110	2986	10	20	3126	11	9	1	0	0	0	0	9640	10964	0	1	ok
F	384	c_struct_u64_u64_u64	34	461	4117	441	20	5039	47	41	1	0	0	0	0	15048	21884	0	1	ok
F	385	c_test_struct_u64_u64_u64	61	190	7123	30	20	7363	53	46	1	0	0	0	0	23424	26944	0	1	ok
F	389	c_ret_struct_u64_u64_u64_u64	27	120	3116	10	20	3266	13	11	1	0	0	0	0	11368	12892	0	1	ok
F	390	c_struct_u64_u64_u64_u64	43	350	4789	511	20	5670	58	51	1	0	0	0	0	18264	25836	0	1	ok
F	391	c_test_struct_u64_u64_u64_u64	75	331	8095	30	20	8476	66	58	1	0	0	0	0	28344	32544	0	1	ok
F	395	c_ret_struct_f32	12	100	2374	10	20	2504	7	5	1	0	0	0	0	6184	7092	0	1	ok
F	396	c_struct_f32	16	280	1894	300	31	2505	25	21	1	0	0	0	0	8624	13980	0	1	ok
F	397	c_test_struct_f32	33	150	4449	30	20	4649	27	22	1	0	0	0	0	13584	15728	0	1	ok
F	401	c_ret_struct_f32_f32	17	100	2785	20	10	2915	9	7	1	0	0	0	0	7912	9020	0	1	ok
F	402	c_struct_f32_f32	25	270	2866	551	30	3717	36	31	1	0	0	0	0	11840	17932	0	1	ok
F	403	c_test_struct_f32_f32	47	181	5760	30	20	5991	40	34	1	0	0	0	0	18504	21336	0	1	ok
F	407	c_ret_struct_f32_f32_f32	22	110	2866	20	20	3016	11	9	1	0	0	0	0	9640	10964	0	1	ok
F	408	c_struct_f32_f32_f32	34	291	3857	401	30	4579	47	41	1	0	0	0	0	15048	21884	0	1	ok
F	409	c_test_struct_f32_f32_f32	61	290	7073	20	20	7403	53	46	1	0	0	0	0	23424	26944	0	1	ok
F	413	c_ret_struct_f32_f32_f32_f32	27	110	3106	20	10	3246	13	11	1	0	0	0	0	11368	12892	0	1	ok
F	414	c_struct_f32_f32_f32_f32	43	290	4809	461	20	5580	58	51	1	0	0	0	0	18264	25836	0	1	ok
F	415	c_test_struct_f32_f32_f32_f32	75	200	8206	20	20	8446	66	58	1	0	0	0	0	28344	32544	0	1	ok
F	419	c_ret_struct_f32_f32_f32_f32_f32	32	251	3526	20	10	3807	15	13	1	0	0	0	0	13096	14828	0	1	ok
F	420	c_struct_f32_f32_f32_f32_f32	52	331	5741	611	20	6703	69	61	1	0	0	0	0	21472	29788	0	1	ok
F	421	c_test_struct_f32_f32_f32_f32_f32	89	230	9809	20	20	10079	79	70	1	0	0	0	0	33264	38152	0	1	ok
F	424	c_ret_struct_void_f32	12	211	2324	20	10	2565	7	5	1	0	0	0	0	6184	7092	0	1	ok
F	425	c_struct_void_f32	16	260	1884	280	30	2454	25	21	1	0	0	0	0	8624	13980	0	1	ok
F	426	c_test_struct_void_f32	33	150	4429	20	30	4629	27	22	1	0	0	0	0	13584	15728	0	1	ok
F	430	c_ret_struct_array_1_f32	14	111	13675	20	20	13826	16	12	1	0	0	0	0	7400	7868	0	1	ok
F	431	c_struct_array_1_f32	19	330	2775	451	30	3586	27	23	1	0	0	0	0	9688	15220	0	1	ok
F	432	c_test_struct_array_1_f32	38	180	6222	30	20	6452	38	31	1	0	0	0	0	15864	17680	0	1	ok
F	436	c_ret_struct_array_2_f32	16	110	3887	20	20	4037	22	17	1	0	0	0	0	8128	8636	0	1	ok
F	437	c_struct_array_2_f32	31	491	3216	481	20	4208	40	35	1	0	0	0	0	13960	20404	0	1	ok
F	438	c_test_struct_array_2_f32	52	201	7243	20	30	7494	57	48	1	0	0	0	0	20824	23304	0	1	ok
F	442	c_ret_struct_array_3_f32	18	110	3868	20	10	4008	28	22	1	0	0	0	0	8864	9412	0	1	ok
F	443	c_struct_array_3_f32	43	341	4268	491	20	5120	53	47	1	0	0	0	0	18232	25588	0	1	ok
F	444	c_test_struct_array_3_f32	66	311	8185	20	20	8536	76	65	1	0	0	0	0	25792	28920	0	1	ok
F	448	c_ret_struct_array_4_f32	20	120	4118	20	20	4278	34	27	1	0	0	0	0	9592	10188	0	1	ok
F	449	c_struct_array_4_f32	55	330	5290	551	30	6201	66	59	1	0	0	0	0	22504	30772	0	1	ok
F	450	c_test_struct_array_4_f32	80	320	9669	20	30	10039	95	82	1	0	0	0	0	30752	34544	0	1	ok
F	454	c_ret_struct_array_5_f32	22	121	4388	20	10	4539	40	32	1	0	0	0	0	10328	10964	0	1	ok
F	455	c_struct_array_5_f32	67	351	6392	621	30	7394	79	71	1	0	0	0	0	26776	35956	0	1	ok
F	456	c_test_struct_array_5_f32	94	331	11050	30	20	11431	114	99	1	0	0	0	0	35720	40168	0	1	ok
F	459	c_ret_struct_array_0_sentinel_f32	14	100	3096	20	20	3236	16	12	1	0	0	0	0	7400	7868	0	1	ok
F	460	c_struct_array_0_sentinel_f32	19	290	2094	291	20	2695	27	23	1	0	0	0	0	9688	15220	0	1	ok
F	461	c_test_struct_array_0_sentinel_f32	38	170	5280	20	20	5490	38	31	1	0	0	0	0	15864	17680	0	1	ok
F	464	c_ret_struct_array_1_sentinel_f32	16	231	3316	20	20	3587	22	17	1	0	0	0	0	8128	8636	0	1	ok
F	465	c_struct_array_1_sentinel_f32	31	300	3146	391	20	3857	40	35	1	0	0	0	0	13960	20404	0	1	ok
F	466	c_test_struct_array_1_sentinel_f32	52	180	6743	20	30	6973	57	48	1	0	0	0	0	20824	23304	0	1	ok
F	469	c_ret_struct_array_2_sentinel_f32	18	121	3686	20	21	3848	28	22	1	0	0	0	0	8864	9412	0	1	ok
F	470	c_struct_array_2_sentinel_f32	43	311	4298	431	30	5070	53	47	1	0	0	0	0	18232	25588	0	1	ok
F	471	c_test_struct_array_2_sentinel_f32	66	321	8195	20	30	8566	76	65	1	0	0	0	0	25792	28920	0	1	ok
F	474	c_ret_struct_array_3_sentinel_f32	20	110	4018	20	20	4168	34	27	1	0	0	0	0	9592	10188	0	1	ok
F	475	c_struct_array_3_sentinel_f32	55	331	5390	491	20	6232	66	59	1	0	0	0	0	22504	30772	0	1	ok
F	476	c_test_struct_array_3_sentinel_f32	80	310	88726	30	40	89106	95	82	1	0	0	0	0	30752	34544	0	1	ok
F	479	c_ret_struct_array_4_sentinel_f32	22	171	4358	20	10	4559	40	32	1	0	0	0	0	10328	10964	0	1	ok
F	480	c_struct_array_4_sentinel_f32	67	541	6412	1042	30	8025	79	71	1	0	0	0	0	26776	35956	0	1	ok
F	481	c_test_struct_array_4_sentinel_f32	94	451	10930	30	20	11431	114	99	1	0	0	0	0	35720	40168	0	1	ok
F	485	c_ret_struct_f32a8	12	100	5951	21	10	6082	6	4	1	0	0	0	0	6656	7092	0	1	ok
F	486	c_struct_f32a8	16	301	3015	481	20	3817	23	19	1	0	0	0	0	9096	13924	0	1	ok
F	487	c_test_struct_f32a8	33	141	5500	30	20	5691	24	19	1	0	0	0	0	14064	15728	0	1	ok
F	491	c_ret_struct_f32a8_f32a8	17	260	3256	20	20	3556	7	5	1	0	0	0	0	8376	9020	0	1	ok
F	492	c_struct_f32a8_f32a8	25	301	4047	461	30	4839	33	28	1	0	0	0	0	12312	17848	0	1	ok
F	493	c_test_struct_f32a8_f32a8	47	190	7234	20	20	7464	35	29	1	0	0	0	0	18976	21336	0	1	ok
F	497	c_ret_struct_f32f32_f32	27	161	5861	20	20	6062	22	16	1	0	0	0	0	11928	12892	0	1	ok
F	498	c_struct_f32f32_f32	31	261	4428	20	20	4729	36	31	1	0	0	0	0	13888	15280	0	1	ok
F	499	c_test_struct_f32f32_f32	68	350	9799	20	20	10189	61	50	1	0	0	0	0	27400	29648	0	1	ok
F	503	c_ret_struct_f32_f32f32	27	141	4538	20	20	4719	22	16	1	0	0	0	0	11928	12892	0	1	ok
F	504	c_struct_f32_f32f32	31	220	3867	21	20	4128	36	31	1	0	0	0	0	13888	15280	0	1	ok
F	505	c_test_struct_f32_f32f32	68	341	9307	20	20	9688	61	50	1	0	0	0	0	27400	29648	0	1	ok
F	509	c_ret_struct_f64	12	100	2525	20	20	2665	7	5	1	0	0	0	0	6184	7092	0	1	ok
F	510	c_struct_f64	16	290	2034	341	30	2695	25	21	1	0	0	0	0	8624	13980	0	1	ok
F	511	c_test_struct_f64	33	141	4608	20	30	4799	27	22	1	0	0	0	0	13584	15728	0	1	ok
F	515	c_ret_struct_f64_f64	17	100	2755	20	20	2895	9	7	1	0	0	0	0	7912	9020	0	1	ok
F	516	c_struct_f64_f64	25	300	2946	401	30	3677	36	31	1	0	0	0	0	11840	17932	0	1	ok
F	517	c_test_struct_f64_f64	47	281	5981	20	20	6302	40	34	1	0	0	0	0	18504	21336	0	1	ok
F	521	c_ret_struct_f64_f64_f64	22	110	2895	20	20	3045	11	9	1	0	0	0	0	9640	10964	0	1	ok
F	522	c_struct_f64_f64_f64	34	300	3958	491	20	4769	47	41	1	0	0	0	0	15048	21884	0	1	ok
F	523	c_test_struct_f64_f64_f64	61	191	7203	20	20	7434	53	46	1	0	0	0	0	23424	26944	0	1	ok
F	527	c_ret_struct_f64_f64_f64_f64	27	230	3196	20	20	3466	13	11	1	0	0	0	0	11368	12892	0	1	ok
F	528	c_struct_f64_f64_f64_f64	43	301	4989	501	30	5821	58	51	1	0	0	0	0	18264	25836	0	1	ok
F	529	c_test_struct_f64_f64_f64_f64	75	210	8275	20	20	8525	66	58	1	0	0	0	0	28344	32544	0	1	ok
F	533	c_ret_struct_f64_f64_f64_f64_f64	32	140	3507	20	20	3687	15	13	1	0	0	0	0	13096	14828	0	1	ok
F	534	c_struct_f64_f64_f64_f64_f64	52	450	5942	591	30	7013	69	61	1	0	0	0	0	21472	29788	0	1	ok
F	535	c_test_struct_f64_f64_f64_f64_f64	89	231	9568	20	20	9839	79	70	1	0	0	0	0	33264	38152	0	1	ok
F	539	c_ret_struct_array_1_f64	14	101	3085	20	20	3226	16	12	1	0	0	0	0	7400	7868	0	1	ok
F	540	c_struct_array_1_f64	19	401	2204	311	20	2936	27	23	1	0	0	0	0	9688	15220	0	1	ok
F	541	c_test_struct_array_1_f64	38	140	5310	20	20	5490	38	31	1	0	0	0	0	15864	17680	0	1	ok
F	545	c_ret_struct_array_2_f64	16	110	3186	20	20	3336	22	17	1	0	0	0	0	8128	8636	0	1	ok
F	546	c_struct_array_2_f64	31	311	3155	391	20	3877	40	35	1	0	0	0	0	13960	20404	0	1	ok
F	547	c_test_struct_array_2_f64	52	190	6673	20	20	6903	57	48	1	0	0	0	0	20824	23304	0	1	ok
F	551	c_ret_struct_array_3_f64	18	261	3737	20	20	4038	28	22	1	0	0	0	0	8864	9412	0	1	ok
F	552	c_struct_array_3_f64	43	321	4138	461	30	4950	53	47	1	0	0	0	0	18232	25588	0	1	ok
F	553	c_test_struct_array_3_f64	66	201	8095	20	20	8336	76	65	1	0	0	0	0	25792	28920	0	1	ok
F	557	c_ret_struct_array_4_f64	20	100	4388	20	20	4528	34	27	1	0	0	0	0	9592	10188	0	1	ok
F	558	c_struct_array_4_f64	55	491	5249	511	30	6281	66	59	1	0	0	0	0	22504	30772	0	1	ok
F	559	c_test_struct_array_4_f64	80	220	10019	20	20	10279	95	82	1	0	0	0	0	30752	34544	0	1	ok
F	563	c_ret_struct_array_5_f64	22	100	4879	20	20	5019	40	32	1	0	0	0	0	10328	10964	0	1	ok
F	564	c_struct_array_5_f64	67	461	6342	561	30	7394	79	71	1	0	0	0	0	26776	35956	0	1	ok
F	565	c_test_struct_array_5_f64	94	231	10780	20	20	11051	114	99	1	0	0	0	0	35720	40168	0	1	ok
F	569	c_ret_union_f64	12	140	2976	20	10	3146	7	5	1	0	0	0	0	6184	7092	0	1	ok
F	570	c_union_f64	16	431	2134	321	20	2906	25	21	1	0	0	0	0	8624	13980	0	1	ok
F	571	c_test_union_f64	33	181	4648	20	30	4879	27	22	1	0	0	0	0	13584	15728	0	1	ok
F	575	c_ret_struct_u32_union_u32_u32u32	33	200	3978	20	30	4228	19	15	1	0	0	0	0	13512	15384	0	1	ok
F	576	c_struct_u32_union_u32_u32u32	35	260	3897	20	20	4197	41	36	1	0	0	0	0	14816	16832	0	1	ok
F	577	c_test_struct_u32_union_u32_u32u32	48	190	4719	20	20	4949	46	40	1	0	0	0	0	18904	21776	0	1	ok
F	595	run_c_tests	434	1924	53380	8435	131	63870	401	340	12	0	0	0	0	156048	194888	0	1	ok
F	596	c_u8	7	270	1182	20	20	1492	14	11	1	0	0	0	0	4952	5616	0	1	ok
F	597	c_u16	7	160	992	20	20	1192	14	11	1	0	0	0	0	4952	5616	0	1	ok
F	598	c_u32	7	240	1012	391	20	1663	10	8	1	0	0	0	0	4976	9448	0	1	ok
F	599	c_u64	7	200	1092	181	30	1503	10	8	1	0	0	0	0	4976	9448	0	1	ok
F	600	c_struct_u128	9	231	1272	20	20	1543	15	12	1	0	0	0	0	5656	6392	0	1	ok
F	601	c_i8	8	210	1253	20	20	1503	15	12	1	0	0	0	0	5304	6008	0	1	ok
F	602	c_i16	8	161	991	20	20	1192	15	12	1	0	0	0	0	5304	6008	0	1	ok
F	603	c_i32	8	200	952	311	20	1483	11	9	1	0	0	0	0	5320	9868	0	1	ok
F	604	c_i64	8	350	942	311	20	1623	12	10	1	0	0	0	0	5328	9896	0	1	ok
F	605	c_struct_i128	10	211	1362	20	20	1613	16	13	1	0	0	0	0	6008	6784	0	1	ok
F	606	c_ptr	11	310	2255	200	20	2785	11	9	1	0	0	0	0	6344	11164	0	1	ok
F	607	c_bool	5	340	842	240	20	1442	5	3	1	0	0	0	0	4216	8532	0	1	ok
F	608	c_five_integers	35	661	4368	832	50	5911	46	40	1	0	0	0	0	16656	24168	0	1	ok
F	609	c_five_floats	35	621	6602	842	40	8105	51	45	1	0	0	0	0	17152	24308	0	1	ok
F	610	c_mut_struct_i32_i32	51	420	6082	30	20	6552	55	47	1	0	0	0	0	20400	23328	0	1	ok
F	611	c_struct_i32_i32	18	190	1933	31	20	2174	24	20	1	0	0	0	0	8824	10064	0	1	ok
F	612	c_big_struct	45	301	4909	20	20	5250	59	52	1	0	0	0	0	18344	21072	0	1	ok
F	613	c_big_union	44	240	4669	30	20	4959	52	46	1	0	0	0	0	17984	20496	0	1	ok
F	614	c_med_struct_mixed	62	410	7855	20	30	8315	70	61	1	0	0	0	0	24784	28072	0	1	ok
F	615	c_ret_med_struct_mixed	25	170	2605	20	20	2815	12	10	1	0	0	0	0	11208	12116	0	1	ok
F	616	c_split_struct_ints	27	220	3096	20	20	3356	37	32	1	0	0	0	0	12000	13736	0	1	ok
F	617	c_split_struct_mixed	62	250	7053	10	30	7343	72	63	1	0	0	0	0	24784	28072	0	1	ok
F	618	c_ret_small_packed_struct	32	270	3136	20	20	3446	46	40	1	0	0	0	0	13328	15056	0	1	ok
F	619	c_small_packed_struct	60	271	8485	20	20	8796	60	54	1	0	0	0	0	23584	27744	0	1	ok
F	620	c_ret_big_packed_struct	23	150	2876	551	20	3597	14	13	1	0	0	0	0	10112	15492	0	1	ok
F	621	c_big_packed_struct	30	281	3416	692	20	4409	32	29	1	0	0	0	0	13152	19680	0	1	ok
F	622	c_ret_split_struct_mixed	25	251	1533	20	20	1824	10	8	1	0	0	0	0	11176	12116	0	1	ok
F	623	c_big_struct_both	64	291	6422	20	20	6753	73	65	1	0	0	0	0	25016	28528	0	1	ok
F	624	c_ret_bool	3	101	370	20	20	511	4	3	1	0	0	0	0	3040	3604	0	1	ok
F	625	c_ret_u8	3	70	331	20	20	441	3	2	1	0	0	0	0	3024	3604	0	1	ok
F	626	c_ret_u16	3	70	330	21	20	441	3	2	1	0	0	0	0	3024	3604	0	1	ok
F	627	c_ret_u32	3	70	361	30	10	471	2	1	1	0	0	0	0	3024	3604	0	1	ok
F	628	c_ret_u64	3	70	371	20	20	481	3	2	1	0	0	0	0	3024	3604	0	1	ok
F	629	c_ret_i8	4	90	582	20	20	712	4	3	1	0	0	0	0	3368	3996	0	1	ok
F	630	c_ret_i16	4	70	351	20	20	461	4	3	1	0	0	0	0	3368	3996	0	1	ok
F	631	c_ret_i32	4	80	341	20	20	461	3	2	1	0	0	0	0	3368	3996	0	1	ok
F	632	c_ret_i64	4	81	360	20	20	481	4	3	1	0	0	0	0	3368	3996	0	1	ok
F	634	c_struct_with_array	18	210	2215	10	30	2465	26	22	1	0	0	0	0	8824	10064	0	1	ok
F	635	c_ret_struct_with_array	13	120	3036	20	20	3196	24	19	1	0	0	0	0	6680	7476	0	1	ok
F	637	c_float_array_struct	44	270	4559	20	20	4869	52	46	1	0	0	0	0	17984	20496	0	1	ok
F	638	c_ret_float_array_struct	38	210	3096	10	30	3346	23	18	1	0	0	0	0	15256	17384	0	1	ok
F	640	c_small_vec	20	311	2685	501	30	3527	26	23	1	0	0	0	0	9600	15144	0	1	ok
F	641	c_ret_small_vec	10	100	1633	331	10	2074	6	5	1	0	0	0	0	5536	10068	0	1	ok
F	643	c_medium_vec	40	451	4118	621	20	5210	50	45	1	0	0	0	0	16728	23968	0	1	ok
F	644	c_ret_medium_vec	14	110	1803	301	20	2234	10	9	1	0	0	0	0	6968	11732	0	1	ok
F	646	c_big_vec	80	351	7945	852	20	9168	98	89	1	0	0	0	0	30984	41608	0	1	ok
F	647	c_ret_big_vec	22	110	2435	391	10	2946	18	17	1	0	0	0	0	9832	15052	0	1	ok
F	649	c_ptr_size_float_struct	18	361	2144	20	20	2545	26	22	1	0	0	0	0	8824	10064	0	1	ok
F	650	c_ret_ptr_size_float_struct	10	250	1393	20	10	1673	9	7	1	0	0	0	0	5528	6316	0	1	ok
F	652	c_assert_DC	26	340	5851	30	20	6241	27	21	5	0	0	0	0	12024	13620	0	1	ok
F	653	c_ret_DC	20	150	1764	20	20	1954	9	7	1	0	0	0	0	9456	10188	0	1	ok
F	655	c_send_DC	8	141	1442	20	10	1613	5	4	1	0	0	0	0	4752	5668	0	1	ok
F	657	c_assert_ret_DC	8	80	852	20	20	972	5	4	1	0	0	0	0	4752	5668	0	1	ok
F	659	c_assert_CFF	36	371	3617	40	20	4048	38	30	7	0	0	0	0	15512	17908	0	1	ok
F	660	c_ret_CFF	24	170	2104	20	20	2314	11	9	1	0	0	0	0	10848	11732	0	1	ok
F	662	c_send_CFF	8	80	821	20	20	941	5	4	1	0	0	0	0	4752	5668	0	1	ok
F	664	c_assert_ret_CFF	8	200	762	20	20	1002	5	4	1	0	0	0	0	4752	5668	0	1	ok
F	666	c_assert_PD	25	200	2805	30	20	3055	27	21	5	0	0	0	0	11680	13236	0	1	ok
F	667	c_ret_PD	19	110	1373	20	30	1533	9	7	1	0	0	0	0	9112	9796	0	1	ok
F	669	c_send_PD	8	91	801	20	20	932	5	4	1	0	0	0	0	4752	5668	0	1	ok
F	671	c_assert_ret_PD	8	80	721	20	10	831	5	4	1	0	0	0	0	4752	5668	0	1	ok
F	673	c_modify_by_ref_param	9	220	932	20	20	1192	8	5	1	0	0	0	0	5592	6392	0	1	ok
F	675	c_func_ptr_byval	110	1092	12273	1563	40	14968	129	116	1	0	0	0	0	43752	57344	0	1	ok
F	676	stdcall_scalars	35	601	5159	932	40	6732	55	47	1	0	0	0	0	17184	24244	0	1	ok
F	678	stdcall_coord2	64	401	7153	20	40	7614	84	73	1	0	0	0	0	25856	29752	0	1	ok
F	679	stdcall_big_union	44	350	4389	20	20	4779	52	46	1	0	0	0	0	17984	20496	0	1	ok
F	683	c_byval_tail_callsite_attr	7	191	641	20	20	872	7	5	1	0	0	0	0	4904	5556	0	1	ok
F	684	c_x86_64_sysv_uint_int_uint_int	30	551	3977	651	40	5219	41	36	1	0	0	0	0	14440	21368	0	1	ok
F	685	c_win64_varargs_u64_f64_u64_f64	28	461	4568	561	30	5620	37	32	1	0	0	0	0	14208	20480	0	1	ok
F	686	c_win64_varargs_f64_u64_f64_u64	28	441	4288	381	30	5140	37	32	1	0	0	0	0	14208	20480	0	1	ok
F	711	c_ret_union_f64_1	11	250	1072	20	20	1362	7	5	1	0	0	0	0	5840	6700	0	1	ok
F	712	c_union_f64_1	42	391	6131	892	30	7444	51	43	1	0	0	0	0	17824	25300	0	1	ok
F	713	c_ret_union_f64_2	11	130	922	20	20	1092	7	5	1	0	0	0	0	5856	6700	0	1	ok
F	714	c_union_f64_2	42	311	4709	481	30	5531	51	43	1	0	0	0	0	17840	25300	0	1	ok
F	715	c_ret_union_f64_3	11	90	852	20	20	982	7	5	1	0	0	0	0	5864	6700	0	1	ok
F	716	c_union_f64_3	42	411	4468	421	20	5320	51	43	1	0	0	0	0	17848	25300	0	1	ok
F	717	c_ret_union_f64_4	11	90	852	20	20	982	7	5	1	0	0	0	0	5880	6700	0	1	ok
F	718	c_union_f64_4	42	300	4389	400	20	5109	51	43	1	0	0	0	0	17864	25300	0	1	ok
F	719	c_ret_union_float_double	11	100	992	20	10	1122	7	5	1	0	0	0	0	5856	6700	0	1	ok
F	720	c_union_float_double	42	290	4479	410	30	5209	51	43	1	0	0	0	0	17840	25300	0	1	ok
F	721	c_ret_union_double_int	11	100	842	20	20	982	7	5	1	0	0	0	0	5856	6700	0	1	ok
F	722	c_union_double_int	42	400	4549	401	30	5380	51	43	1	0	0	0	0	17840	25300	0	1	ok
F	723	c_ret_union_struct_f64x2	21	140	2495	20	20	2675	20	15	1	0	0	0	0	9832	10572	0	1	ok
F	724	c_union_struct_f64x2	83	451	8896	1162	31	10540	90	77	1	0	0	0	0	32920	42596	0	1	ok
F	725	c_ret_struct_union_f64	21	140	2134	21	10	2305	20	15	1	0	0	0	0	9840	10572	0	1	ok
F	726	c_struct_union_f64	79	511	8426	922	30	9889	88	75	1	0	0	0	0	31512	40996	0	1	ok
P	tests/c_abi_cfuncs.c	3263480	393206	2868270	2004	2421741	7060611	0	763	763	611	611	2	2	609	609	727	361	0	361216
