workload,phase,pair,warmup,variant,wallNs,userCpuNs,systemCpuNs,maxRssKiB,instructionsUser,sha256,command
deep-1023,timing,-2,True,before,68865884,26530000,6632000,55740,,38a042d1e2d74068590651125cc224df6cc69bd37633db65cf2f6493b463fe9f,"[""LAUNCHER"", ""BASELINE"", ""REPORT_DIR/abi-benchmark-deep-1023-timing--2-before.json"", ""--"", ""cc"", ""-c"", ""-g"", ""CORPUS/deep-1023.c"", ""-o"", ""CORPUS/comparison.o""]"
deep-1023,timing,-2,True,after,62848181,25552000,4821000,56088,,38a042d1e2d74068590651125cc224df6cc69bd37633db65cf2f6493b463fe9f,"[""LAUNCHER"", ""CANDIDATE"", ""REPORT_DIR/abi-benchmark-deep-1023-timing--2-after.json"", ""--"", ""cc"", ""-c"", ""-g"", ""CORPUS/deep-1023.c"", ""-o"", ""CORPUS/comparison.o""]"
deep-1023,timing,-1,True,after,60028251,25592000,3414000,56120,,38a042d1e2d74068590651125cc224df6cc69bd37633db65cf2f6493b463fe9f,"[""LAUNCHER"", ""CANDIDATE"", ""REPORT_DIR/abi-benchmark-deep-1023-timing--1-after.json"", ""--"", ""cc"", ""-c"", ""-g"", ""CORPUS/deep-1023.c"", ""-o"", ""CORPUS/comparison.o""]"
deep-1023,timing,-1,True,before,55714077,19445000,7074000,55596,,38a042d1e2d74068590651125cc224df6cc69bd37633db65cf2f6493b463fe9f,"[""LAUNCHER"", ""BASELINE"", ""REPORT_DIR/abi-benchmark-deep-1023-timing--1-before.json"", ""--"", ""cc"", ""-c"", ""-g"", ""CORPUS/deep-1023.c"", ""-o"", ""CORPUS/comparison.o""]"
deep-1023,timing,0,False,before,49728666,17608000,5860000,55864,,38a042d1e2d74068590651125cc224df6cc69bd37633db65cf2f6493b463fe9f,"[""LAUNCHER"", ""BASELINE"", ""REPORT_DIR/abi-benchmark-deep-1023-timing-0-before.json"", ""--"", ""cc"", ""-c"", ""-g"", ""CORPUS/deep-1023.c"", ""-o"", ""CORPUS/comparison.o""]"
deep-1023,timing,0,False,after,46127333,17616000,5192000,56040,,38a042d1e2d74068590651125cc224df6cc69bd37633db65cf2f6493b463fe9f,"[""LAUNCHER"", ""CANDIDATE"", ""REPORT_DIR/abi-benchmark-deep-1023-timing-0-after.json"", ""--"", ""cc"", ""-c"", ""-g"", ""CORPUS/deep-1023.c"", ""-o"", ""CORPUS/comparison.o""]"
deep-1023,timing,1,False,after,45972528,15546000,7169000,56156,,38a042d1e2d74068590651125cc224df6cc69bd37633db65cf2f6493b463fe9f,"[""LAUNCHER"", ""CANDIDATE"", ""REPORT_DIR/abi-benchmark-deep-1023-timing-1-after.json"", ""--"", ""cc"", ""-c"", ""-g"", ""CORPUS/deep-1023.c"", ""-o"", ""CORPUS/comparison.o""]"
deep-1023,timing,1,False,before,43093344,20021000,1175000,55812,,38a042d1e2d74068590651125cc224df6cc69bd37633db65cf2f6493b463fe9f,"[""LAUNCHER"", ""BASELINE"", ""REPORT_DIR/abi-benchmark-deep-1023-timing-1-before.json"", ""--"", ""cc"", ""-c"", ""-g"", ""CORPUS/deep-1023.c"", ""-o"", ""CORPUS/comparison.o""]"
deep-1023,timing,2,False,before,61267067,21428000,8737000,55832,,38a042d1e2d74068590651125cc224df6cc69bd37633db65cf2f6493b463fe9f,"[""LAUNCHER"", ""BASELINE"", ""REPORT_DIR/abi-benchmark-deep-1023-timing-2-before.json"", ""--"", ""cc"", ""-c"", ""-g"", ""CORPUS/deep-1023.c"", ""-o"", ""CORPUS/comparison.o""]"
deep-1023,timing,2,False,after,44792885,19013000,2720000,56184,,38a042d1e2d74068590651125cc224df6cc69bd37633db65cf2f6493b463fe9f,"[""LAUNCHER"", ""CANDIDATE"", ""REPORT_DIR/abi-benchmark-deep-1023-timing-2-after.json"", ""--"", ""cc"", ""-c"", ""-g"", ""CORPUS/deep-1023.c"", ""-o"", ""CORPUS/comparison.o""]"
deep-1023,timing,3,False,after,40074675,15081000,4606000,56092,,38a042d1e2d74068590651125cc224df6cc69bd37633db65cf2f6493b463fe9f,"[""LAUNCHER"", ""CANDIDATE"", ""REPORT_DIR/abi-benchmark-deep-1023-timing-3-after.json"", ""--"", ""cc"", ""-c"", ""-g"", ""CORPUS/deep-1023.c"", ""-o"", ""CORPUS/comparison.o""]"
deep-1023,timing,3,False,before,40730624,16249000,4063000,55784,,38a042d1e2d74068590651125cc224df6cc69bd37633db65cf2f6493b463fe9f,"[""LAUNCHER"", ""BASELINE"", ""REPORT_DIR/abi-benchmark-deep-1023-timing-3-before.json"", ""--"", ""cc"", ""-c"", ""-g"", ""CORPUS/deep-1023.c"", ""-o"", ""CORPUS/comparison.o""]"
deep-1023,timing,4,False,before,40146187,14788000,4954000,55588,,38a042d1e2d74068590651125cc224df6cc69bd37633db65cf2f6493b463fe9f,"[""LAUNCHER"", ""BASELINE"", ""REPORT_DIR/abi-benchmark-deep-1023-timing-4-before.json"", ""--"", ""cc"", ""-c"", ""-g"", ""CORPUS/deep-1023.c"", ""-o"", ""CORPUS/comparison.o""]"
deep-1023,timing,4,False,after,40112604,15319000,4385000,55808,,38a042d1e2d74068590651125cc224df6cc69bd37633db65cf2f6493b463fe9f,"[""LAUNCHER"", ""CANDIDATE"", ""REPORT_DIR/abi-benchmark-deep-1023-timing-4-after.json"", ""--"", ""cc"", ""-c"", ""-g"", ""CORPUS/deep-1023.c"", ""-o"", ""CORPUS/comparison.o""]"
deep-1023,timing,5,False,after,40166144,16504000,3306000,56164,,38a042d1e2d74068590651125cc224df6cc69bd37633db65cf2f6493b463fe9f,"[""LAUNCHER"", ""CANDIDATE"", ""REPORT_DIR/abi-benchmark-deep-1023-timing-5-after.json"", ""--"", ""cc"", ""-c"", ""-g"", ""CORPUS/deep-1023.c"", ""-o"", ""CORPUS/comparison.o""]"
deep-1023,timing,5,False,before,45677285,19214000,3027000,55700,,38a042d1e2d74068590651125cc224df6cc69bd37633db65cf2f6493b463fe9f,"[""LAUNCHER"", ""BASELINE"", ""REPORT_DIR/abi-benchmark-deep-1023-timing-5-before.json"", ""--"", ""cc"", ""-c"", ""-g"", ""CORPUS/deep-1023.c"", ""-o"", ""CORPUS/comparison.o""]"
deep-1023,timing,6,False,before,40057903,11770000,7806000,55700,,38a042d1e2d74068590651125cc224df6cc69bd37633db65cf2f6493b463fe9f,"[""LAUNCHER"", ""BASELINE"", ""REPORT_DIR/abi-benchmark-deep-1023-timing-6-before.json"", ""--"", ""cc"", ""-c"", ""-g"", ""CORPUS/deep-1023.c"", ""-o"", ""CORPUS/comparison.o""]"
deep-1023,timing,6,False,after,40009206,16393000,3272000,55788,,38a042d1e2d74068590651125cc224df6cc69bd37633db65cf2f6493b463fe9f,"[""LAUNCHER"", ""CANDIDATE"", ""REPORT_DIR/abi-benchmark-deep-1023-timing-6-after.json"", ""--"", ""cc"", ""-c"", ""-g"", ""CORPUS/deep-1023.c"", ""-o"", ""CORPUS/comparison.o""]"
deep-1023,timing,7,False,after,40214467,14620000,4868000,56008,,38a042d1e2d74068590651125cc224df6cc69bd37633db65cf2f6493b463fe9f,"[""LAUNCHER"", ""CANDIDATE"", ""REPORT_DIR/abi-benchmark-deep-1023-timing-7-after.json"", ""--"", ""cc"", ""-c"", ""-g"", ""CORPUS/deep-1023.c"", ""-o"", ""CORPUS/comparison.o""]"
deep-1023,timing,7,False,before,39750678,15821000,3387000,55516,,38a042d1e2d74068590651125cc224df6cc69bd37633db65cf2f6493b463fe9f,"[""LAUNCHER"", ""BASELINE"", ""REPORT_DIR/abi-benchmark-deep-1023-timing-7-before.json"", ""--"", ""cc"", ""-c"", ""-g"", ""CORPUS/deep-1023.c"", ""-o"", ""CORPUS/comparison.o""]"
deep-1023,timing,8,False,before,40813091,15216000,4331000,55784,,38a042d1e2d74068590651125cc224df6cc69bd37633db65cf2f6493b463fe9f,"[""LAUNCHER"", ""BASELINE"", ""REPORT_DIR/abi-benchmark-deep-1023-timing-8-before.json"", ""--"", ""cc"", ""-c"", ""-g"", ""CORPUS/deep-1023.c"", ""-o"", ""CORPUS/comparison.o""]"
deep-1023,timing,8,False,after,39077675,17673000,978000,56032,,38a042d1e2d74068590651125cc224df6cc69bd37633db65cf2f6493b463fe9f,"[""LAUNCHER"", ""CANDIDATE"", ""REPORT_DIR/abi-benchmark-deep-1023-timing-8-after.json"", ""--"", ""cc"", ""-c"", ""-g"", ""CORPUS/deep-1023.c"", ""-o"", ""CORPUS/comparison.o""]"
deep-1023,counter,0,False,before,,,,,94722191,38a042d1e2d74068590651125cc224df6cc69bd37633db65cf2f6493b463fe9f,"[""taskset"", ""-c"", ""2"", ""perf"", ""stat"", ""-x"", "";"", ""-e"", ""instructions:u"", ""--"", ""BASELINE"", ""cc"", ""-c"", ""-g"", ""CORPUS/deep-1023.c"", ""-o"", ""CORPUS/comparison.o""]"
deep-1023,counter,0,False,after,,,,,94722305,38a042d1e2d74068590651125cc224df6cc69bd37633db65cf2f6493b463fe9f,"[""taskset"", ""-c"", ""2"", ""perf"", ""stat"", ""-x"", "";"", ""-e"", ""instructions:u"", ""--"", ""CANDIDATE"", ""cc"", ""-c"", ""-g"", ""CORPUS/deep-1023.c"", ""-o"", ""CORPUS/comparison.o""]"
deep-1023,counter,1,False,after,,,,,94722036,38a042d1e2d74068590651125cc224df6cc69bd37633db65cf2f6493b463fe9f,"[""taskset"", ""-c"", ""2"", ""perf"", ""stat"", ""-x"", "";"", ""-e"", ""instructions:u"", ""--"", ""CANDIDATE"", ""cc"", ""-c"", ""-g"", ""CORPUS/deep-1023.c"", ""-o"", ""CORPUS/comparison.o""]"
deep-1023,counter,1,False,before,,,,,94722329,38a042d1e2d74068590651125cc224df6cc69bd37633db65cf2f6493b463fe9f,"[""taskset"", ""-c"", ""2"", ""perf"", ""stat"", ""-x"", "";"", ""-e"", ""instructions:u"", ""--"", ""BASELINE"", ""cc"", ""-c"", ""-g"", ""CORPUS/deep-1023.c"", ""-o"", ""CORPUS/comparison.o""]"
deep-1023,counter,2,False,before,,,,,94721648,38a042d1e2d74068590651125cc224df6cc69bd37633db65cf2f6493b463fe9f,"[""taskset"", ""-c"", ""2"", ""perf"", ""stat"", ""-x"", "";"", ""-e"", ""instructions:u"", ""--"", ""BASELINE"", ""cc"", ""-c"", ""-g"", ""CORPUS/deep-1023.c"", ""-o"", ""CORPUS/comparison.o""]"
deep-1023,counter,2,False,after,,,,,94721677,38a042d1e2d74068590651125cc224df6cc69bd37633db65cf2f6493b463fe9f,"[""taskset"", ""-c"", ""2"", ""perf"", ""stat"", ""-x"", "";"", ""-e"", ""instructions:u"", ""--"", ""CANDIDATE"", ""cc"", ""-c"", ""-g"", ""CORPUS/deep-1023.c"", ""-o"", ""CORPUS/comparison.o""]"
operations,timing,-2,True,before,45552260,16299000,6209000,60052,,92e3917c6808e7e0661d88aed172f635a29171231a8bdb702bcf4a0fdc646013,"[""LAUNCHER"", ""BASELINE"", ""REPORT_DIR/abi-benchmark-operations-timing--2-before.json"", ""--"", ""cc"", ""-c"", ""-g"", ""CORPUS/operations.c"", ""-o"", ""CORPUS/comparison.o""]"
operations,timing,-2,True,after,45631110,18843000,3141000,60240,,92e3917c6808e7e0661d88aed172f635a29171231a8bdb702bcf4a0fdc646013,"[""LAUNCHER"", ""CANDIDATE"", ""REPORT_DIR/abi-benchmark-operations-timing--2-after.json"", ""--"", ""cc"", ""-c"", ""-g"", ""CORPUS/operations.c"", ""-o"", ""CORPUS/comparison.o""]"
operations,timing,-1,True,after,46409942,17953000,4987000,60004,,92e3917c6808e7e0661d88aed172f635a29171231a8bdb702bcf4a0fdc646013,"[""LAUNCHER"", ""CANDIDATE"", ""REPORT_DIR/abi-benchmark-operations-timing--1-after.json"", ""--"", ""cc"", ""-c"", ""-g"", ""CORPUS/operations.c"", ""-o"", ""CORPUS/comparison.o""]"
operations,timing,-1,True,before,45717822,15325000,7133000,59992,,92e3917c6808e7e0661d88aed172f635a29171231a8bdb702bcf4a0fdc646013,"[""LAUNCHER"", ""BASELINE"", ""REPORT_DIR/abi-benchmark-operations-timing--1-before.json"", ""--"", ""cc"", ""-c"", ""-g"", ""CORPUS/operations.c"", ""-o"", ""CORPUS/comparison.o""]"
operations,timing,0,False,before,44731505,20414000,1069000,59592,,92e3917c6808e7e0661d88aed172f635a29171231a8bdb702bcf4a0fdc646013,"[""LAUNCHER"", ""BASELINE"", ""REPORT_DIR/abi-benchmark-operations-timing-0-before.json"", ""--"", ""cc"", ""-c"", ""-g"", ""CORPUS/operations.c"", ""-o"", ""CORPUS/comparison.o""]"
operations,timing,0,False,after,41341863,16874000,3613000,60412,,92e3917c6808e7e0661d88aed172f635a29171231a8bdb702bcf4a0fdc646013,"[""LAUNCHER"", ""CANDIDATE"", ""REPORT_DIR/abi-benchmark-operations-timing-0-after.json"", ""--"", ""cc"", ""-c"", ""-g"", ""CORPUS/operations.c"", ""-o"", ""CORPUS/comparison.o""]"
operations,timing,1,False,after,45890006,19705000,1715000,60056,,92e3917c6808e7e0661d88aed172f635a29171231a8bdb702bcf4a0fdc646013,"[""LAUNCHER"", ""CANDIDATE"", ""REPORT_DIR/abi-benchmark-operations-timing-1-after.json"", ""--"", ""cc"", ""-c"", ""-g"", ""CORPUS/operations.c"", ""-o"", ""CORPUS/comparison.o""]"
operations,timing,1,False,before,43633645,19166000,2562000,59992,,92e3917c6808e7e0661d88aed172f635a29171231a8bdb702bcf4a0fdc646013,"[""LAUNCHER"", ""BASELINE"", ""REPORT_DIR/abi-benchmark-operations-timing-1-before.json"", ""--"", ""cc"", ""-c"", ""-g"", ""CORPUS/operations.c"", ""-o"", ""CORPUS/comparison.o""]"
operations,timing,2,False,before,44112809,16962000,4232000,59912,,92e3917c6808e7e0661d88aed172f635a29171231a8bdb702bcf4a0fdc646013,"[""LAUNCHER"", ""BASELINE"", ""REPORT_DIR/abi-benchmark-operations-timing-2-before.json"", ""--"", ""cc"", ""-c"", ""-g"", ""CORPUS/operations.c"", ""-o"", ""CORPUS/comparison.o""]"
operations,timing,2,False,after,42978955,17695000,3717000,60296,,92e3917c6808e7e0661d88aed172f635a29171231a8bdb702bcf4a0fdc646013,"[""LAUNCHER"", ""CANDIDATE"", ""REPORT_DIR/abi-benchmark-operations-timing-2-after.json"", ""--"", ""cc"", ""-c"", ""-g"", ""CORPUS/operations.c"", ""-o"", ""CORPUS/comparison.o""]"
operations,timing,3,False,after,43241434,18196000,2111000,60300,,92e3917c6808e7e0661d88aed172f635a29171231a8bdb702bcf4a0fdc646013,"[""LAUNCHER"", ""CANDIDATE"", ""REPORT_DIR/abi-benchmark-operations-timing-3-after.json"", ""--"", ""cc"", ""-c"", ""-g"", ""CORPUS/operations.c"", ""-o"", ""CORPUS/comparison.o""]"
operations,timing,3,False,before,45819289,17657000,4893000,59856,,92e3917c6808e7e0661d88aed172f635a29171231a8bdb702bcf4a0fdc646013,"[""LAUNCHER"", ""BASELINE"", ""REPORT_DIR/abi-benchmark-operations-timing-3-before.json"", ""--"", ""cc"", ""-c"", ""-g"", ""CORPUS/operations.c"", ""-o"", ""CORPUS/comparison.o""]"
operations,timing,4,False,before,45577165,19727000,2323000,59992,,92e3917c6808e7e0661d88aed172f635a29171231a8bdb702bcf4a0fdc646013,"[""LAUNCHER"", ""BASELINE"", ""REPORT_DIR/abi-benchmark-operations-timing-4-before.json"", ""--"", ""cc"", ""-c"", ""-g"", ""CORPUS/operations.c"", ""-o"", ""CORPUS/comparison.o""]"
operations,timing,4,False,after,46756510,15417000,7252000,60280,,92e3917c6808e7e0661d88aed172f635a29171231a8bdb702bcf4a0fdc646013,"[""LAUNCHER"", ""CANDIDATE"", ""REPORT_DIR/abi-benchmark-operations-timing-4-after.json"", ""--"", ""cc"", ""-c"", ""-g"", ""CORPUS/operations.c"", ""-o"", ""CORPUS/comparison.o""]"
operations,timing,5,False,after,41938515,18547000,2459000,60400,,92e3917c6808e7e0661d88aed172f635a29171231a8bdb702bcf4a0fdc646013,"[""LAUNCHER"", ""CANDIDATE"", ""REPORT_DIR/abi-benchmark-operations-timing-5-after.json"", ""--"", ""cc"", ""-c"", ""-g"", ""CORPUS/operations.c"", ""-o"", ""CORPUS/comparison.o""]"
operations,timing,5,False,before,41689266,16281000,4537000,59964,,92e3917c6808e7e0661d88aed172f635a29171231a8bdb702bcf4a0fdc646013,"[""LAUNCHER"", ""BASELINE"", ""REPORT_DIR/abi-benchmark-operations-timing-5-before.json"", ""--"", ""cc"", ""-c"", ""-g"", ""CORPUS/operations.c"", ""-o"", ""CORPUS/comparison.o""]"
operations,timing,6,False,before,41121490,15311000,4706000,59628,,92e3917c6808e7e0661d88aed172f635a29171231a8bdb702bcf4a0fdc646013,"[""LAUNCHER"", ""BASELINE"", ""REPORT_DIR/abi-benchmark-operations-timing-6-before.json"", ""--"", ""cc"", ""-c"", ""-g"", ""CORPUS/operations.c"", ""-o"", ""CORPUS/comparison.o""]"
operations,timing,6,False,after,40000511,17554000,2292000,60276,,92e3917c6808e7e0661d88aed172f635a29171231a8bdb702bcf4a0fdc646013,"[""LAUNCHER"", ""CANDIDATE"", ""REPORT_DIR/abi-benchmark-operations-timing-6-after.json"", ""--"", ""cc"", ""-c"", ""-g"", ""CORPUS/operations.c"", ""-o"", ""CORPUS/comparison.o""]"
operations,timing,7,False,after,40193254,15988000,3993000,59876,,92e3917c6808e7e0661d88aed172f635a29171231a8bdb702bcf4a0fdc646013,"[""LAUNCHER"", ""CANDIDATE"", ""REPORT_DIR/abi-benchmark-operations-timing-7-after.json"", ""--"", ""cc"", ""-c"", ""-g"", ""CORPUS/operations.c"", ""-o"", ""CORPUS/comparison.o""]"
operations,timing,7,False,before,40156991,15831000,4217000,59984,,92e3917c6808e7e0661d88aed172f635a29171231a8bdb702bcf4a0fdc646013,"[""LAUNCHER"", ""BASELINE"", ""REPORT_DIR/abi-benchmark-operations-timing-7-before.json"", ""--"", ""cc"", ""-c"", ""-g"", ""CORPUS/operations.c"", ""-o"", ""CORPUS/comparison.o""]"
operations,timing,8,False,before,40221822,11646000,8427000,59672,,92e3917c6808e7e0661d88aed172f635a29171231a8bdb702bcf4a0fdc646013,"[""LAUNCHER"", ""BASELINE"", ""REPORT_DIR/abi-benchmark-operations-timing-8-before.json"", ""--"", ""cc"", ""-c"", ""-g"", ""CORPUS/operations.c"", ""-o"", ""CORPUS/comparison.o""]"
operations,timing,8,False,after,38556261,15434000,3309000,60248,,92e3917c6808e7e0661d88aed172f635a29171231a8bdb702bcf4a0fdc646013,"[""LAUNCHER"", ""CANDIDATE"", ""REPORT_DIR/abi-benchmark-operations-timing-8-after.json"", ""--"", ""cc"", ""-c"", ""-g"", ""CORPUS/operations.c"", ""-o"", ""CORPUS/comparison.o""]"
operations,counter,0,False,before,,,,,107573809,92e3917c6808e7e0661d88aed172f635a29171231a8bdb702bcf4a0fdc646013,"[""taskset"", ""-c"", ""2"", ""perf"", ""stat"", ""-x"", "";"", ""-e"", ""instructions:u"", ""--"", ""BASELINE"", ""cc"", ""-c"", ""-g"", ""CORPUS/operations.c"", ""-o"", ""CORPUS/comparison.o""]"
operations,counter,0,False,after,,,,,107573581,92e3917c6808e7e0661d88aed172f635a29171231a8bdb702bcf4a0fdc646013,"[""taskset"", ""-c"", ""2"", ""perf"", ""stat"", ""-x"", "";"", ""-e"", ""instructions:u"", ""--"", ""CANDIDATE"", ""cc"", ""-c"", ""-g"", ""CORPUS/operations.c"", ""-o"", ""CORPUS/comparison.o""]"
operations,counter,1,False,after,,,,,107572717,92e3917c6808e7e0661d88aed172f635a29171231a8bdb702bcf4a0fdc646013,"[""taskset"", ""-c"", ""2"", ""perf"", ""stat"", ""-x"", "";"", ""-e"", ""instructions:u"", ""--"", ""CANDIDATE"", ""cc"", ""-c"", ""-g"", ""CORPUS/operations.c"", ""-o"", ""CORPUS/comparison.o""]"
operations,counter,1,False,before,,,,,107573325,92e3917c6808e7e0661d88aed172f635a29171231a8bdb702bcf4a0fdc646013,"[""taskset"", ""-c"", ""2"", ""perf"", ""stat"", ""-x"", "";"", ""-e"", ""instructions:u"", ""--"", ""BASELINE"", ""cc"", ""-c"", ""-g"", ""CORPUS/operations.c"", ""-o"", ""CORPUS/comparison.o""]"
operations,counter,2,False,before,,,,,107573260,92e3917c6808e7e0661d88aed172f635a29171231a8bdb702bcf4a0fdc646013,"[""taskset"", ""-c"", ""2"", ""perf"", ""stat"", ""-x"", "";"", ""-e"", ""instructions:u"", ""--"", ""BASELINE"", ""cc"", ""-c"", ""-g"", ""CORPUS/operations.c"", ""-o"", ""CORPUS/comparison.o""]"
operations,counter,2,False,after,,,,,107573657,92e3917c6808e7e0661d88aed172f635a29171231a8bdb702bcf4a0fdc646013,"[""taskset"", ""-c"", ""2"", ""perf"", ""stat"", ""-x"", "";"", ""-e"", ""instructions:u"", ""--"", ""CANDIDATE"", ""cc"", ""-c"", ""-g"", ""CORPUS/operations.c"", ""-o"", ""CORPUS/comparison.o""]"
shallow-2048,timing,-2,True,before,1202237935,61233000,9250000,137888,,955eaddcaa41b9c4faa0f7a3f380585abaad104b441a6a691ec693d6665c21a2,"[""LAUNCHER"", ""BASELINE"", ""REPORT_DIR/abi-benchmark-shallow-2048-timing--2-before.json"", ""--"", ""cc"", ""-c"", ""-g"", ""CORPUS/shallow-2048.c"", ""-o"", ""CORPUS/comparison.o""]"
shallow-2048,timing,-2,True,after,178989051,62342000,11156000,137912,,955eaddcaa41b9c4faa0f7a3f380585abaad104b441a6a691ec693d6665c21a2,"[""LAUNCHER"", ""CANDIDATE"", ""REPORT_DIR/abi-benchmark-shallow-2048-timing--2-after.json"", ""--"", ""cc"", ""-c"", ""-g"", ""CORPUS/shallow-2048.c"", ""-o"", ""CORPUS/comparison.o""]"
shallow-2048,timing,-1,True,after,179508383,70131000,12480000,138384,,955eaddcaa41b9c4faa0f7a3f380585abaad104b441a6a691ec693d6665c21a2,"[""LAUNCHER"", ""CANDIDATE"", ""REPORT_DIR/abi-benchmark-shallow-2048-timing--1-after.json"", ""--"", ""cc"", ""-c"", ""-g"", ""CORPUS/shallow-2048.c"", ""-o"", ""CORPUS/comparison.o""]"
shallow-2048,timing,-1,True,before,138788323,56788000,8815000,137984,,955eaddcaa41b9c4faa0f7a3f380585abaad104b441a6a691ec693d6665c21a2,"[""LAUNCHER"", ""BASELINE"", ""REPORT_DIR/abi-benchmark-shallow-2048-timing--1-before.json"", ""--"", ""cc"", ""-c"", ""-g"", ""CORPUS/shallow-2048.c"", ""-o"", ""CORPUS/comparison.o""]"
shallow-2048,timing,0,False,before,135071131,57411000,7052000,137760,,955eaddcaa41b9c4faa0f7a3f380585abaad104b441a6a691ec693d6665c21a2,"[""LAUNCHER"", ""BASELINE"", ""REPORT_DIR/abi-benchmark-shallow-2048-timing-0-before.json"", ""--"", ""cc"", ""-c"", ""-g"", ""CORPUS/shallow-2048.c"", ""-o"", ""CORPUS/comparison.o""]"
shallow-2048,timing,0,False,after,132235633,55657000,7080000,138144,,955eaddcaa41b9c4faa0f7a3f380585abaad104b441a6a691ec693d6665c21a2,"[""LAUNCHER"", ""CANDIDATE"", ""REPORT_DIR/abi-benchmark-shallow-2048-timing-0-after.json"", ""--"", ""cc"", ""-c"", ""-g"", ""CORPUS/shallow-2048.c"", ""-o"", ""CORPUS/comparison.o""]"
shallow-2048,timing,1,False,after,137541478,59543000,6134000,138588,,955eaddcaa41b9c4faa0f7a3f380585abaad104b441a6a691ec693d6665c21a2,"[""LAUNCHER"", ""CANDIDATE"", ""REPORT_DIR/abi-benchmark-shallow-2048-timing-1-after.json"", ""--"", ""cc"", ""-c"", ""-g"", ""CORPUS/shallow-2048.c"", ""-o"", ""CORPUS/comparison.o""]"
shallow-2048,timing,1,False,before,138328646,54069000,10215000,137928,,955eaddcaa41b9c4faa0f7a3f380585abaad104b441a6a691ec693d6665c21a2,"[""LAUNCHER"", ""BASELINE"", ""REPORT_DIR/abi-benchmark-shallow-2048-timing-1-before.json"", ""--"", ""cc"", ""-c"", ""-g"", ""CORPUS/shallow-2048.c"", ""-o"", ""CORPUS/comparison.o""]"
shallow-2048,timing,2,False,before,135416270,46960000,17476000,137780,,955eaddcaa41b9c4faa0f7a3f380585abaad104b441a6a691ec693d6665c21a2,"[""LAUNCHER"", ""BASELINE"", ""REPORT_DIR/abi-benchmark-shallow-2048-timing-2-before.json"", ""--"", ""cc"", ""-c"", ""-g"", ""CORPUS/shallow-2048.c"", ""-o"", ""CORPUS/comparison.o""]"
shallow-2048,timing,2,False,after,133983731,54760000,9137000,137904,,955eaddcaa41b9c4faa0f7a3f380585abaad104b441a6a691ec693d6665c21a2,"[""LAUNCHER"", ""CANDIDATE"", ""REPORT_DIR/abi-benchmark-shallow-2048-timing-2-after.json"", ""--"", ""cc"", ""-c"", ""-g"", ""CORPUS/shallow-2048.c"", ""-o"", ""CORPUS/comparison.o""]"
shallow-2048,timing,3,False,after,139092519,57578000,8078000,138004,,955eaddcaa41b9c4faa0f7a3f380585abaad104b441a6a691ec693d6665c21a2,"[""LAUNCHER"", ""CANDIDATE"", ""REPORT_DIR/abi-benchmark-shallow-2048-timing-3-after.json"", ""--"", ""cc"", ""-c"", ""-g"", ""CORPUS/shallow-2048.c"", ""-o"", ""CORPUS/comparison.o""]"
shallow-2048,timing,3,False,before,144237853,57773000,8671000,137976,,955eaddcaa41b9c4faa0f7a3f380585abaad104b441a6a691ec693d6665c21a2,"[""LAUNCHER"", ""BASELINE"", ""REPORT_DIR/abi-benchmark-shallow-2048-timing-3-before.json"", ""--"", ""cc"", ""-c"", ""-g"", ""CORPUS/shallow-2048.c"", ""-o"", ""CORPUS/comparison.o""]"
shallow-2048,timing,4,False,before,132312340,53643000,9583000,137964,,955eaddcaa41b9c4faa0f7a3f380585abaad104b441a6a691ec693d6665c21a2,"[""LAUNCHER"", ""BASELINE"", ""REPORT_DIR/abi-benchmark-shallow-2048-timing-4-before.json"", ""--"", ""cc"", ""-c"", ""-g"", ""CORPUS/shallow-2048.c"", ""-o"", ""CORPUS/comparison.o""]"
shallow-2048,timing,4,False,after,134342386,58549000,4691000,138160,,955eaddcaa41b9c4faa0f7a3f380585abaad104b441a6a691ec693d6665c21a2,"[""LAUNCHER"", ""CANDIDATE"", ""REPORT_DIR/abi-benchmark-shallow-2048-timing-4-after.json"", ""--"", ""cc"", ""-c"", ""-g"", ""CORPUS/shallow-2048.c"", ""-o"", ""CORPUS/comparison.o""]"
shallow-2048,timing,5,False,after,132527347,53702000,9278000,138168,,955eaddcaa41b9c4faa0f7a3f380585abaad104b441a6a691ec693d6665c21a2,"[""LAUNCHER"", ""CANDIDATE"", ""REPORT_DIR/abi-benchmark-shallow-2048-timing-5-after.json"", ""--"", ""cc"", ""-c"", ""-g"", ""CORPUS/shallow-2048.c"", ""-o"", ""CORPUS/comparison.o""]"
shallow-2048,timing,5,False,before,145200670,56525000,9859000,137992,,955eaddcaa41b9c4faa0f7a3f380585abaad104b441a6a691ec693d6665c21a2,"[""LAUNCHER"", ""BASELINE"", ""REPORT_DIR/abi-benchmark-shallow-2048-timing-5-before.json"", ""--"", ""cc"", ""-c"", ""-g"", ""CORPUS/shallow-2048.c"", ""-o"", ""CORPUS/comparison.o""]"
shallow-2048,timing,6,False,before,134966904,56807000,7930000,137920,,955eaddcaa41b9c4faa0f7a3f380585abaad104b441a6a691ec693d6665c21a2,"[""LAUNCHER"", ""BASELINE"", ""REPORT_DIR/abi-benchmark-shallow-2048-timing-6-before.json"", ""--"", ""cc"", ""-c"", ""-g"", ""CORPUS/shallow-2048.c"", ""-o"", ""CORPUS/comparison.o""]"
shallow-2048,timing,6,False,after,131718480,54029000,9335000,138200,,955eaddcaa41b9c4faa0f7a3f380585abaad104b441a6a691ec693d6665c21a2,"[""LAUNCHER"", ""CANDIDATE"", ""REPORT_DIR/abi-benchmark-shallow-2048-timing-6-after.json"", ""--"", ""cc"", ""-c"", ""-g"", ""CORPUS/shallow-2048.c"", ""-o"", ""CORPUS/comparison.o""]"
shallow-2048,timing,7,False,after,136313041,56383000,7622000,138008,,955eaddcaa41b9c4faa0f7a3f380585abaad104b441a6a691ec693d6665c21a2,"[""LAUNCHER"", ""CANDIDATE"", ""REPORT_DIR/abi-benchmark-shallow-2048-timing-7-after.json"", ""--"", ""cc"", ""-c"", ""-g"", ""CORPUS/shallow-2048.c"", ""-o"", ""CORPUS/comparison.o""]"
shallow-2048,timing,7,False,before,143841751,61983000,3807000,137980,,955eaddcaa41b9c4faa0f7a3f380585abaad104b441a6a691ec693d6665c21a2,"[""LAUNCHER"", ""BASELINE"", ""REPORT_DIR/abi-benchmark-shallow-2048-timing-7-before.json"", ""--"", ""cc"", ""-c"", ""-g"", ""CORPUS/shallow-2048.c"", ""-o"", ""CORPUS/comparison.o""]"
shallow-2048,timing,8,False,before,134359586,56047000,7865000,138264,,955eaddcaa41b9c4faa0f7a3f380585abaad104b441a6a691ec693d6665c21a2,"[""LAUNCHER"", ""BASELINE"", ""REPORT_DIR/abi-benchmark-shallow-2048-timing-8-before.json"", ""--"", ""cc"", ""-c"", ""-g"", ""CORPUS/shallow-2048.c"", ""-o"", ""CORPUS/comparison.o""]"
shallow-2048,timing,8,False,after,136733412,58391000,6573000,138236,,955eaddcaa41b9c4faa0f7a3f380585abaad104b441a6a691ec693d6665c21a2,"[""LAUNCHER"", ""CANDIDATE"", ""REPORT_DIR/abi-benchmark-shallow-2048-timing-8-after.json"", ""--"", ""cc"", ""-c"", ""-g"", ""CORPUS/shallow-2048.c"", ""-o"", ""CORPUS/comparison.o""]"
shallow-2048,counter,0,False,before,,,,,478567908,955eaddcaa41b9c4faa0f7a3f380585abaad104b441a6a691ec693d6665c21a2,"[""taskset"", ""-c"", ""2"", ""perf"", ""stat"", ""-x"", "";"", ""-e"", ""instructions:u"", ""--"", ""BASELINE"", ""cc"", ""-c"", ""-g"", ""CORPUS/shallow-2048.c"", ""-o"", ""CORPUS/comparison.o""]"
shallow-2048,counter,0,False,after,,,,,478568183,955eaddcaa41b9c4faa0f7a3f380585abaad104b441a6a691ec693d6665c21a2,"[""taskset"", ""-c"", ""2"", ""perf"", ""stat"", ""-x"", "";"", ""-e"", ""instructions:u"", ""--"", ""CANDIDATE"", ""cc"", ""-c"", ""-g"", ""CORPUS/shallow-2048.c"", ""-o"", ""CORPUS/comparison.o""]"
shallow-2048,counter,1,False,after,,,,,478567870,955eaddcaa41b9c4faa0f7a3f380585abaad104b441a6a691ec693d6665c21a2,"[""taskset"", ""-c"", ""2"", ""perf"", ""stat"", ""-x"", "";"", ""-e"", ""instructions:u"", ""--"", ""CANDIDATE"", ""cc"", ""-c"", ""-g"", ""CORPUS/shallow-2048.c"", ""-o"", ""CORPUS/comparison.o""]"
shallow-2048,counter,1,False,before,,,,,478564069,955eaddcaa41b9c4faa0f7a3f380585abaad104b441a6a691ec693d6665c21a2,"[""taskset"", ""-c"", ""2"", ""perf"", ""stat"", ""-x"", "";"", ""-e"", ""instructions:u"", ""--"", ""BASELINE"", ""cc"", ""-c"", ""-g"", ""CORPUS/shallow-2048.c"", ""-o"", ""CORPUS/comparison.o""]"
shallow-2048,counter,2,False,before,,,,,478568284,955eaddcaa41b9c4faa0f7a3f380585abaad104b441a6a691ec693d6665c21a2,"[""taskset"", ""-c"", ""2"", ""perf"", ""stat"", ""-x"", "";"", ""-e"", ""instructions:u"", ""--"", ""BASELINE"", ""cc"", ""-c"", ""-g"", ""CORPUS/shallow-2048.c"", ""-o"", ""CORPUS/comparison.o""]"
shallow-2048,counter,2,False,after,,,,,478567413,955eaddcaa41b9c4faa0f7a3f380585abaad104b441a6a691ec693d6665c21a2,"[""taskset"", ""-c"", ""2"", ""perf"", ""stat"", ""-x"", "";"", ""-e"", ""instructions:u"", ""--"", ""CANDIDATE"", ""cc"", ""-c"", ""-g"", ""CORPUS/shallow-2048.c"", ""-o"", ""CORPUS/comparison.o""]"
shallow-256,timing,-2,True,before,44984607,15502000,6637000,68084,,0b788ec286fbd9cb7b9c95b5c9551744380473978e4fd3fa53a7a4527bb0c428,"[""LAUNCHER"", ""BASELINE"", ""REPORT_DIR/abi-benchmark-shallow-256-timing--2-before.json"", ""--"", ""cc"", ""-c"", ""-g"", ""CORPUS/shallow-256.c"", ""-o"", ""CORPUS/comparison.o""]"
shallow-256,timing,-2,True,after,44612104,17929000,3579000,68484,,0b788ec286fbd9cb7b9c95b5c9551744380473978e4fd3fa53a7a4527bb0c428,"[""LAUNCHER"", ""CANDIDATE"", ""REPORT_DIR/abi-benchmark-shallow-256-timing--2-after.json"", ""--"", ""cc"", ""-c"", ""-g"", ""CORPUS/shallow-256.c"", ""-o"", ""CORPUS/comparison.o""]"
shallow-256,timing,-1,True,after,45757726,18257000,4352000,68336,,0b788ec286fbd9cb7b9c95b5c9551744380473978e4fd3fa53a7a4527bb0c428,"[""LAUNCHER"", ""CANDIDATE"", ""REPORT_DIR/abi-benchmark-shallow-256-timing--1-after.json"", ""--"", ""cc"", ""-c"", ""-g"", ""CORPUS/shallow-256.c"", ""-o"", ""CORPUS/comparison.o""]"
shallow-256,timing,-1,True,before,47047284,18061000,4287000,68128,,0b788ec286fbd9cb7b9c95b5c9551744380473978e4fd3fa53a7a4527bb0c428,"[""LAUNCHER"", ""BASELINE"", ""REPORT_DIR/abi-benchmark-shallow-256-timing--1-before.json"", ""--"", ""cc"", ""-c"", ""-g"", ""CORPUS/shallow-256.c"", ""-o"", ""CORPUS/comparison.o""]"
shallow-256,timing,0,False,before,43489946,15756000,5723000,68376,,0b788ec286fbd9cb7b9c95b5c9551744380473978e4fd3fa53a7a4527bb0c428,"[""LAUNCHER"", ""BASELINE"", ""REPORT_DIR/abi-benchmark-shallow-256-timing-0-before.json"", ""--"", ""cc"", ""-c"", ""-g"", ""CORPUS/shallow-256.c"", ""-o"", ""CORPUS/comparison.o""]"
shallow-256,timing,0,False,after,47253407,18315000,3975000,68484,,0b788ec286fbd9cb7b9c95b5c9551744380473978e4fd3fa53a7a4527bb0c428,"[""LAUNCHER"", ""CANDIDATE"", ""REPORT_DIR/abi-benchmark-shallow-256-timing-0-after.json"", ""--"", ""cc"", ""-c"", ""-g"", ""CORPUS/shallow-256.c"", ""-o"", ""CORPUS/comparison.o""]"
shallow-256,timing,1,False,after,45385553,14315000,8136000,68104,,0b788ec286fbd9cb7b9c95b5c9551744380473978e4fd3fa53a7a4527bb0c428,"[""LAUNCHER"", ""CANDIDATE"", ""REPORT_DIR/abi-benchmark-shallow-256-timing-1-after.json"", ""--"", ""cc"", ""-c"", ""-g"", ""CORPUS/shallow-256.c"", ""-o"", ""CORPUS/comparison.o""]"
shallow-256,timing,1,False,before,44425919,17185000,4295000,68244,,0b788ec286fbd9cb7b9c95b5c9551744380473978e4fd3fa53a7a4527bb0c428,"[""LAUNCHER"", ""BASELINE"", ""REPORT_DIR/abi-benchmark-shallow-256-timing-1-before.json"", ""--"", ""cc"", ""-c"", ""-g"", ""CORPUS/shallow-256.c"", ""-o"", ""CORPUS/comparison.o""]"
shallow-256,timing,2,False,before,49043774,16008000,7970000,68096,,0b788ec286fbd9cb7b9c95b5c9551744380473978e4fd3fa53a7a4527bb0c428,"[""LAUNCHER"", ""BASELINE"", ""REPORT_DIR/abi-benchmark-shallow-256-timing-2-before.json"", ""--"", ""cc"", ""-c"", ""-g"", ""CORPUS/shallow-256.c"", ""-o"", ""CORPUS/comparison.o""]"
shallow-256,timing,2,False,after,62962631,27230000,4036000,68572,,0b788ec286fbd9cb7b9c95b5c9551744380473978e4fd3fa53a7a4527bb0c428,"[""LAUNCHER"", ""CANDIDATE"", ""REPORT_DIR/abi-benchmark-shallow-256-timing-2-after.json"", ""--"", ""cc"", ""-c"", ""-g"", ""CORPUS/shallow-256.c"", ""-o"", ""CORPUS/comparison.o""]"
shallow-256,timing,3,False,after,59043645,27021000,2164000,68644,,0b788ec286fbd9cb7b9c95b5c9551744380473978e4fd3fa53a7a4527bb0c428,"[""LAUNCHER"", ""CANDIDATE"", ""REPORT_DIR/abi-benchmark-shallow-256-timing-3-after.json"", ""--"", ""cc"", ""-c"", ""-g"", ""CORPUS/shallow-256.c"", ""-o"", ""CORPUS/comparison.o""]"
shallow-256,timing,3,False,before,50450245,16484000,7692000,68100,,0b788ec286fbd9cb7b9c95b5c9551744380473978e4fd3fa53a7a4527bb0c428,"[""LAUNCHER"", ""BASELINE"", ""REPORT_DIR/abi-benchmark-shallow-256-timing-3-before.json"", ""--"", ""cc"", ""-c"", ""-g"", ""CORPUS/shallow-256.c"", ""-o"", ""CORPUS/comparison.o""]"
shallow-256,timing,4,False,before,49195675,18850000,4284000,68172,,0b788ec286fbd9cb7b9c95b5c9551744380473978e4fd3fa53a7a4527bb0c428,"[""LAUNCHER"", ""BASELINE"", ""REPORT_DIR/abi-benchmark-shallow-256-timing-4-before.json"", ""--"", ""cc"", ""-c"", ""-g"", ""CORPUS/shallow-256.c"", ""-o"", ""CORPUS/comparison.o""]"
shallow-256,timing,4,False,after,45504962,18374000,3864000,68244,,0b788ec286fbd9cb7b9c95b5c9551744380473978e4fd3fa53a7a4527bb0c428,"[""LAUNCHER"", ""CANDIDATE"", ""REPORT_DIR/abi-benchmark-shallow-256-timing-4-after.json"", ""--"", ""cc"", ""-c"", ""-g"", ""CORPUS/shallow-256.c"", ""-o"", ""CORPUS/comparison.o""]"
shallow-256,timing,5,False,after,45891451,17746000,4931000,68328,,0b788ec286fbd9cb7b9c95b5c9551744380473978e4fd3fa53a7a4527bb0c428,"[""LAUNCHER"", ""CANDIDATE"", ""REPORT_DIR/abi-benchmark-shallow-256-timing-5-after.json"", ""--"", ""cc"", ""-c"", ""-g"", ""CORPUS/shallow-256.c"", ""-o"", ""CORPUS/comparison.o""]"
shallow-256,timing,5,False,before,46030981,17369000,5470000,67824,,0b788ec286fbd9cb7b9c95b5c9551744380473978e4fd3fa53a7a4527bb0c428,"[""LAUNCHER"", ""BASELINE"", ""REPORT_DIR/abi-benchmark-shallow-256-timing-5-before.json"", ""--"", ""cc"", ""-c"", ""-g"", ""CORPUS/shallow-256.c"", ""-o"", ""CORPUS/comparison.o""]"
shallow-256,timing,6,False,before,45558672,20196000,2241000,68152,,0b788ec286fbd9cb7b9c95b5c9551744380473978e4fd3fa53a7a4527bb0c428,"[""LAUNCHER"", ""BASELINE"", ""REPORT_DIR/abi-benchmark-shallow-256-timing-6-before.json"", ""--"", ""cc"", ""-c"", ""-g"", ""CORPUS/shallow-256.c"", ""-o"", ""CORPUS/comparison.o""]"
shallow-256,timing,6,False,after,44051543,16948000,4516000,68100,,0b788ec286fbd9cb7b9c95b5c9551744380473978e4fd3fa53a7a4527bb0c428,"[""LAUNCHER"", ""CANDIDATE"", ""REPORT_DIR/abi-benchmark-shallow-256-timing-6-after.json"", ""--"", ""cc"", ""-c"", ""-g"", ""CORPUS/shallow-256.c"", ""-o"", ""CORPUS/comparison.o""]"
shallow-256,timing,7,False,after,45496019,17329000,4625000,68188,,0b788ec286fbd9cb7b9c95b5c9551744380473978e4fd3fa53a7a4527bb0c428,"[""LAUNCHER"", ""CANDIDATE"", ""REPORT_DIR/abi-benchmark-shallow-256-timing-7-after.json"", ""--"", ""cc"", ""-c"", ""-g"", ""CORPUS/shallow-256.c"", ""-o"", ""CORPUS/comparison.o""]"
shallow-256,timing,7,False,before,45638876,16695000,5533000,68124,,0b788ec286fbd9cb7b9c95b5c9551744380473978e4fd3fa53a7a4527bb0c428,"[""LAUNCHER"", ""BASELINE"", ""REPORT_DIR/abi-benchmark-shallow-256-timing-7-before.json"", ""--"", ""cc"", ""-c"", ""-g"", ""CORPUS/shallow-256.c"", ""-o"", ""CORPUS/comparison.o""]"
shallow-256,timing,8,False,before,49356812,18365000,5231000,68316,,0b788ec286fbd9cb7b9c95b5c9551744380473978e4fd3fa53a7a4527bb0c428,"[""LAUNCHER"", ""BASELINE"", ""REPORT_DIR/abi-benchmark-shallow-256-timing-8-before.json"", ""--"", ""cc"", ""-c"", ""-g"", ""CORPUS/shallow-256.c"", ""-o"", ""CORPUS/comparison.o""]"
shallow-256,timing,8,False,after,45284781,18063000,4229000,68512,,0b788ec286fbd9cb7b9c95b5c9551744380473978e4fd3fa53a7a4527bb0c428,"[""LAUNCHER"", ""CANDIDATE"", ""REPORT_DIR/abi-benchmark-shallow-256-timing-8-after.json"", ""--"", ""cc"", ""-c"", ""-g"", ""CORPUS/shallow-256.c"", ""-o"", ""CORPUS/comparison.o""]"
shallow-256,counter,0,False,before,,,,,127130448,0b788ec286fbd9cb7b9c95b5c9551744380473978e4fd3fa53a7a4527bb0c428,"[""taskset"", ""-c"", ""2"", ""perf"", ""stat"", ""-x"", "";"", ""-e"", ""instructions:u"", ""--"", ""BASELINE"", ""cc"", ""-c"", ""-g"", ""CORPUS/shallow-256.c"", ""-o"", ""CORPUS/comparison.o""]"
shallow-256,counter,0,False,after,,,,,127127678,0b788ec286fbd9cb7b9c95b5c9551744380473978e4fd3fa53a7a4527bb0c428,"[""taskset"", ""-c"", ""2"", ""perf"", ""stat"", ""-x"", "";"", ""-e"", ""instructions:u"", ""--"", ""CANDIDATE"", ""cc"", ""-c"", ""-g"", ""CORPUS/shallow-256.c"", ""-o"", ""CORPUS/comparison.o""]"
shallow-256,counter,1,False,after,,,,,127128083,0b788ec286fbd9cb7b9c95b5c9551744380473978e4fd3fa53a7a4527bb0c428,"[""taskset"", ""-c"", ""2"", ""perf"", ""stat"", ""-x"", "";"", ""-e"", ""instructions:u"", ""--"", ""CANDIDATE"", ""cc"", ""-c"", ""-g"", ""CORPUS/shallow-256.c"", ""-o"", ""CORPUS/comparison.o""]"
shallow-256,counter,1,False,before,,,,,127128027,0b788ec286fbd9cb7b9c95b5c9551744380473978e4fd3fa53a7a4527bb0c428,"[""taskset"", ""-c"", ""2"", ""perf"", ""stat"", ""-x"", "";"", ""-e"", ""instructions:u"", ""--"", ""BASELINE"", ""cc"", ""-c"", ""-g"", ""CORPUS/shallow-256.c"", ""-o"", ""CORPUS/comparison.o""]"
shallow-256,counter,2,False,before,,,,,127127838,0b788ec286fbd9cb7b9c95b5c9551744380473978e4fd3fa53a7a4527bb0c428,"[""taskset"", ""-c"", ""2"", ""perf"", ""stat"", ""-x"", "";"", ""-e"", ""instructions:u"", ""--"", ""BASELINE"", ""cc"", ""-c"", ""-g"", ""CORPUS/shallow-256.c"", ""-o"", ""CORPUS/comparison.o""]"
shallow-256,counter,2,False,after,,,,,127127359,0b788ec286fbd9cb7b9c95b5c9551744380473978e4fd3fa53a7a4527bb0c428,"[""taskset"", ""-c"", ""2"", ""perf"", ""stat"", ""-x"", "";"", ""-e"", ""instructions:u"", ""--"", ""CANDIDATE"", ""cc"", ""-c"", ""-g"", ""CORPUS/shallow-256.c"", ""-o"", ""CORPUS/comparison.o""]"
shallow-64,timing,-2,True,before,38521113,16720000,1762000,58096,,07e71db8afc214af741dc239931201eee9ba176b6cb10eef81077500e5f486c9,"[""LAUNCHER"", ""BASELINE"", ""REPORT_DIR/abi-benchmark-shallow-64-timing--2-before.json"", ""--"", ""cc"", ""-c"", ""-g"", ""CORPUS/shallow-64.c"", ""-o"", ""CORPUS/comparison.o""]"
shallow-64,timing,-2,True,after,34343591,12137000,4824000,58192,,07e71db8afc214af741dc239931201eee9ba176b6cb10eef81077500e5f486c9,"[""LAUNCHER"", ""CANDIDATE"", ""REPORT_DIR/abi-benchmark-shallow-64-timing--2-after.json"", ""--"", ""cc"", ""-c"", ""-g"", ""CORPUS/shallow-64.c"", ""-o"", ""CORPUS/comparison.o""]"
shallow-64,timing,-1,True,after,39367744,13030000,5406000,58424,,07e71db8afc214af741dc239931201eee9ba176b6cb10eef81077500e5f486c9,"[""LAUNCHER"", ""CANDIDATE"", ""REPORT_DIR/abi-benchmark-shallow-64-timing--1-after.json"", ""--"", ""cc"", ""-c"", ""-g"", ""CORPUS/shallow-64.c"", ""-o"", ""CORPUS/comparison.o""]"
shallow-64,timing,-1,True,before,38880340,14645000,3894000,57656,,07e71db8afc214af741dc239931201eee9ba176b6cb10eef81077500e5f486c9,"[""LAUNCHER"", ""BASELINE"", ""REPORT_DIR/abi-benchmark-shallow-64-timing--1-before.json"", ""--"", ""cc"", ""-c"", ""-g"", ""CORPUS/shallow-64.c"", ""-o"", ""CORPUS/comparison.o""]"
shallow-64,timing,0,False,before,40465669,12180000,7300000,57924,,07e71db8afc214af741dc239931201eee9ba176b6cb10eef81077500e5f486c9,"[""LAUNCHER"", ""BASELINE"", ""REPORT_DIR/abi-benchmark-shallow-64-timing-0-before.json"", ""--"", ""cc"", ""-c"", ""-g"", ""CORPUS/shallow-64.c"", ""-o"", ""CORPUS/comparison.o""]"
shallow-64,timing,0,False,after,42862072,16313000,4343000,58144,,07e71db8afc214af741dc239931201eee9ba176b6cb10eef81077500e5f486c9,"[""LAUNCHER"", ""CANDIDATE"", ""REPORT_DIR/abi-benchmark-shallow-64-timing-0-after.json"", ""--"", ""cc"", ""-c"", ""-g"", ""CORPUS/shallow-64.c"", ""-o"", ""CORPUS/comparison.o""]"
shallow-64,timing,1,False,after,38356104,14494000,4081000,58180,,07e71db8afc214af741dc239931201eee9ba176b6cb10eef81077500e5f486c9,"[""LAUNCHER"", ""CANDIDATE"", ""REPORT_DIR/abi-benchmark-shallow-64-timing-1-after.json"", ""--"", ""cc"", ""-c"", ""-g"", ""CORPUS/shallow-64.c"", ""-o"", ""CORPUS/comparison.o""]"
shallow-64,timing,1,False,before,39032272,13669000,4958000,57700,,07e71db8afc214af741dc239931201eee9ba176b6cb10eef81077500e5f486c9,"[""LAUNCHER"", ""BASELINE"", ""REPORT_DIR/abi-benchmark-shallow-64-timing-1-before.json"", ""--"", ""cc"", ""-c"", ""-g"", ""CORPUS/shallow-64.c"", ""-o"", ""CORPUS/comparison.o""]"
shallow-64,timing,2,False,before,36038446,14505000,3355000,57912,,07e71db8afc214af741dc239931201eee9ba176b6cb10eef81077500e5f486c9,"[""LAUNCHER"", ""BASELINE"", ""REPORT_DIR/abi-benchmark-shallow-64-timing-2-before.json"", ""--"", ""cc"", ""-c"", ""-g"", ""CORPUS/shallow-64.c"", ""-o"", ""CORPUS/comparison.o""]"
shallow-64,timing,2,False,after,37262474,13415000,4859000,58304,,07e71db8afc214af741dc239931201eee9ba176b6cb10eef81077500e5f486c9,"[""LAUNCHER"", ""CANDIDATE"", ""REPORT_DIR/abi-benchmark-shallow-64-timing-2-after.json"", ""--"", ""cc"", ""-c"", ""-g"", ""CORPUS/shallow-64.c"", ""-o"", ""CORPUS/comparison.o""]"
shallow-64,timing,3,False,after,36497248,13523000,4146000,58128,,07e71db8afc214af741dc239931201eee9ba176b6cb10eef81077500e5f486c9,"[""LAUNCHER"", ""CANDIDATE"", ""REPORT_DIR/abi-benchmark-shallow-64-timing-3-after.json"", ""--"", ""cc"", ""-c"", ""-g"", ""CORPUS/shallow-64.c"", ""-o"", ""CORPUS/comparison.o""]"
shallow-64,timing,3,False,before,37526505,14671000,2917000,57872,,07e71db8afc214af741dc239931201eee9ba176b6cb10eef81077500e5f486c9,"[""LAUNCHER"", ""BASELINE"", ""REPORT_DIR/abi-benchmark-shallow-64-timing-3-before.json"", ""--"", ""cc"", ""-c"", ""-g"", ""CORPUS/shallow-64.c"", ""-o"", ""CORPUS/comparison.o""]"
shallow-64,timing,4,False,before,35566725,12026000,5455000,57880,,07e71db8afc214af741dc239931201eee9ba176b6cb10eef81077500e5f486c9,"[""LAUNCHER"", ""BASELINE"", ""REPORT_DIR/abi-benchmark-shallow-64-timing-4-before.json"", ""--"", ""cc"", ""-c"", ""-g"", ""CORPUS/shallow-64.c"", ""-o"", ""CORPUS/comparison.o""]"
shallow-64,timing,4,False,after,37260474,12665000,4509000,58140,,07e71db8afc214af741dc239931201eee9ba176b6cb10eef81077500e5f486c9,"[""LAUNCHER"", ""CANDIDATE"", ""REPORT_DIR/abi-benchmark-shallow-64-timing-4-after.json"", ""--"", ""cc"", ""-c"", ""-g"", ""CORPUS/shallow-64.c"", ""-o"", ""CORPUS/comparison.o""]"
shallow-64,timing,5,False,after,34730937,13633000,3566000,57892,,07e71db8afc214af741dc239931201eee9ba176b6cb10eef81077500e5f486c9,"[""LAUNCHER"", ""CANDIDATE"", ""REPORT_DIR/abi-benchmark-shallow-64-timing-5-after.json"", ""--"", ""cc"", ""-c"", ""-g"", ""CORPUS/shallow-64.c"", ""-o"", ""CORPUS/comparison.o""]"
shallow-64,timing,5,False,before,37579917,11623000,5805000,57912,,07e71db8afc214af741dc239931201eee9ba176b6cb10eef81077500e5f486c9,"[""LAUNCHER"", ""BASELINE"", ""REPORT_DIR/abi-benchmark-shallow-64-timing-5-before.json"", ""--"", ""cc"", ""-c"", ""-g"", ""CORPUS/shallow-64.c"", ""-o"", ""CORPUS/comparison.o""]"
shallow-64,timing,6,False,before,34974926,14844000,2463000,57500,,07e71db8afc214af741dc239931201eee9ba176b6cb10eef81077500e5f486c9,"[""LAUNCHER"", ""BASELINE"", ""REPORT_DIR/abi-benchmark-shallow-64-timing-6-before.json"", ""--"", ""cc"", ""-c"", ""-g"", ""CORPUS/shallow-64.c"", ""-o"", ""CORPUS/comparison.o""]"
shallow-64,timing,6,False,after,34052893,13808000,2965000,58104,,07e71db8afc214af741dc239931201eee9ba176b6cb10eef81077500e5f486c9,"[""LAUNCHER"", ""CANDIDATE"", ""REPORT_DIR/abi-benchmark-shallow-64-timing-6-after.json"", ""--"", ""cc"", ""-c"", ""-g"", ""CORPUS/shallow-64.c"", ""-o"", ""CORPUS/comparison.o""]"
shallow-64,timing,7,False,after,36114810,13141000,4761000,57940,,07e71db8afc214af741dc239931201eee9ba176b6cb10eef81077500e5f486c9,"[""LAUNCHER"", ""CANDIDATE"", ""REPORT_DIR/abi-benchmark-shallow-64-timing-7-after.json"", ""--"", ""cc"", ""-c"", ""-g"", ""CORPUS/shallow-64.c"", ""-o"", ""CORPUS/comparison.o""]"
shallow-64,timing,7,False,before,37418282,15081000,3012000,57780,,07e71db8afc214af741dc239931201eee9ba176b6cb10eef81077500e5f486c9,"[""LAUNCHER"", ""BASELINE"", ""REPORT_DIR/abi-benchmark-shallow-64-timing-7-before.json"", ""--"", ""cc"", ""-c"", ""-g"", ""CORPUS/shallow-64.c"", ""-o"", ""CORPUS/comparison.o""]"
shallow-64,timing,8,False,before,37155978,13953000,4000000,57712,,07e71db8afc214af741dc239931201eee9ba176b6cb10eef81077500e5f486c9,"[""LAUNCHER"", ""BASELINE"", ""REPORT_DIR/abi-benchmark-shallow-64-timing-8-before.json"", ""--"", ""cc"", ""-c"", ""-g"", ""CORPUS/shallow-64.c"", ""-o"", ""CORPUS/comparison.o""]"
shallow-64,timing,8,False,after,39493887,13139000,6068000,58112,,07e71db8afc214af741dc239931201eee9ba176b6cb10eef81077500e5f486c9,"[""LAUNCHER"", ""CANDIDATE"", ""REPORT_DIR/abi-benchmark-shallow-64-timing-8-after.json"", ""--"", ""cc"", ""-c"", ""-g"", ""CORPUS/shallow-64.c"", ""-o"", ""CORPUS/comparison.o""]"
shallow-64,counter,0,False,before,,,,,100537674,07e71db8afc214af741dc239931201eee9ba176b6cb10eef81077500e5f486c9,"[""taskset"", ""-c"", ""2"", ""perf"", ""stat"", ""-x"", "";"", ""-e"", ""instructions:u"", ""--"", ""BASELINE"", ""cc"", ""-c"", ""-g"", ""CORPUS/shallow-64.c"", ""-o"", ""CORPUS/comparison.o""]"
shallow-64,counter,0,False,after,,,,,100537434,07e71db8afc214af741dc239931201eee9ba176b6cb10eef81077500e5f486c9,"[""taskset"", ""-c"", ""2"", ""perf"", ""stat"", ""-x"", "";"", ""-e"", ""instructions:u"", ""--"", ""CANDIDATE"", ""cc"", ""-c"", ""-g"", ""CORPUS/shallow-64.c"", ""-o"", ""CORPUS/comparison.o""]"
shallow-64,counter,1,False,after,,,,,100537265,07e71db8afc214af741dc239931201eee9ba176b6cb10eef81077500e5f486c9,"[""taskset"", ""-c"", ""2"", ""perf"", ""stat"", ""-x"", "";"", ""-e"", ""instructions:u"", ""--"", ""CANDIDATE"", ""cc"", ""-c"", ""-g"", ""CORPUS/shallow-64.c"", ""-o"", ""CORPUS/comparison.o""]"
shallow-64,counter,1,False,before,,,,,100537290,07e71db8afc214af741dc239931201eee9ba176b6cb10eef81077500e5f486c9,"[""taskset"", ""-c"", ""2"", ""perf"", ""stat"", ""-x"", "";"", ""-e"", ""instructions:u"", ""--"", ""BASELINE"", ""cc"", ""-c"", ""-g"", ""CORPUS/shallow-64.c"", ""-o"", ""CORPUS/comparison.o""]"
shallow-64,counter,2,False,before,,,,,100536671,07e71db8afc214af741dc239931201eee9ba176b6cb10eef81077500e5f486c9,"[""taskset"", ""-c"", ""2"", ""perf"", ""stat"", ""-x"", "";"", ""-e"", ""instructions:u"", ""--"", ""BASELINE"", ""cc"", ""-c"", ""-g"", ""CORPUS/shallow-64.c"", ""-o"", ""CORPUS/comparison.o""]"
shallow-64,counter,2,False,after,,,,,100537417,07e71db8afc214af741dc239931201eee9ba176b6cb10eef81077500e5f486c9,"[""taskset"", ""-c"", ""2"", ""perf"", ""stat"", ""-x"", "";"", ""-e"", ""instructions:u"", ""--"", ""CANDIDATE"", ""cc"", ""-c"", ""-g"", ""CORPUS/shallow-64.c"", ""-o"", ""CORPUS/comparison.o""]"
full-compiler,timing,-2,True,before,4265577932,2009683000,116371000,1844428,,e103845ba8e74e40f55041de20100b0b99db636ae28687b2f5b8e2e33d99cda6,"[""LAUNCHER"", ""BASELINE"", ""REPORT_DIR/abi-benchmark-full-compiler-timing--2-before.json"", ""--"", ""cc"", ""-ICORPUS/frozen/src"", ""-ICORPUS/frozen/generated"", ""-DBUSTER_UNITY_BUILD=1"", ""-DBUSTER_INCLUDE_TESTS=0"", ""-g"", ""CORPUS/frozen/src/buster/apps/ide/ide.c"", ""-lm"", ""-o"", ""CORPUS/comparison-ide""]"
full-compiler,timing,-2,True,after,4218555081,1953906000,114199000,1844524,,e103845ba8e74e40f55041de20100b0b99db636ae28687b2f5b8e2e33d99cda6,"[""LAUNCHER"", ""CANDIDATE"", ""REPORT_DIR/abi-benchmark-full-compiler-timing--2-after.json"", ""--"", ""cc"", ""-ICORPUS/frozen/src"", ""-ICORPUS/frozen/generated"", ""-DBUSTER_UNITY_BUILD=1"", ""-DBUSTER_INCLUDE_TESTS=0"", ""-g"", ""CORPUS/frozen/src/buster/apps/ide/ide.c"", ""-lm"", ""-o"", ""CORPUS/comparison-ide""]"
full-compiler,timing,-1,True,after,4765219510,2209450000,146538000,1844648,,e103845ba8e74e40f55041de20100b0b99db636ae28687b2f5b8e2e33d99cda6,"[""LAUNCHER"", ""CANDIDATE"", ""REPORT_DIR/abi-benchmark-full-compiler-timing--1-after.json"", ""--"", ""cc"", ""-ICORPUS/frozen/src"", ""-ICORPUS/frozen/generated"", ""-DBUSTER_UNITY_BUILD=1"", ""-DBUSTER_INCLUDE_TESTS=0"", ""-g"", ""CORPUS/frozen/src/buster/apps/ide/ide.c"", ""-lm"", ""-o"", ""CORPUS/comparison-ide""]"
full-compiler,timing,-1,True,before,4568166973,2141497000,128026000,1844692,,e103845ba8e74e40f55041de20100b0b99db636ae28687b2f5b8e2e33d99cda6,"[""LAUNCHER"", ""BASELINE"", ""REPORT_DIR/abi-benchmark-full-compiler-timing--1-before.json"", ""--"", ""cc"", ""-ICORPUS/frozen/src"", ""-ICORPUS/frozen/generated"", ""-DBUSTER_UNITY_BUILD=1"", ""-DBUSTER_INCLUDE_TESTS=0"", ""-g"", ""CORPUS/frozen/src/buster/apps/ide/ide.c"", ""-lm"", ""-o"", ""CORPUS/comparison-ide""]"
full-compiler,timing,0,False,before,4218605480,1950965000,110575000,1844340,,e103845ba8e74e40f55041de20100b0b99db636ae28687b2f5b8e2e33d99cda6,"[""LAUNCHER"", ""BASELINE"", ""REPORT_DIR/abi-benchmark-full-compiler-timing-0-before.json"", ""--"", ""cc"", ""-ICORPUS/frozen/src"", ""-ICORPUS/frozen/generated"", ""-DBUSTER_UNITY_BUILD=1"", ""-DBUSTER_INCLUDE_TESTS=0"", ""-g"", ""CORPUS/frozen/src/buster/apps/ide/ide.c"", ""-lm"", ""-o"", ""CORPUS/comparison-ide""]"
full-compiler,timing,0,False,after,4960444920,2216140000,139903000,1844620,,e103845ba8e74e40f55041de20100b0b99db636ae28687b2f5b8e2e33d99cda6,"[""LAUNCHER"", ""CANDIDATE"", ""REPORT_DIR/abi-benchmark-full-compiler-timing-0-after.json"", ""--"", ""cc"", ""-ICORPUS/frozen/src"", ""-ICORPUS/frozen/generated"", ""-DBUSTER_UNITY_BUILD=1"", ""-DBUSTER_INCLUDE_TESTS=0"", ""-g"", ""CORPUS/frozen/src/buster/apps/ide/ide.c"", ""-lm"", ""-o"", ""CORPUS/comparison-ide""]"
full-compiler,timing,1,False,after,4451432239,2012288000,120288000,1844736,,e103845ba8e74e40f55041de20100b0b99db636ae28687b2f5b8e2e33d99cda6,"[""LAUNCHER"", ""CANDIDATE"", ""REPORT_DIR/abi-benchmark-full-compiler-timing-1-after.json"", ""--"", ""cc"", ""-ICORPUS/frozen/src"", ""-ICORPUS/frozen/generated"", ""-DBUSTER_UNITY_BUILD=1"", ""-DBUSTER_INCLUDE_TESTS=0"", ""-g"", ""CORPUS/frozen/src/buster/apps/ide/ide.c"", ""-lm"", ""-o"", ""CORPUS/comparison-ide""]"
full-compiler,timing,1,False,before,4323685749,1954639000,120198000,1844520,,e103845ba8e74e40f55041de20100b0b99db636ae28687b2f5b8e2e33d99cda6,"[""LAUNCHER"", ""BASELINE"", ""REPORT_DIR/abi-benchmark-full-compiler-timing-1-before.json"", ""--"", ""cc"", ""-ICORPUS/frozen/src"", ""-ICORPUS/frozen/generated"", ""-DBUSTER_UNITY_BUILD=1"", ""-DBUSTER_INCLUDE_TESTS=0"", ""-g"", ""CORPUS/frozen/src/buster/apps/ide/ide.c"", ""-lm"", ""-o"", ""CORPUS/comparison-ide""]"
full-compiler,timing,2,False,before,4343666182,1936283000,141129000,1844304,,e103845ba8e74e40f55041de20100b0b99db636ae28687b2f5b8e2e33d99cda6,"[""LAUNCHER"", ""BASELINE"", ""REPORT_DIR/abi-benchmark-full-compiler-timing-2-before.json"", ""--"", ""cc"", ""-ICORPUS/frozen/src"", ""-ICORPUS/frozen/generated"", ""-DBUSTER_UNITY_BUILD=1"", ""-DBUSTER_INCLUDE_TESTS=0"", ""-g"", ""CORPUS/frozen/src/buster/apps/ide/ide.c"", ""-lm"", ""-o"", ""CORPUS/comparison-ide""]"
full-compiler,timing,2,False,after,4584115268,1990125000,221387000,1814396,,e103845ba8e74e40f55041de20100b0b99db636ae28687b2f5b8e2e33d99cda6,"[""LAUNCHER"", ""CANDIDATE"", ""REPORT_DIR/abi-benchmark-full-compiler-timing-2-after.json"", ""--"", ""cc"", ""-ICORPUS/frozen/src"", ""-ICORPUS/frozen/generated"", ""-DBUSTER_UNITY_BUILD=1"", ""-DBUSTER_INCLUDE_TESTS=0"", ""-g"", ""CORPUS/frozen/src/buster/apps/ide/ide.c"", ""-lm"", ""-o"", ""CORPUS/comparison-ide""]"
full-compiler,timing,3,False,after,4496011093,2119199000,123125000,1844560,,e103845ba8e74e40f55041de20100b0b99db636ae28687b2f5b8e2e33d99cda6,"[""LAUNCHER"", ""CANDIDATE"", ""REPORT_DIR/abi-benchmark-full-compiler-timing-3-after.json"", ""--"", ""cc"", ""-ICORPUS/frozen/src"", ""-ICORPUS/frozen/generated"", ""-DBUSTER_UNITY_BUILD=1"", ""-DBUSTER_INCLUDE_TESTS=0"", ""-g"", ""CORPUS/frozen/src/buster/apps/ide/ide.c"", ""-lm"", ""-o"", ""CORPUS/comparison-ide""]"
full-compiler,timing,3,False,before,4359777905,2005030000,149003000,1782116,,e103845ba8e74e40f55041de20100b0b99db636ae28687b2f5b8e2e33d99cda6,"[""LAUNCHER"", ""BASELINE"", ""REPORT_DIR/abi-benchmark-full-compiler-timing-3-before.json"", ""--"", ""cc"", ""-ICORPUS/frozen/src"", ""-ICORPUS/frozen/generated"", ""-DBUSTER_UNITY_BUILD=1"", ""-DBUSTER_INCLUDE_TESTS=0"", ""-g"", ""CORPUS/frozen/src/buster/apps/ide/ide.c"", ""-lm"", ""-o"", ""CORPUS/comparison-ide""]"
full-compiler,timing,4,False,before,4530679325,2004868000,176323000,1636372,,e103845ba8e74e40f55041de20100b0b99db636ae28687b2f5b8e2e33d99cda6,"[""LAUNCHER"", ""BASELINE"", ""REPORT_DIR/abi-benchmark-full-compiler-timing-4-before.json"", ""--"", ""cc"", ""-ICORPUS/frozen/src"", ""-ICORPUS/frozen/generated"", ""-DBUSTER_UNITY_BUILD=1"", ""-DBUSTER_INCLUDE_TESTS=0"", ""-g"", ""CORPUS/frozen/src/buster/apps/ide/ide.c"", ""-lm"", ""-o"", ""CORPUS/comparison-ide""]"
full-compiler,timing,4,False,after,4884658217,2228005000,157511000,1838820,,e103845ba8e74e40f55041de20100b0b99db636ae28687b2f5b8e2e33d99cda6,"[""LAUNCHER"", ""CANDIDATE"", ""REPORT_DIR/abi-benchmark-full-compiler-timing-4-after.json"", ""--"", ""cc"", ""-ICORPUS/frozen/src"", ""-ICORPUS/frozen/generated"", ""-DBUSTER_UNITY_BUILD=1"", ""-DBUSTER_INCLUDE_TESTS=0"", ""-g"", ""CORPUS/frozen/src/buster/apps/ide/ide.c"", ""-lm"", ""-o"", ""CORPUS/comparison-ide""]"
full-compiler,timing,5,False,after,4601613677,2090458000,205293000,1804400,,e103845ba8e74e40f55041de20100b0b99db636ae28687b2f5b8e2e33d99cda6,"[""LAUNCHER"", ""CANDIDATE"", ""REPORT_DIR/abi-benchmark-full-compiler-timing-5-after.json"", ""--"", ""cc"", ""-ICORPUS/frozen/src"", ""-ICORPUS/frozen/generated"", ""-DBUSTER_UNITY_BUILD=1"", ""-DBUSTER_INCLUDE_TESTS=0"", ""-g"", ""CORPUS/frozen/src/buster/apps/ide/ide.c"", ""-lm"", ""-o"", ""CORPUS/comparison-ide""]"
full-compiler,timing,5,False,before,3854200391,2116659000,121838000,1844292,,e103845ba8e74e40f55041de20100b0b99db636ae28687b2f5b8e2e33d99cda6,"[""LAUNCHER"", ""BASELINE"", ""REPORT_DIR/abi-benchmark-full-compiler-timing-5-before.json"", ""--"", ""cc"", ""-ICORPUS/frozen/src"", ""-ICORPUS/frozen/generated"", ""-DBUSTER_UNITY_BUILD=1"", ""-DBUSTER_INCLUDE_TESTS=0"", ""-g"", ""CORPUS/frozen/src/buster/apps/ide/ide.c"", ""-lm"", ""-o"", ""CORPUS/comparison-ide""]"
full-compiler,timing,6,False,before,2695266707,2157332000,124748000,1844480,,e103845ba8e74e40f55041de20100b0b99db636ae28687b2f5b8e2e33d99cda6,"[""LAUNCHER"", ""BASELINE"", ""REPORT_DIR/abi-benchmark-full-compiler-timing-6-before.json"", ""--"", ""cc"", ""-ICORPUS/frozen/src"", ""-ICORPUS/frozen/generated"", ""-DBUSTER_UNITY_BUILD=1"", ""-DBUSTER_INCLUDE_TESTS=0"", ""-g"", ""CORPUS/frozen/src/buster/apps/ide/ide.c"", ""-lm"", ""-o"", ""CORPUS/comparison-ide""]"
full-compiler,timing,6,False,after,2419777513,2292419000,114334000,1844640,,e103845ba8e74e40f55041de20100b0b99db636ae28687b2f5b8e2e33d99cda6,"[""LAUNCHER"", ""CANDIDATE"", ""REPORT_DIR/abi-benchmark-full-compiler-timing-6-after.json"", ""--"", ""cc"", ""-ICORPUS/frozen/src"", ""-ICORPUS/frozen/generated"", ""-DBUSTER_UNITY_BUILD=1"", ""-DBUSTER_INCLUDE_TESTS=0"", ""-g"", ""CORPUS/frozen/src/buster/apps/ide/ide.c"", ""-lm"", ""-o"", ""CORPUS/comparison-ide""]"
full-compiler,timing,7,False,after,4979157087,4494959000,233649000,1844740,,e103845ba8e74e40f55041de20100b0b99db636ae28687b2f5b8e2e33d99cda6,"[""LAUNCHER"", ""CANDIDATE"", ""REPORT_DIR/abi-benchmark-full-compiler-timing-7-after.json"", ""--"", ""cc"", ""-ICORPUS/frozen/src"", ""-ICORPUS/frozen/generated"", ""-DBUSTER_UNITY_BUILD=1"", ""-DBUSTER_INCLUDE_TESTS=0"", ""-g"", ""CORPUS/frozen/src/buster/apps/ide/ide.c"", ""-lm"", ""-o"", ""CORPUS/comparison-ide""]"
full-compiler,timing,7,False,before,5439218343,5022558000,302100000,1844516,,e103845ba8e74e40f55041de20100b0b99db636ae28687b2f5b8e2e33d99cda6,"[""LAUNCHER"", ""BASELINE"", ""REPORT_DIR/abi-benchmark-full-compiler-timing-7-before.json"", ""--"", ""cc"", ""-ICORPUS/frozen/src"", ""-ICORPUS/frozen/generated"", ""-DBUSTER_UNITY_BUILD=1"", ""-DBUSTER_INCLUDE_TESTS=0"", ""-g"", ""CORPUS/frozen/src/buster/apps/ide/ide.c"", ""-lm"", ""-o"", ""CORPUS/comparison-ide""]"
full-compiler,timing,8,False,before,8315162401,7709459000,467131000,1844148,,e103845ba8e74e40f55041de20100b0b99db636ae28687b2f5b8e2e33d99cda6,"[""LAUNCHER"", ""BASELINE"", ""REPORT_DIR/abi-benchmark-full-compiler-timing-8-before.json"", ""--"", ""cc"", ""-ICORPUS/frozen/src"", ""-ICORPUS/frozen/generated"", ""-DBUSTER_UNITY_BUILD=1"", ""-DBUSTER_INCLUDE_TESTS=0"", ""-g"", ""CORPUS/frozen/src/buster/apps/ide/ide.c"", ""-lm"", ""-o"", ""CORPUS/comparison-ide""]"
full-compiler,timing,8,False,after,5217971229,4610753000,378104000,1844524,,e103845ba8e74e40f55041de20100b0b99db636ae28687b2f5b8e2e33d99cda6,"[""LAUNCHER"", ""CANDIDATE"", ""REPORT_DIR/abi-benchmark-full-compiler-timing-8-after.json"", ""--"", ""cc"", ""-ICORPUS/frozen/src"", ""-ICORPUS/frozen/generated"", ""-DBUSTER_UNITY_BUILD=1"", ""-DBUSTER_INCLUDE_TESTS=0"", ""-g"", ""CORPUS/frozen/src/buster/apps/ide/ide.c"", ""-lm"", ""-o"", ""CORPUS/comparison-ide""]"
full-compiler,counter,0,False,before,,,,,11617439280,e103845ba8e74e40f55041de20100b0b99db636ae28687b2f5b8e2e33d99cda6,"[""taskset"", ""-c"", ""2"", ""perf"", ""stat"", ""-x"", "";"", ""-e"", ""instructions:u"", ""--"", ""BASELINE"", ""cc"", ""-ICORPUS/frozen/src"", ""-ICORPUS/frozen/generated"", ""-DBUSTER_UNITY_BUILD=1"", ""-DBUSTER_INCLUDE_TESTS=0"", ""-g"", ""CORPUS/frozen/src/buster/apps/ide/ide.c"", ""-lm"", ""-o"", ""CORPUS/comparison-ide""]"
full-compiler,counter,0,False,after,,,,,11617445979,e103845ba8e74e40f55041de20100b0b99db636ae28687b2f5b8e2e33d99cda6,"[""taskset"", ""-c"", ""2"", ""perf"", ""stat"", ""-x"", "";"", ""-e"", ""instructions:u"", ""--"", ""CANDIDATE"", ""cc"", ""-ICORPUS/frozen/src"", ""-ICORPUS/frozen/generated"", ""-DBUSTER_UNITY_BUILD=1"", ""-DBUSTER_INCLUDE_TESTS=0"", ""-g"", ""CORPUS/frozen/src/buster/apps/ide/ide.c"", ""-lm"", ""-o"", ""CORPUS/comparison-ide""]"
full-compiler,counter,1,False,after,,,,,11617446776,e103845ba8e74e40f55041de20100b0b99db636ae28687b2f5b8e2e33d99cda6,"[""taskset"", ""-c"", ""2"", ""perf"", ""stat"", ""-x"", "";"", ""-e"", ""instructions:u"", ""--"", ""CANDIDATE"", ""cc"", ""-ICORPUS/frozen/src"", ""-ICORPUS/frozen/generated"", ""-DBUSTER_UNITY_BUILD=1"", ""-DBUSTER_INCLUDE_TESTS=0"", ""-g"", ""CORPUS/frozen/src/buster/apps/ide/ide.c"", ""-lm"", ""-o"", ""CORPUS/comparison-ide""]"
full-compiler,counter,1,False,before,,,,,11617436295,e103845ba8e74e40f55041de20100b0b99db636ae28687b2f5b8e2e33d99cda6,"[""taskset"", ""-c"", ""2"", ""perf"", ""stat"", ""-x"", "";"", ""-e"", ""instructions:u"", ""--"", ""BASELINE"", ""cc"", ""-ICORPUS/frozen/src"", ""-ICORPUS/frozen/generated"", ""-DBUSTER_UNITY_BUILD=1"", ""-DBUSTER_INCLUDE_TESTS=0"", ""-g"", ""CORPUS/frozen/src/buster/apps/ide/ide.c"", ""-lm"", ""-o"", ""CORPUS/comparison-ide""]"
full-compiler,counter,2,False,before,,,,,11617416818,e103845ba8e74e40f55041de20100b0b99db636ae28687b2f5b8e2e33d99cda6,"[""taskset"", ""-c"", ""2"", ""perf"", ""stat"", ""-x"", "";"", ""-e"", ""instructions:u"", ""--"", ""BASELINE"", ""cc"", ""-ICORPUS/frozen/src"", ""-ICORPUS/frozen/generated"", ""-DBUSTER_UNITY_BUILD=1"", ""-DBUSTER_INCLUDE_TESTS=0"", ""-g"", ""CORPUS/frozen/src/buster/apps/ide/ide.c"", ""-lm"", ""-o"", ""CORPUS/comparison-ide""]"
full-compiler,counter,2,False,after,,,,,11617432234,e103845ba8e74e40f55041de20100b0b99db636ae28687b2f5b8e2e33d99cda6,"[""taskset"", ""-c"", ""2"", ""perf"", ""stat"", ""-x"", "";"", ""-e"", ""instructions:u"", ""--"", ""CANDIDATE"", ""cc"", ""-ICORPUS/frozen/src"", ""-ICORPUS/frozen/generated"", ""-DBUSTER_UNITY_BUILD=1"", ""-DBUSTER_INCLUDE_TESTS=0"", ""-g"", ""CORPUS/frozen/src/buster/apps/ide/ide.c"", ""-lm"", ""-o"", ""CORPUS/comparison-ide""]"
