workload,pair,mode,elapsed_ns,cpu_seconds,user_seconds,system_seconds,rss_kib,output_bytes,output_sha256,instructions:u,cycles:u,task-clock:u,minor_faults,major_faults
operations,-2,reference,26340052,0.025065999999999998,0.017053,0.008013,60688,68072,b9294ccf26867c4166b41f708fc062a12501d543a47e3889e071d57e0eca28e0,107471867.0,44379943.0,16.55,961,0
operations,-2,direct,16526415,0.016117,0.01311,0.0030069999999999997,60768,68072,52eeba97bbedb7c7870960a0320c699a1b4398595be318a070b53dda4718bda4,107573061.0,48904278.0,16.5,507,0
operations,-1,direct,17082091,0.01664,0.013687,0.002953,60636,68072,52eeba97bbedb7c7870960a0320c699a1b4398595be318a070b53dda4718bda4,107572789.0,45504692.0,15.29,958,0
operations,-1,reference,16504136,0.016152,0.013127,0.003025,60704,68072,b9294ccf26867c4166b41f708fc062a12501d543a47e3889e071d57e0eca28e0,107471775.0,45354625.0,15.7,957,0
operations,0,reference,17974590,0.017603,0.011744,0.005859,60592,68072,b9294ccf26867c4166b41f708fc062a12501d543a47e3889e071d57e0eca28e0,107472026.0,73336603.0,24.29,956,0
operations,0,direct,19223702,0.018723999999999998,0.014773999999999999,0.0039499999999999995,60724,68072,52eeba97bbedb7c7870960a0320c699a1b4398595be318a070b53dda4718bda4,107573206.0,48656262.0,18.13,958,0
operations,1,direct,18094666,0.017657,0.014695999999999999,0.0029609999999999997,60672,68072,52eeba97bbedb7c7870960a0320c699a1b4398595be318a070b53dda4718bda4,107573047.0,46023447.0,17.53,510,0
operations,1,reference,18529662,0.018001,0.012993,0.005007999999999999,60368,68072,b9294ccf26867c4166b41f708fc062a12501d543a47e3889e071d57e0eca28e0,107472592.0,45927813.0,17.34,955,0
operations,2,direct,18440686,0.018029,0.015181,0.002848,60356,68072,52eeba97bbedb7c7870960a0320c699a1b4398595be318a070b53dda4718bda4,107573517.0,46443777.0,17.34,953,0
operations,2,reference,18642995,0.018172,0.014352,0.0038199999999999996,60460,68072,b9294ccf26867c4166b41f708fc062a12501d543a47e3889e071d57e0eca28e0,107472482.0,45971899.0,17.14,952,0
operations,3,reference,18666277,0.018188,0.014377,0.0038109999999999997,60392,68072,b9294ccf26867c4166b41f708fc062a12501d543a47e3889e071d57e0eca28e0,107472474.0,45884500.0,17.17,955,0
operations,3,direct,18828458,0.018387,0.014315999999999999,0.004071,60560,68072,52eeba97bbedb7c7870960a0320c699a1b4398595be318a070b53dda4718bda4,107573346.0,45999539.0,17.16,508,0
operations,4,direct,20258547,0.019702,0.014806,0.004896,60620,68072,52eeba97bbedb7c7870960a0320c699a1b4398595be318a070b53dda4718bda4,107573067.0,46574073.0,17.74,959,0
operations,4,reference,20000924,0.01955,0.015636,0.003914,60732,68072,b9294ccf26867c4166b41f708fc062a12501d543a47e3889e071d57e0eca28e0,107472483.0,47624515.0,19.24,506,0
operations,5,reference,19129021,0.018587,0.015486,0.003101,60776,68072,b9294ccf26867c4166b41f708fc062a12501d543a47e3889e071d57e0eca28e0,107472263.0,45276425.0,18.65,505,0
operations,5,direct,20247493,0.019799999999999998,0.014846,0.004954,60776,68072,52eeba97bbedb7c7870960a0320c699a1b4398595be318a070b53dda4718bda4,107573589.0,45255251.0,18.88,961,0
operations,6,direct,23708835,0.023145,0.016124,0.0070209999999999995,60544,68072,52eeba97bbedb7c7870960a0320c699a1b4398595be318a070b53dda4718bda4,107573155.0,48968728.0,19.98,960,0
operations,6,reference,19444732,0.018999,0.014995999999999999,0.004003,60704,68072,b9294ccf26867c4166b41f708fc062a12501d543a47e3889e071d57e0eca28e0,107472442.0,50223801.0,19.58,956,0
operations,7,reference,20227987,0.019815,0.013861,0.005954,60724,68072,b9294ccf26867c4166b41f708fc062a12501d543a47e3889e071d57e0eca28e0,107472433.0,45693922.0,18.78,508,0
operations,7,direct,19603521,0.019076,0.013047999999999999,0.0060279999999999995,60660,68072,52eeba97bbedb7c7870960a0320c699a1b4398595be318a070b53dda4718bda4,107572246.0,46832660.0,18.93,510,0
operations,8,reference,19247028,0.018852,0.015874,0.0029779999999999997,60688,68072,b9294ccf26867c4166b41f708fc062a12501d543a47e3889e071d57e0eca28e0,107471938.0,45398285.0,18.24,957,0
operations,8,direct,19282047,0.018761,0.012829,0.005932,60588,68072,52eeba97bbedb7c7870960a0320c699a1b4398595be318a070b53dda4718bda4,107572640.0,45204537.0,18.49,960,0
operations,9,direct,19155859,0.018720999999999998,0.013786999999999999,0.004934,60732,68072,52eeba97bbedb7c7870960a0320c699a1b4398595be318a070b53dda4718bda4,107573188.0,45221876.0,18.11,961,0
operations,9,reference,19472109,0.018999,0.01499,0.0040089999999999995,60768,68072,b9294ccf26867c4166b41f708fc062a12501d543a47e3889e071d57e0eca28e0,107472475.0,45312826.0,18.11,961,0
operations,10,reference,18927012,0.018489,0.014606,0.0038829999999999997,60844,68072,b9294ccf26867c4166b41f708fc062a12501d543a47e3889e071d57e0eca28e0,107472549.0,45691716.0,17.74,958,0
operations,10,direct,18743517,0.018348,0.015281999999999999,0.0030659999999999997,60792,68072,52eeba97bbedb7c7870960a0320c699a1b4398595be318a070b53dda4718bda4,107573247.0,45879117.0,17.67,509,0
operations,11,direct,19104534,0.018678,0.011809,0.006869,60772,68072,52eeba97bbedb7c7870960a0320c699a1b4398595be318a070b53dda4718bda4,107572757.0,45818677.0,17.3,955,0
operations,11,reference,18662625,0.018275,0.014225999999999999,0.004049,60828,68072,b9294ccf26867c4166b41f708fc062a12501d543a47e3889e071d57e0eca28e0,107471919.0,45501358.0,17.19,510,0
operations,12,direct,19556004,0.019102,0.015274,0.003828,60348,68072,52eeba97bbedb7c7870960a0320c699a1b4398595be318a070b53dda4718bda4,107572893.0,47006110.0,17.75,954,0
operations,12,reference,18209397,0.017723,0.012835,0.004888,60688,68072,b9294ccf26867c4166b41f708fc062a12501d543a47e3889e071d57e0eca28e0,107472280.0,46043808.0,17.77,508,0
operations,13,reference,18736018,0.018331999999999998,0.014478999999999999,0.0038529999999999997,60624,68072,b9294ccf26867c4166b41f708fc062a12501d543a47e3889e071d57e0eca28e0,107472555.0,45728778.0,17.64,960,0
operations,13,direct,19941317,0.019478,0.013618,0.00586,60408,68072,52eeba97bbedb7c7870960a0320c699a1b4398595be318a070b53dda4718bda4,107573824.0,46275382.0,18.0,963,0
operations,14,reference,19393343,0.018716,0.016812,0.0019039999999999999,60816,68072,b9294ccf26867c4166b41f708fc062a12501d543a47e3889e071d57e0eca28e0,107472224.0,46128041.0,18.72,509,0
operations,14,direct,19688074,0.019289,0.016243,0.0030459999999999997,60792,68072,52eeba97bbedb7c7870960a0320c699a1b4398595be318a070b53dda4718bda4,107572656.0,46632583.0,18.44,509,0
operations,15,direct,19725373,0.019209999999999998,0.017181,0.002029,61112,68072,52eeba97bbedb7c7870960a0320c699a1b4398595be318a070b53dda4718bda4,107573334.0,45030097.0,18.45,509,0
operations,15,reference,20551682,0.020082999999999997,0.016071,0.004012,60524,68072,b9294ccf26867c4166b41f708fc062a12501d543a47e3889e071d57e0eca28e0,107472150.0,44935710.0,18.09,957,0
operations,16,direct,19647958,0.019000999999999997,0.013996999999999999,0.005004,60680,68072,52eeba97bbedb7c7870960a0320c699a1b4398595be318a070b53dda4718bda4,107573216.0,46347623.0,18.46,960,0
operations,16,reference,19227416,0.018616,0.014702,0.003914,60576,68072,b9294ccf26867c4166b41f708fc062a12501d543a47e3889e071d57e0eca28e0,107472596.0,45395741.0,18.25,959,0
operations,17,reference,24940354,0.024153,0.016125,0.008028,60604,68072,b9294ccf26867c4166b41f708fc062a12501d543a47e3889e071d57e0eca28e0,107473189.0,45069878.0,17.73,994,0
operations,17,direct,18890384,0.018397,0.014305,0.004092,60932,68072,52eeba97bbedb7c7870960a0320c699a1b4398595be318a070b53dda4718bda4,107573520.0,46026062.0,17.16,960,0
operations,18,reference,18491671,0.017854,0.012884999999999999,0.0049689999999999995,60728,68072,b9294ccf26867c4166b41f708fc062a12501d543a47e3889e071d57e0eca28e0,107472512.0,45075124.0,16.8,956,0
operations,18,direct,18587150,0.018182999999999998,0.015184,0.002999,60740,68072,52eeba97bbedb7c7870960a0320c699a1b4398595be318a070b53dda4718bda4,107572610.0,45564918.0,16.7,961,0
operations,19,direct,18778444,0.018303999999999997,0.013236999999999999,0.0050669999999999995,60516,68072,52eeba97bbedb7c7870960a0320c699a1b4398595be318a070b53dda4718bda4,107573058.0,46106119.0,17.34,959,0
operations,19,reference,17848198,0.017456,0.012595,0.004861,60708,68072,b9294ccf26867c4166b41f708fc062a12501d543a47e3889e071d57e0eca28e0,107472255.0,48924951.0,18.5,511,0
operations,20,reference,18051470,0.017633,0.012463,0.00517,60544,68072,b9294ccf26867c4166b41f708fc062a12501d543a47e3889e071d57e0eca28e0,107471827.0,45468790.0,16.75,948,0
operations,20,direct,18245153,0.017764,0.014813,0.002951,60688,68072,52eeba97bbedb7c7870960a0320c699a1b4398595be318a070b53dda4718bda4,107572652.0,45485420.0,16.96,962,0
operations,21,reference,17964586,0.017498,0.013609,0.0038889999999999997,60544,68072,b9294ccf26867c4166b41f708fc062a12501d543a47e3889e071d57e0eca28e0,107472625.0,45343311.0,17.05,959,0
operations,21,direct,19551288,0.019118,0.015099999999999999,0.004018,60708,68072,52eeba97bbedb7c7870960a0320c699a1b4398595be318a070b53dda4718bda4,107573373.0,47440716.0,18.89,961,0
operations,22,reference,19116703,0.018718,0.012806,0.005912,60668,68072,b9294ccf26867c4166b41f708fc062a12501d543a47e3889e071d57e0eca28e0,107471848.0,45667095.0,18.07,959,0
operations,22,direct,19364614,0.018928,0.014960999999999999,0.003967,60540,68072,52eeba97bbedb7c7870960a0320c699a1b4398595be318a070b53dda4718bda4,107573260.0,45941068.0,18.37,990,0
operations,23,reference,19608648,0.019151,0.015104,0.004047,60468,68072,b9294ccf26867c4166b41f708fc062a12501d543a47e3889e071d57e0eca28e0,107471865.0,45612613.0,18.1,956,0
operations,23,direct,19068469,0.018684,0.013765,0.004919,60496,68072,52eeba97bbedb7c7870960a0320c699a1b4398595be318a070b53dda4718bda4,107573140.0,46057815.0,17.68,956,0
operations,24,reference,19544448,0.019069,0.014303,0.004765999999999999,60480,68072,b9294ccf26867c4166b41f708fc062a12501d543a47e3889e071d57e0eca28e0,107472579.0,45863289.0,17.57,974,0
operations,24,direct,19714302,0.01929,0.01624,0.0030499999999999998,60372,68072,52eeba97bbedb7c7870960a0320c699a1b4398595be318a070b53dda4718bda4,107573075.0,47500625.0,18.25,953,0
operations,25,reference,19123545,0.01865,0.014544,0.004105999999999999,60616,68072,b9294ccf26867c4166b41f708fc062a12501d543a47e3889e071d57e0eca28e0,107472298.0,46401877.0,17.92,997,0
operations,25,direct,19090854,0.018491,0.014374,0.004117,60664,68072,52eeba97bbedb7c7870960a0320c699a1b4398595be318a070b53dda4718bda4,107573034.0,46593567.0,18.5,961,0
operations,26,direct,19127396,0.018661999999999998,0.012759999999999999,0.005902,60388,68072,52eeba97bbedb7c7870960a0320c699a1b4398595be318a070b53dda4718bda4,107573335.0,44767705.0,17.53,952,0
operations,26,reference,19087541,0.018649,0.014719999999999999,0.003929,61004,68072,b9294ccf26867c4166b41f708fc062a12501d543a47e3889e071d57e0eca28e0,107472373.0,46006430.0,17.76,507,0
operations,27,direct,23157393,0.022585,0.017443,0.005142,60784,68072,52eeba97bbedb7c7870960a0320c699a1b4398595be318a070b53dda4718bda4,107573575.0,46713712.0,18.25,960,0
operations,27,reference,18913278,0.018519,0.013405,0.005114,60284,68072,b9294ccf26867c4166b41f708fc062a12501d543a47e3889e071d57e0eca28e0,107472148.0,46701729.0,17.18,951,0
operations,28,reference,20894866,0.020291999999999998,0.017272,0.0030199999999999997,60732,68072,b9294ccf26867c4166b41f708fc062a12501d543a47e3889e071d57e0eca28e0,107472834.0,46089997.0,17.29,511,0
operations,28,direct,19202631,0.018679,0.013783,0.004896,60640,68072,52eeba97bbedb7c7870960a0320c699a1b4398595be318a070b53dda4718bda4,107573340.0,49128236.0,19.64,514,0
operations,29,direct,24714744,0.024099,0.01909,0.0050089999999999996,60760,68072,52eeba97bbedb7c7870960a0320c699a1b4398595be318a070b53dda4718bda4,107573299.0,53338099.0,20.82,507,0
operations,29,reference,19342931,0.018907999999999998,0.014965,0.0039429999999999995,60556,68072,b9294ccf26867c4166b41f708fc062a12501d543a47e3889e071d57e0eca28e0,107472576.0,46895975.0,17.95,958,0
operations,30,direct,18671701,0.018178,0.013382999999999999,0.004795,60612,68072,52eeba97bbedb7c7870960a0320c699a1b4398595be318a070b53dda4718bda4,107573518.0,49160165.0,19.1,506,0
operations,30,reference,18489991,0.017904999999999997,0.01194,0.005965,60776,68072,b9294ccf26867c4166b41f708fc062a12501d543a47e3889e071d57e0eca28e0,107471779.0,46962039.0,17.49,511,0
operations,31,direct,18744876,0.018300999999999998,0.014275,0.004026,60724,68072,52eeba97bbedb7c7870960a0320c699a1b4398595be318a070b53dda4718bda4,107572866.0,47986148.0,17.73,963,0
operations,31,reference,18608490,0.018213999999999998,0.014377,0.0038369999999999997,60800,68072,b9294ccf26867c4166b41f708fc062a12501d543a47e3889e071d57e0eca28e0,107472427.0,46953707.0,17.63,981,0
operations,32,direct,18583613,0.018173,0.013117,0.005056,60716,68072,52eeba97bbedb7c7870960a0320c699a1b4398595be318a070b53dda4718bda4,107573386.0,46442082.0,18.26,961,0
operations,32,reference,18284423,0.017856999999999998,0.014894999999999999,0.002962,60748,68072,b9294ccf26867c4166b41f708fc062a12501d543a47e3889e071d57e0eca28e0,107472314.0,47439388.0,18.13,510,0
operations,33,direct,18589046,0.018181,0.015149999999999999,0.003031,60724,68072,52eeba97bbedb7c7870960a0320c699a1b4398595be318a070b53dda4718bda4,107573370.0,46259191.0,17.79,963,0
operations,33,reference,19770146,0.018785,0.013143,0.0056419999999999994,60596,68072,b9294ccf26867c4166b41f708fc062a12501d543a47e3889e071d57e0eca28e0,107472456.0,46195773.0,17.26,992,0
operations,34,reference,18936855,0.018508,0.013358,0.00515,60492,68072,b9294ccf26867c4166b41f708fc062a12501d543a47e3889e071d57e0eca28e0,107472283.0,46470332.0,16.98,972,0
operations,34,direct,19913951,0.019500999999999998,0.015399999999999999,0.004101,60676,68072,52eeba97bbedb7c7870960a0320c699a1b4398595be318a070b53dda4718bda4,107573225.0,46938364.0,17.41,1001,0
operations,35,reference,19032906,0.018372,0.012563999999999999,0.005808,60708,68072,b9294ccf26867c4166b41f708fc062a12501d543a47e3889e071d57e0eca28e0,107471505.0,47712379.0,17.6,951,0
operations,35,direct,18886092,0.018453999999999998,0.015533,0.002921,60712,68072,52eeba97bbedb7c7870960a0320c699a1b4398595be318a070b53dda4718bda4,107572715.0,51709450.0,19.32,510,0
operations,36,direct,20236093,0.019777999999999997,0.013841,0.005937,60932,68072,52eeba97bbedb7c7870960a0320c699a1b4398595be318a070b53dda4718bda4,107573018.0,48719785.0,19.84,960,0
operations,36,reference,23418780,0.022756,0.019740999999999998,0.003015,60688,68072,b9294ccf26867c4166b41f708fc062a12501d543a47e3889e071d57e0eca28e0,107471972.0,47749438.0,18.79,511,0
operations,37,direct,19786916,0.019264,0.015198,0.004066,60396,68072,52eeba97bbedb7c7870960a0320c699a1b4398595be318a070b53dda4718bda4,107572742.0,46604629.0,17.91,954,0
operations,37,reference,18947265,0.018346,0.014494,0.003852,60788,68072,b9294ccf26867c4166b41f708fc062a12501d543a47e3889e071d57e0eca28e0,107471946.0,46967671.0,17.94,505,0
operations,38,direct,19355550,0.018809999999999997,0.015861999999999998,0.0029479999999999997,60416,68072,52eeba97bbedb7c7870960a0320c699a1b4398595be318a070b53dda4718bda4,107573276.0,45919369.0,17.73,953,0
operations,38,reference,18273756,0.017886,0.012912999999999999,0.004973,60472,68072,b9294ccf26867c4166b41f708fc062a12501d543a47e3889e071d57e0eca28e0,107472451.0,44887452.0,17.54,954,0
operations,39,reference,18271080,0.017877999999999998,0.013902,0.0039759999999999995,60628,68072,b9294ccf26867c4166b41f708fc062a12501d543a47e3889e071d57e0eca28e0,107471876.0,45607380.0,17.46,958,0
operations,39,direct,18597719,0.018195,0.014182,0.004013,60496,68072,52eeba97bbedb7c7870960a0320c699a1b4398595be318a070b53dda4718bda4,107573283.0,45061503.0,16.99,981,0
operations,40,direct,18125926,0.017759999999999998,0.014627,0.003133,60772,68072,52eeba97bbedb7c7870960a0320c699a1b4398595be318a070b53dda4718bda4,107573535.0,46906211.0,17.51,512,0
operations,40,reference,18626325,0.018119999999999997,0.014086999999999999,0.004033,60276,68072,b9294ccf26867c4166b41f708fc062a12501d543a47e3889e071d57e0eca28e0,107472449.0,46006744.0,17.21,952,0
operations,41,reference,18518414,0.01811,0.013372,0.004738,60824,68072,b9294ccf26867c4166b41f708fc062a12501d543a47e3889e071d57e0eca28e0,107472486.0,46954509.0,17.62,515,0
operations,41,direct,18478044,0.018063999999999997,0.014055999999999999,0.004007999999999999,60756,68072,52eeba97bbedb7c7870960a0320c699a1b4398595be318a070b53dda4718bda4,107573403.0,47086649.0,17.47,510,0
operations,42,reference,19441525,0.018965,0.015974,0.0029909999999999997,60728,68072,b9294ccf26867c4166b41f708fc062a12501d543a47e3889e071d57e0eca28e0,107472153.0,46346232.0,16.98,957,0
operations,42,direct,20617603,0.020013999999999997,0.013045999999999999,0.006967999999999999,60664,68072,52eeba97bbedb7c7870960a0320c699a1b4398595be318a070b53dda4718bda4,107572790.0,47901981.0,17.76,957,0
operations,43,reference,19954099,0.019342,0.016271,0.003071,60616,68072,b9294ccf26867c4166b41f708fc062a12501d543a47e3889e071d57e0eca28e0,107472701.0,46603018.0,18.91,959,0
operations,43,direct,20239197,0.019757,0.014797,0.00496,60368,68072,52eeba97bbedb7c7870960a0320c699a1b4398595be318a070b53dda4718bda4,107572607.0,45566693.0,17.8,954,0
operations,44,direct,20206328,0.019731,0.015806,0.003925,60576,68072,52eeba97bbedb7c7870960a0320c699a1b4398595be318a070b53dda4718bda4,107572753.0,46251873.0,18.35,959,0
operations,44,reference,19052239,0.018611999999999997,0.015691999999999998,0.00292,60912,68072,b9294ccf26867c4166b41f708fc062a12501d543a47e3889e071d57e0eca28e0,107471497.0,45613934.0,17.86,960,0
operations,45,direct,18875599,0.018435,0.0136,0.004835,60496,68072,52eeba97bbedb7c7870960a0320c699a1b4398595be318a070b53dda4718bda4,107572740.0,44834751.0,17.79,958,0
operations,45,reference,18749956,0.018313,0.013482,0.004830999999999999,60704,68072,b9294ccf26867c4166b41f708fc062a12501d543a47e3889e071d57e0eca28e0,107472556.0,44757020.0,18.05,507,0
operations,46,reference,18597529,0.018210999999999998,0.013151,0.005059999999999999,60780,68072,b9294ccf26867c4166b41f708fc062a12501d543a47e3889e071d57e0eca28e0,107472580.0,44964462.0,17.51,960,0
operations,46,direct,22800591,0.022255999999999998,0.015196,0.0070599999999999994,60600,68072,52eeba97bbedb7c7870960a0320c699a1b4398595be318a070b53dda4718bda4,107573281.0,46837168.0,18.31,960,0
operations,47,direct,18840374,0.018396,0.015352,0.003044,60772,68072,52eeba97bbedb7c7870960a0320c699a1b4398595be318a070b53dda4718bda4,107572730.0,46718375.0,17.03,958,0
operations,47,reference,18620697,0.018112,0.014096,0.004016,60776,68072,b9294ccf26867c4166b41f708fc062a12501d543a47e3889e071d57e0eca28e0,107472771.0,47978381.0,17.91,511,0
functions,-2,reference,46620691,0.046036,0.038076,0.00796,122340,1296576,f1ce45339cf50b5fe237f26e58b61bc07d89f0669af62cce5425a12ee62fb2fc,337371112.0,131620770.0,45.7,540,0
functions,-2,direct,46142935,0.045542,0.037626,0.007916,124068,1296576,613493185fe766c597769b4ca31c547eea480747cf91b60eca7c2e4e3cb1d12d,333407873.0,124246150.0,43.76,985,0
functions,-1,direct,49201171,0.048659,0.040722,0.007937,124288,1296576,613493185fe766c597769b4ca31c547eea480747cf91b60eca7c2e4e3cb1d12d,333408135.0,166597910.0,60.39,539,0
functions,-1,reference,48632206,0.048004,0.039226,0.008778,121972,1296576,f1ce45339cf50b5fe237f26e58b61bc07d89f0669af62cce5425a12ee62fb2fc,337371421.0,131655186.0,47.55,984,0
functions,0,reference,46277631,0.04569,0.036786,0.008904,122076,1296576,f1ce45339cf50b5fe237f26e58b61bc07d89f0669af62cce5425a12ee62fb2fc,337371099.0,132434646.0,46.77,1008,0
functions,0,direct,44339314,0.04385,0.035913,0.007937,124212,1296576,613493185fe766c597769b4ca31c547eea480747cf91b60eca7c2e4e3cb1d12d,333407748.0,124543142.0,43.72,990,0
functions,1,direct,44978881,0.04440399999999999,0.039487999999999995,0.004915999999999999,124348,1296576,613493185fe766c597769b4ca31c547eea480747cf91b60eca7c2e4e3cb1d12d,333408033.0,131974426.0,45.54,539,0
functions,1,reference,46503117,0.045878,0.037153,0.008725,122380,1296576,f1ce45339cf50b5fe237f26e58b61bc07d89f0669af62cce5425a12ee62fb2fc,337371575.0,130670345.0,44.45,988,0
functions,2,direct,49403132,0.048832999999999994,0.040868999999999996,0.007963999999999999,124456,1296576,613493185fe766c597769b4ca31c547eea480747cf91b60eca7c2e4e3cb1d12d,333408077.0,134877766.0,46.05,536,0
functions,2,reference,46815463,0.04619499999999999,0.037177999999999996,0.009016999999999999,122196,1296576,f1ce45339cf50b5fe237f26e58b61bc07d89f0669af62cce5425a12ee62fb2fc,337371402.0,130737183.0,44.89,985,0
functions,3,reference,44855894,0.044251,0.036208,0.008043,122012,1296576,f1ce45339cf50b5fe237f26e58b61bc07d89f0669af62cce5425a12ee62fb2fc,337369100.0,132802827.0,45.24,982,0
functions,3,direct,45999078,0.045387000000000004,0.038502,0.006885,124108,1296576,613493185fe766c597769b4ca31c547eea480747cf91b60eca7c2e4e3cb1d12d,333408030.0,130515305.0,43.63,1002,0
functions,4,direct,45494989,0.044917,0.039960999999999997,0.0049559999999999995,124444,1296576,613493185fe766c597769b4ca31c547eea480747cf91b60eca7c2e4e3cb1d12d,333408026.0,127637934.0,42.59,538,0
functions,4,reference,44554316,0.04406399999999999,0.035068999999999996,0.008995,122292,1296576,f1ce45339cf50b5fe237f26e58b61bc07d89f0669af62cce5425a12ee62fb2fc,337372045.0,131858501.0,44.48,991,0
functions,5,reference,48904678,0.048319,0.042267,0.006052,122676,1296576,f1ce45339cf50b5fe237f26e58b61bc07d89f0669af62cce5425a12ee62fb2fc,337371549.0,142614610.0,48.96,538,0
functions,5,direct,46495036,0.045960999999999995,0.037964,0.007996999999999999,124032,1296576,613493185fe766c597769b4ca31c547eea480747cf91b60eca7c2e4e3cb1d12d,333408125.0,132465698.0,46.8,987,0
functions,6,direct,46176098,0.04566,0.038762,0.006898,124480,1296576,613493185fe766c597769b4ca31c547eea480747cf91b60eca7c2e4e3cb1d12d,333407345.0,127537232.0,43.47,543,0
functions,6,reference,44471267,0.04395299999999999,0.035990999999999995,0.007962,122400,1296576,f1ce45339cf50b5fe237f26e58b61bc07d89f0669af62cce5425a12ee62fb2fc,337371615.0,130935370.0,44.07,987,0
functions,7,reference,44042987,0.043351,0.034482,0.008869,122288,1296576,f1ce45339cf50b5fe237f26e58b61bc07d89f0669af62cce5425a12ee62fb2fc,337371582.0,130002013.0,43.6,990,0
functions,7,direct,44424940,0.043855,0.036878,0.006977,124316,1296576,613493185fe766c597769b4ca31c547eea480747cf91b60eca7c2e4e3cb1d12d,333434541.0,125125738.0,41.54,989,0
functions,8,reference,47117612,0.04646,0.040534,0.005926,121924,1296576,f1ce45339cf50b5fe237f26e58b61bc07d89f0669af62cce5425a12ee62fb2fc,337371548.0,135452852.0,46.63,981,0
functions,8,direct,45208166,0.044671999999999996,0.036746999999999995,0.007925,124212,1296576,613493185fe766c597769b4ca31c547eea480747cf91b60eca7c2e4e3cb1d12d,333397586.0,125148849.0,44.66,988,0
functions,9,direct,46546305,0.045665,0.037759,0.007906,124164,1296576,613493185fe766c597769b4ca31c547eea480747cf91b60eca7c2e4e3cb1d12d,333407557.0,131354262.0,44.86,988,0
functions,9,reference,45827739,0.045288,0.038431,0.006856999999999999,121972,1296576,f1ce45339cf50b5fe237f26e58b61bc07d89f0669af62cce5425a12ee62fb2fc,337361430.0,133090461.0,45.58,981,0
functions,10,reference,45602628,0.04510399999999999,0.034353999999999996,0.01075,122248,1296576,f1ce45339cf50b5fe237f26e58b61bc07d89f0669af62cce5425a12ee62fb2fc,337371254.0,131573832.0,43.83,984,0
functions,10,direct,43905940,0.043325999999999996,0.03646,0.006866,124704,1296576,613493185fe766c597769b4ca31c547eea480747cf91b60eca7c2e4e3cb1d12d,333408018.0,139432087.0,46.51,541,0
functions,11,direct,47520092,0.046946999999999996,0.03396,0.012986999999999999,124044,1296576,613493185fe766c597769b4ca31c547eea480747cf91b60eca7c2e4e3cb1d12d,333407978.0,133949699.0,45.95,988,0
functions,11,reference,46717498,0.046074,0.040061,0.006013,122292,1296576,f1ce45339cf50b5fe237f26e58b61bc07d89f0669af62cce5425a12ee62fb2fc,337371807.0,127510770.0,46.51,991,0
functions,12,direct,45634991,0.045085,0.038113,0.006972,124424,1296576,613493185fe766c597769b4ca31c547eea480747cf91b60eca7c2e4e3cb1d12d,333407806.0,124200459.0,44.09,987,0
functions,12,reference,44308692,0.043685,0.035744,0.007941,122296,1296576,f1ce45339cf50b5fe237f26e58b61bc07d89f0669af62cce5425a12ee62fb2fc,337371388.0,134369014.0,46.03,538,0
functions,13,reference,46802543,0.046158,0.039139,0.007019,122112,1296576,f1ce45339cf50b5fe237f26e58b61bc07d89f0669af62cce5425a12ee62fb2fc,337371756.0,127804855.0,43.99,986,0
functions,13,direct,44048565,0.043484999999999996,0.034603999999999996,0.008881,124608,1296576,613493185fe766c597769b4ca31c547eea480747cf91b60eca7c2e4e3cb1d12d,333407394.0,126722998.0,41.98,539,0
functions,14,reference,47015552,0.046334999999999994,0.040285999999999995,0.006049,122176,1296576,f1ce45339cf50b5fe237f26e58b61bc07d89f0669af62cce5425a12ee62fb2fc,337361371.0,131484901.0,44.2,989,0
functions,14,direct,45347783,0.04465,0.038695,0.005954999999999999,123932,1296576,613493185fe766c597769b4ca31c547eea480747cf91b60eca7c2e4e3cb1d12d,333407918.0,125667655.0,44.77,980,0
functions,15,direct,45255008,0.0447,0.034779,0.009921,124408,1296576,613493185fe766c597769b4ca31c547eea480747cf91b60eca7c2e4e3cb1d12d,333407687.0,124239203.0,42.91,540,0
functions,15,reference,45288051,0.044694,0.03576,0.008934,122256,1296576,f1ce45339cf50b5fe237f26e58b61bc07d89f0669af62cce5425a12ee62fb2fc,337371542.0,125602680.0,43.15,984,0
functions,16,direct,42620722,0.042108,0.034109,0.007999,124140,1296576,613493185fe766c597769b4ca31c547eea480747cf91b60eca7c2e4e3cb1d12d,333407817.0,123911514.0,41.46,986,0
functions,16,reference,45143430,0.04457,0.03664,0.00793,122240,1296576,f1ce45339cf50b5fe237f26e58b61bc07d89f0669af62cce5425a12ee62fb2fc,337371678.0,126560712.0,41.91,984,0
functions,17,reference,53078585,0.05049,0.040386,0.010104,121940,1296576,f1ce45339cf50b5fe237f26e58b61bc07d89f0669af62cce5425a12ee62fb2fc,337371585.0,133187626.0,44.67,982,0
functions,17,direct,45959925,0.045372,0.039493,0.005879,124524,1296576,613493185fe766c597769b4ca31c547eea480747cf91b60eca7c2e4e3cb1d12d,333397637.0,125255178.0,45.09,990,0
functions,18,reference,44928846,0.044427,0.0404,0.004027,122224,1296576,f1ce45339cf50b5fe237f26e58b61bc07d89f0669af62cce5425a12ee62fb2fc,337371374.0,128150440.0,43.99,976,0
functions,18,direct,43580367,0.04296,0.034981,0.007979,124288,1296576,613493185fe766c597769b4ca31c547eea480747cf91b60eca7c2e4e3cb1d12d,333408067.0,131466072.0,44.1,537,0
functions,19,direct,44707232,0.044062,0.037056,0.007006,124348,1296576,613493185fe766c597769b4ca31c547eea480747cf91b60eca7c2e4e3cb1d12d,333408087.0,126055339.0,42.14,991,0
functions,19,reference,45837889,0.045277,0.034519,0.010758,121948,1296576,f1ce45339cf50b5fe237f26e58b61bc07d89f0669af62cce5425a12ee62fb2fc,337371614.0,131364682.0,43.9,984,0
functions,20,reference,47760904,0.047132,0.041142,0.00599,121848,1296576,f1ce45339cf50b5fe237f26e58b61bc07d89f0669af62cce5425a12ee62fb2fc,337371076.0,134950958.0,44.64,981,0
functions,20,direct,46133911,0.045322999999999995,0.035456999999999995,0.009866,124064,1296576,613493185fe766c597769b4ca31c547eea480747cf91b60eca7c2e4e3cb1d12d,333397153.0,127258104.0,45.31,984,0
functions,21,reference,54695434,0.053873,0.041025,0.012848,122340,1296576,f1ce45339cf50b5fe237f26e58b61bc07d89f0669af62cce5425a12ee62fb2fc,337371615.0,127436950.0,43.72,986,0
functions,21,direct,42305843,0.0416,0.034677,0.0069229999999999995,123940,1296576,613493185fe766c597769b4ca31c547eea480747cf91b60eca7c2e4e3cb1d12d,333407837.0,130166477.0,41.39,985,0
functions,22,reference,44234194,0.043698,0.034801,0.008897,122328,1296576,f1ce45339cf50b5fe237f26e58b61bc07d89f0669af62cce5425a12ee62fb2fc,337371749.0,127787546.0,41.83,538,0
functions,22,direct,43225345,0.042506999999999996,0.036605,0.005902,124404,1296576,613493185fe766c597769b4ca31c547eea480747cf91b60eca7c2e4e3cb1d12d,333408053.0,127948928.0,43.01,537,0
functions,23,reference,50396989,0.049718,0.045739999999999996,0.003978,122260,1296576,f1ce45339cf50b5fe237f26e58b61bc07d89f0669af62cce5425a12ee62fb2fc,337371931.0,133542216.0,46.57,987,0
functions,23,direct,48192909,0.047347999999999994,0.038474999999999995,0.008872999999999999,124360,1296576,613493185fe766c597769b4ca31c547eea480747cf91b60eca7c2e4e3cb1d12d,333408124.0,128473476.0,48.89,984,0
functions,24,reference,48706718,0.048131,0.038119,0.010012,122244,1296576,f1ce45339cf50b5fe237f26e58b61bc07d89f0669af62cce5425a12ee62fb2fc,337371774.0,131191338.0,48.08,536,0
functions,24,direct,49175752,0.04849,0.040638,0.007852,124052,1296576,613493185fe766c597769b4ca31c547eea480747cf91b60eca7c2e4e3cb1d12d,333407809.0,129539830.0,47.3,983,0
functions,25,reference,50039414,0.049319999999999996,0.04144,0.00788,122404,1296576,f1ce45339cf50b5fe237f26e58b61bc07d89f0669af62cce5425a12ee62fb2fc,337371813.0,135173122.0,48.95,1008,0
functions,25,direct,49704884,0.049138,0.038342,0.010796,123892,1296576,613493185fe766c597769b4ca31c547eea480747cf91b60eca7c2e4e3cb1d12d,333407483.0,131854782.0,49.28,983,0
functions,26,direct,53012778,0.052336999999999995,0.046405999999999996,0.005931,124416,1296576,613493185fe766c597769b4ca31c547eea480747cf91b60eca7c2e4e3cb1d12d,333407509.0,131997538.0,49.42,541,0
functions,26,reference,50861502,0.050269,0.04439,0.005879,122244,1296576,f1ce45339cf50b5fe237f26e58b61bc07d89f0669af62cce5425a12ee62fb2fc,337371675.0,125753229.0,49.11,537,0
functions,27,direct,49393294,0.048741999999999994,0.041790999999999995,0.006951,124536,1296576,613493185fe766c597769b4ca31c547eea480747cf91b60eca7c2e4e3cb1d12d,333407397.0,125378349.0,47.05,541,0
functions,27,reference,50500108,0.049887,0.039915,0.009972,122152,1296576,f1ce45339cf50b5fe237f26e58b61bc07d89f0669af62cce5425a12ee62fb2fc,337371923.0,128573903.0,48.7,975,0
functions,28,reference,49749603,0.049171999999999993,0.040167999999999995,0.009004,121856,1296576,f1ce45339cf50b5fe237f26e58b61bc07d89f0669af62cce5425a12ee62fb2fc,337369530.0,128318906.0,47.82,980,0
functions,28,direct,48425920,0.047869,0.040901,0.006967999999999999,123920,1296576,613493185fe766c597769b4ca31c547eea480747cf91b60eca7c2e4e3cb1d12d,333405744.0,127118851.0,46.98,982,0
functions,29,direct,51315483,0.050740999999999994,0.047775,0.002966,124516,1296576,613493185fe766c597769b4ca31c547eea480747cf91b60eca7c2e4e3cb1d12d,333408060.0,128909843.0,49.72,991,0
functions,29,reference,50362650,0.04962899999999999,0.037739999999999996,0.011889,122192,1296576,f1ce45339cf50b5fe237f26e58b61bc07d89f0669af62cce5425a12ee62fb2fc,337371284.0,129357266.0,49.85,987,0
functions,30,direct,53985846,0.053156999999999996,0.041152999999999995,0.012003999999999999,124160,1296576,613493185fe766c597769b4ca31c547eea480747cf91b60eca7c2e4e3cb1d12d,333408061.0,128372553.0,48.51,987,0
functions,30,reference,46306473,0.045746999999999996,0.037799,0.007948,122340,1296576,f1ce45339cf50b5fe237f26e58b61bc07d89f0669af62cce5425a12ee62fb2fc,337371810.0,130885467.0,45.05,541,0
functions,31,direct,43960667,0.043379,0.039431,0.003948,124300,1296576,613493185fe766c597769b4ca31c547eea480747cf91b60eca7c2e4e3cb1d12d,333407882.0,128452314.0,43.96,981,0
functions,31,reference,45373328,0.044298,0.036259,0.008039,122364,1296576,f1ce45339cf50b5fe237f26e58b61bc07d89f0669af62cce5425a12ee62fb2fc,337372089.0,159475247.0,53.17,533,0
functions,32,direct,44341806,0.043736,0.036786,0.00695,124408,1296576,613493185fe766c597769b4ca31c547eea480747cf91b60eca7c2e4e3cb1d12d,333407578.0,126324682.0,43.19,535,0
functions,32,reference,44300199,0.043805,0.036862,0.0069429999999999995,122248,1296576,f1ce45339cf50b5fe237f26e58b61bc07d89f0669af62cce5425a12ee62fb2fc,337371601.0,127851623.0,42.57,972,0
functions,33,direct,43028750,0.042546,0.035636,0.0069099999999999995,124376,1296576,613493185fe766c597769b4ca31c547eea480747cf91b60eca7c2e4e3cb1d12d,333408060.0,129903334.0,44.21,985,0
functions,33,reference,44778797,0.044143,0.035108,0.009035,121964,1296576,f1ce45339cf50b5fe237f26e58b61bc07d89f0669af62cce5425a12ee62fb2fc,337371094.0,129511417.0,42.46,983,0
functions,34,reference,45913114,0.045271,0.038394,0.006876999999999999,122076,1296576,f1ce45339cf50b5fe237f26e58b61bc07d89f0669af62cce5425a12ee62fb2fc,337372055.0,132424417.0,43.93,984,0
functions,34,direct,52342286,0.051491999999999996,0.042442999999999995,0.009049,124652,1296576,613493185fe766c597769b4ca31c547eea480747cf91b60eca7c2e4e3cb1d12d,333407791.0,136300841.0,47.26,543,0
functions,35,reference,41986622,0.041345999999999994,0.034466,0.00688,122316,1296576,f1ce45339cf50b5fe237f26e58b61bc07d89f0669af62cce5425a12ee62fb2fc,337371154.0,127596883.0,41.46,536,0
functions,35,direct,42990993,0.042379999999999994,0.034534999999999996,0.007845,124320,1296576,613493185fe766c597769b4ca31c547eea480747cf91b60eca7c2e4e3cb1d12d,333397676.0,126684555.0,41.45,987,0
functions,36,direct,44449988,0.043914999999999996,0.037934999999999997,0.00598,124152,1296576,613493185fe766c597769b4ca31c547eea480747cf91b60eca7c2e4e3cb1d12d,333408110.0,124400294.0,40.46,987,0
functions,36,reference,43907589,0.043432,0.037503,0.005928999999999999,122268,1296576,f1ce45339cf50b5fe237f26e58b61bc07d89f0669af62cce5425a12ee62fb2fc,337361338.0,130480156.0,42.47,991,0
functions,37,direct,53550721,0.052878,0.044898,0.00798,124248,1296576,613493185fe766c597769b4ca31c547eea480747cf91b60eca7c2e4e3cb1d12d,333408132.0,125145317.0,41.19,986,0
functions,37,reference,45985086,0.045248,0.037219999999999996,0.008028,122340,1296576,f1ce45339cf50b5fe237f26e58b61bc07d89f0669af62cce5425a12ee62fb2fc,337372053.0,129366874.0,44.43,537,0
functions,38,direct,44388151,0.04385699999999999,0.032889999999999996,0.010967,124012,1296576,613493185fe766c597769b4ca31c547eea480747cf91b60eca7c2e4e3cb1d12d,333408134.0,131998651.0,45.26,985,0
functions,38,reference,46631602,0.046005,0.040145,0.00586,122488,1296576,f1ce45339cf50b5fe237f26e58b61bc07d89f0669af62cce5425a12ee62fb2fc,337371339.0,127483122.0,42.4,987,0
functions,39,reference,43092676,0.04260799999999999,0.034681,0.007927,121980,1296576,f1ce45339cf50b5fe237f26e58b61bc07d89f0669af62cce5425a12ee62fb2fc,337369065.0,127396262.0,42.39,1009,0
functions,39,direct,45496827,0.044877,0.036911,0.007965999999999999,124520,1296576,613493185fe766c597769b4ca31c547eea480747cf91b60eca7c2e4e3cb1d12d,333408288.0,130716016.0,43.92,988,0
functions,40,direct,45804205,0.045174,0.040152,0.0050219999999999996,124388,1296576,613493185fe766c597769b4ca31c547eea480747cf91b60eca7c2e4e3cb1d12d,333408060.0,151655914.0,50.58,989,0
functions,40,reference,45050999,0.044475999999999995,0.038426999999999996,0.006049,122228,1296576,f1ce45339cf50b5fe237f26e58b61bc07d89f0669af62cce5425a12ee62fb2fc,337371537.0,128790477.0,45.85,989,0
functions,41,reference,45154754,0.044565,0.039617,0.004948,122276,1296576,f1ce45339cf50b5fe237f26e58b61bc07d89f0669af62cce5425a12ee62fb2fc,337372054.0,132095747.0,45.22,973,0
functions,41,direct,44138100,0.043622999999999995,0.037712999999999997,0.0059099999999999995,124072,1296576,613493185fe766c597769b4ca31c547eea480747cf91b60eca7c2e4e3cb1d12d,333407686.0,127344502.0,43.28,982,0
functions,42,reference,44476786,0.043945,0.036994,0.006951,122200,1296576,f1ce45339cf50b5fe237f26e58b61bc07d89f0669af62cce5425a12ee62fb2fc,337371446.0,127871720.0,42.38,987,0
functions,42,direct,43668956,0.043077,0.038077,0.005,124220,1296576,613493185fe766c597769b4ca31c547eea480747cf91b60eca7c2e4e3cb1d12d,333408032.0,128664842.0,43.29,988,0
functions,43,reference,44167132,0.043727,0.033796,0.009930999999999999,122412,1296576,f1ce45339cf50b5fe237f26e58b61bc07d89f0669af62cce5425a12ee62fb2fc,337397460.0,176926332.0,58.07,540,0
functions,43,direct,43104687,0.04264,0.033764999999999996,0.008875,124412,1296576,613493185fe766c597769b4ca31c547eea480747cf91b60eca7c2e4e3cb1d12d,333408031.0,124485761.0,41.63,540,0
functions,44,direct,43447660,0.042926,0.034183,0.008742999999999999,124276,1296576,613493185fe766c597769b4ca31c547eea480747cf91b60eca7c2e4e3cb1d12d,333408019.0,127339946.0,42.97,992,0
functions,44,reference,44360640,0.043830999999999995,0.036869,0.0069619999999999994,121960,1296576,f1ce45339cf50b5fe237f26e58b61bc07d89f0669af62cce5425a12ee62fb2fc,337371566.0,127819988.0,42.47,984,0
functions,45,direct,42767535,0.042316,0.036277,0.006039,124220,1296576,613493185fe766c597769b4ca31c547eea480747cf91b60eca7c2e4e3cb1d12d,333407769.0,126678694.0,41.71,988,0
functions,45,reference,53644577,0.053075,0.045080999999999996,0.007994,122412,1296576,f1ce45339cf50b5fe237f26e58b61bc07d89f0669af62cce5425a12ee62fb2fc,337371890.0,136087540.0,43.9,988,0
functions,46,reference,45831113,0.045307,0.039441,0.005866,122288,1296576,f1ce45339cf50b5fe237f26e58b61bc07d89f0669af62cce5425a12ee62fb2fc,337371903.0,132615519.0,45.48,982,0
functions,46,direct,46264044,0.045684999999999996,0.040726,0.004959,124216,1296576,613493185fe766c597769b4ca31c547eea480747cf91b60eca7c2e4e3cb1d12d,333407737.0,133608828.0,45.84,1020,0
functions,47,direct,44830544,0.044293,0.04036,0.003933,124352,1296576,613493185fe766c597769b4ca31c547eea480747cf91b60eca7c2e4e3cb1d12d,333408033.0,129881296.0,44.1,544,0
functions,47,reference,45853765,0.045350999999999995,0.037461999999999995,0.007889,122268,1296576,f1ce45339cf50b5fe237f26e58b61bc07d89f0669af62cce5425a12ee62fb2fc,337371814.0,129417976.0,43.28,990,0
diamonds,-2,reference,20163285,0.019662,0.015756,0.0039059999999999997,77136,154624,c8797e908f42eda20f4c99d9832de7b9d8bc4fbea1fbf510540ff3929928ae55,137736880.0,55086155.0,20.43,964,0
diamonds,-2,direct,24370383,0.023825,0.015902,0.007923,79148,154624,c8797e908f42eda20f4c99d9832de7b9d8bc4fbea1fbf510540ff3929928ae55,136856041.0,52862686.0,18.56,967,0
diamonds,-1,direct,20553402,0.020017,0.014046,0.005971,79152,154624,c8797e908f42eda20f4c99d9832de7b9d8bc4fbea1fbf510540ff3929928ae55,136855607.0,55251833.0,18.32,965,0
diamonds,-1,reference,20366115,0.019805999999999997,0.014842,0.004964,77448,154624,c8797e908f42eda20f4c99d9832de7b9d8bc4fbea1fbf510540ff3929928ae55,137737099.0,55574814.0,20.07,517,0
diamonds,0,reference,20745542,0.020267999999999998,0.014178999999999999,0.006089,77116,154624,c8797e908f42eda20f4c99d9832de7b9d8bc4fbea1fbf510540ff3929928ae55,137736161.0,52808952.0,19.0,517,0
diamonds,0,direct,21369069,0.020945,0.013951999999999999,0.006993,79028,154624,c8797e908f42eda20f4c99d9832de7b9d8bc4fbea1fbf510540ff3929928ae55,136855652.0,53008557.0,19.31,962,0
diamonds,1,direct,20076363,0.019575,0.015479,0.004096,79200,154624,c8797e908f42eda20f4c99d9832de7b9d8bc4fbea1fbf510540ff3929928ae55,136855820.0,53275490.0,19.62,511,0
diamonds,1,reference,20100174,0.019731,0.016607999999999998,0.003123,77140,154624,c8797e908f42eda20f4c99d9832de7b9d8bc4fbea1fbf510540ff3929928ae55,137736535.0,52545640.0,18.76,961,0
diamonds,2,direct,19912866,0.019518999999999998,0.014419,0.0050999999999999995,79228,154624,c8797e908f42eda20f4c99d9832de7b9d8bc4fbea1fbf510540ff3929928ae55,136856063.0,52916204.0,18.99,510,0
diamonds,2,reference,20789762,0.020359,0.014251999999999999,0.006107,77196,154624,c8797e908f42eda20f4c99d9832de7b9d8bc4fbea1fbf510540ff3929928ae55,137736478.0,53694144.0,18.88,960,0
diamonds,3,reference,20029885,0.019622999999999998,0.015726999999999998,0.0038959999999999997,77296,154624,c8797e908f42eda20f4c99d9832de7b9d8bc4fbea1fbf510540ff3929928ae55,137737100.0,53007952.0,18.95,962,0
diamonds,3,direct,20251375,0.019743,0.017661,0.002082,78880,154624,c8797e908f42eda20f4c99d9832de7b9d8bc4fbea1fbf510540ff3929928ae55,136856131.0,52877343.0,19.3,960,0
diamonds,4,direct,20503382,0.019991,0.016982999999999998,0.003008,79132,154624,c8797e908f42eda20f4c99d9832de7b9d8bc4fbea1fbf510540ff3929928ae55,136855686.0,52478215.0,18.53,966,0
diamonds,4,reference,20455168,0.020031,0.017023,0.003008,77080,154624,c8797e908f42eda20f4c99d9832de7b9d8bc4fbea1fbf510540ff3929928ae55,137736987.0,53245105.0,19.25,513,0
diamonds,5,reference,19301663,0.018817,0.012863999999999999,0.005953,77136,154624,c8797e908f42eda20f4c99d9832de7b9d8bc4fbea1fbf510540ff3929928ae55,137736613.0,53522174.0,19.7,511,0
diamonds,5,direct,20500540,0.019981,0.013979,0.0060019999999999995,78952,154624,c8797e908f42eda20f4c99d9832de7b9d8bc4fbea1fbf510540ff3929928ae55,136855825.0,52094332.0,18.83,998,0
diamonds,6,direct,21819065,0.021384,0.016506,0.0048779999999999995,79192,154624,c8797e908f42eda20f4c99d9832de7b9d8bc4fbea1fbf510540ff3929928ae55,136856155.0,52792662.0,19.89,515,0
diamonds,6,reference,27340459,0.026584999999999998,0.019717,0.006868,77432,154624,c8797e908f42eda20f4c99d9832de7b9d8bc4fbea1fbf510540ff3929928ae55,137736674.0,53038744.0,20.63,517,0
diamonds,7,reference,19022468,0.018652,0.013746,0.004906,77116,154624,c8797e908f42eda20f4c99d9832de7b9d8bc4fbea1fbf510540ff3929928ae55,137736862.0,51472582.0,18.4,516,0
diamonds,7,direct,20887573,0.020402,0.016339,0.004063,79212,154624,c8797e908f42eda20f4c99d9832de7b9d8bc4fbea1fbf510540ff3929928ae55,136855400.0,52837841.0,18.78,517,0
diamonds,8,reference,19990947,0.019601,0.016506,0.0030949999999999997,77108,154624,c8797e908f42eda20f4c99d9832de7b9d8bc4fbea1fbf510540ff3929928ae55,137736968.0,53925472.0,19.82,962,0
diamonds,8,direct,19579164,0.019191,0.013118999999999999,0.006072,79064,154624,c8797e908f42eda20f4c99d9832de7b9d8bc4fbea1fbf510540ff3929928ae55,136855806.0,51880487.0,18.68,966,0
diamonds,9,direct,19906846,0.01951,0.015614999999999999,0.003895,79320,154624,c8797e908f42eda20f4c99d9832de7b9d8bc4fbea1fbf510540ff3929928ae55,136856277.0,51765896.0,18.54,964,0
diamonds,9,reference,21162088,0.020671,0.017713,0.0029579999999999997,76780,154624,c8797e908f42eda20f4c99d9832de7b9d8bc4fbea1fbf510540ff3929928ae55,137736470.0,53238748.0,18.81,956,0
diamonds,10,reference,19950826,0.019531,0.015636999999999998,0.003894,76792,154624,c8797e908f42eda20f4c99d9832de7b9d8bc4fbea1fbf510540ff3929928ae55,137736746.0,52995470.0,19.55,959,0
diamonds,10,direct,19587950,0.019159,0.017141,0.002018,79292,154624,c8797e908f42eda20f4c99d9832de7b9d8bc4fbea1fbf510540ff3929928ae55,136855871.0,51314260.0,18.21,511,0
diamonds,11,direct,19564288,0.019125999999999997,0.012105999999999999,0.007019999999999999,79252,154624,c8797e908f42eda20f4c99d9832de7b9d8bc4fbea1fbf510540ff3929928ae55,136856179.0,52012689.0,18.64,518,0
diamonds,11,reference,20435304,0.01999,0.014019,0.005971,77300,154624,c8797e908f42eda20f4c99d9832de7b9d8bc4fbea1fbf510540ff3929928ae55,137736759.0,52498967.0,19.01,963,0
diamonds,12,direct,19333819,0.018937,0.013956,0.004981,79152,154624,c8797e908f42eda20f4c99d9832de7b9d8bc4fbea1fbf510540ff3929928ae55,136856147.0,51046560.0,18.5,960,0
diamonds,12,reference,20766195,0.020376,0.016309999999999998,0.004066,77092,154624,c8797e908f42eda20f4c99d9832de7b9d8bc4fbea1fbf510540ff3929928ae55,137736861.0,54732650.0,20.11,958,0
diamonds,13,reference,21590337,0.021064999999999997,0.016094999999999998,0.00497,77152,154624,c8797e908f42eda20f4c99d9832de7b9d8bc4fbea1fbf510540ff3929928ae55,137736753.0,72802405.0,26.9,513,0
diamonds,13,direct,21121164,0.020546000000000002,0.016645,0.003901,79036,154624,c8797e908f42eda20f4c99d9832de7b9d8bc4fbea1fbf510540ff3929928ae55,136856061.0,52341656.0,20.07,961,0
diamonds,14,reference,20270228,0.019797,0.016853,0.002944,77016,154624,c8797e908f42eda20f4c99d9832de7b9d8bc4fbea1fbf510540ff3929928ae55,137736993.0,54271470.0,20.54,964,0
diamonds,14,direct,20303325,0.019944,0.015969,0.003975,78916,154624,c8797e908f42eda20f4c99d9832de7b9d8bc4fbea1fbf510540ff3929928ae55,136856197.0,51894448.0,19.43,953,0
diamonds,15,direct,20716050,0.020229999999999998,0.013177,0.007052999999999999,79084,154624,c8797e908f42eda20f4c99d9832de7b9d8bc4fbea1fbf510540ff3929928ae55,136856035.0,52387726.0,19.48,964,0
diamonds,15,reference,20074853,0.019683,0.014771999999999999,0.004911,76760,154624,c8797e908f42eda20f4c99d9832de7b9d8bc4fbea1fbf510540ff3929928ae55,137737252.0,52600741.0,19.8,954,0
diamonds,16,direct,19508794,0.0191,0.016085,0.003015,79112,154624,c8797e908f42eda20f4c99d9832de7b9d8bc4fbea1fbf510540ff3929928ae55,136855854.0,51705916.0,18.98,515,0
diamonds,16,reference,19492023,0.019097999999999997,0.016076999999999998,0.003021,77484,154624,c8797e908f42eda20f4c99d9832de7b9d8bc4fbea1fbf510540ff3929928ae55,137736796.0,51566203.0,18.41,514,0
diamonds,17,reference,24715544,0.024095,0.015456,0.008638999999999999,76756,154624,c8797e908f42eda20f4c99d9832de7b9d8bc4fbea1fbf510540ff3929928ae55,137736825.0,51923990.0,18.72,966,0
diamonds,17,direct,19295865,0.018904999999999998,0.013935,0.00497,79108,154624,c8797e908f42eda20f4c99d9832de7b9d8bc4fbea1fbf510540ff3929928ae55,136855924.0,53132162.0,18.3,964,0
diamonds,18,reference,19493706,0.01908,0.016226,0.0028539999999999998,76828,154624,c8797e908f42eda20f4c99d9832de7b9d8bc4fbea1fbf510540ff3929928ae55,137736463.0,51359773.0,17.6,961,0
diamonds,18,direct,19674185,0.018979,0.014258999999999999,0.004719999999999999,79208,154624,c8797e908f42eda20f4c99d9832de7b9d8bc4fbea1fbf510540ff3929928ae55,136856284.0,51720878.0,18.17,514,0
diamonds,19,direct,20863784,0.020373,0.013576,0.006797,79228,154624,c8797e908f42eda20f4c99d9832de7b9d8bc4fbea1fbf510540ff3929928ae55,136855691.0,53750523.0,18.48,962,0
diamonds,19,reference,29563286,0.028761000000000002,0.019872,0.008889,77220,154624,c8797e908f42eda20f4c99d9832de7b9d8bc4fbea1fbf510540ff3929928ae55,137736831.0,53362046.0,19.34,963,0
diamonds,20,reference,148203838,0.017334,0.012546999999999999,0.004787,76768,154624,c8797e908f42eda20f4c99d9832de7b9d8bc4fbea1fbf510540ff3929928ae55,137736875.0,53579354.0,16.55,957,0
diamonds,20,direct,22154880,0.021593,0.013753999999999999,0.007839,78904,154624,c8797e908f42eda20f4c99d9832de7b9d8bc4fbea1fbf510540ff3929928ae55,136856040.0,52111532.0,16.7,957,0
diamonds,21,reference,29039888,0.028155,0.019454,0.008701,77204,154624,c8797e908f42eda20f4c99d9832de7b9d8bc4fbea1fbf510540ff3929928ae55,137736890.0,55370493.0,16.48,516,0
diamonds,21,direct,24712344,0.024059999999999998,0.013516,0.010544,79192,154624,c8797e908f42eda20f4c99d9832de7b9d8bc4fbea1fbf510540ff3929928ae55,136855763.0,56171822.0,16.25,515,0
diamonds,22,reference,30083904,0.028974,0.01899,0.009984,76924,154624,c8797e908f42eda20f4c99d9832de7b9d8bc4fbea1fbf510540ff3929928ae55,137736433.0,55295474.0,16.53,961,0
diamonds,22,direct,21042682,0.020666999999999998,0.015743,0.0049239999999999996,78988,154624,c8797e908f42eda20f4c99d9832de7b9d8bc4fbea1fbf510540ff3929928ae55,136855903.0,53735321.0,16.2,964,0
diamonds,23,reference,42202660,0.016304,0.012548,0.003756,76808,154624,c8797e908f42eda20f4c99d9832de7b9d8bc4fbea1fbf510540ff3929928ae55,137736872.0,54672659.0,16.14,958,0
diamonds,23,direct,25467292,0.024255,0.016197,0.008058,79068,154624,c8797e908f42eda20f4c99d9832de7b9d8bc4fbea1fbf510540ff3929928ae55,136856050.0,53978019.0,16.42,964,0
diamonds,24,reference,66365556,0.026008,0.018328,0.007679999999999999,77024,154624,c8797e908f42eda20f4c99d9832de7b9d8bc4fbea1fbf510540ff3929928ae55,137736936.0,52792841.0,15.57,963,0
diamonds,24,direct,29747964,0.02911,0.020132,0.008978,79376,154624,c8797e908f42eda20f4c99d9832de7b9d8bc4fbea1fbf510540ff3929928ae55,136855878.0,53150047.0,16.39,965,0
diamonds,25,reference,98879712,0.017460999999999997,0.0124,0.0050609999999999995,76960,154624,c8797e908f42eda20f4c99d9832de7b9d8bc4fbea1fbf510540ff3929928ae55,137736585.0,52787753.0,15.34,962,0
diamonds,25,direct,20170571,0.019603,0.012381999999999999,0.007221,79064,154624,c8797e908f42eda20f4c99d9832de7b9d8bc4fbea1fbf510540ff3929928ae55,136856046.0,53454370.0,18.02,965,0
diamonds,26,direct,57708392,0.017668,0.013803999999999999,0.003864,79132,154624,c8797e908f42eda20f4c99d9832de7b9d8bc4fbea1fbf510540ff3929928ae55,136856055.0,54045016.0,15.62,966,0
diamonds,26,reference,30902612,0.030112,0.019084999999999998,0.011027,77212,154624,c8797e908f42eda20f4c99d9832de7b9d8bc4fbea1fbf510540ff3929928ae55,137736987.0,53747605.0,16.52,510,0
diamonds,27,direct,29726600,0.028874999999999998,0.020957999999999997,0.007917,78728,154624,c8797e908f42eda20f4c99d9832de7b9d8bc4fbea1fbf510540ff3929928ae55,136855981.0,55030972.0,16.23,958,0
diamonds,27,reference,36839272,0.016207,0.012155,0.004052,77132,154624,c8797e908f42eda20f4c99d9832de7b9d8bc4fbea1fbf510540ff3929928ae55,137736410.0,52690115.0,16.27,510,0
diamonds,28,reference,18341683,0.017804,0.01188,0.005924,76940,154624,c8797e908f42eda20f4c99d9832de7b9d8bc4fbea1fbf510540ff3929928ae55,137736694.0,56216385.0,16.31,963,0
diamonds,28,direct,17017258,0.016576,0.012667999999999999,0.003908,79296,154624,c8797e908f42eda20f4c99d9832de7b9d8bc4fbea1fbf510540ff3929928ae55,136855394.0,54497671.0,15.4,510,0
diamonds,29,direct,17446956,0.016979,0.012036,0.0049429999999999995,78848,154624,c8797e908f42eda20f4c99d9832de7b9d8bc4fbea1fbf510540ff3929928ae55,136855814.0,53844413.0,15.6,959,0
diamonds,29,reference,17224642,0.01681,0.011904,0.004906,77020,154624,c8797e908f42eda20f4c99d9832de7b9d8bc4fbea1fbf510540ff3929928ae55,137736476.0,53815682.0,15.14,966,0
diamonds,30,direct,16849692,0.016434999999999998,0.013361,0.003074,79076,154624,c8797e908f42eda20f4c99d9832de7b9d8bc4fbea1fbf510540ff3929928ae55,136856112.0,56206812.0,16.39,997,0
diamonds,30,reference,16879836,0.016562,0.011732999999999999,0.004829,77316,154624,c8797e908f42eda20f4c99d9832de7b9d8bc4fbea1fbf510540ff3929928ae55,137737106.0,55427899.0,15.94,964,0
diamonds,31,direct,16543394,0.016137,0.010461999999999999,0.0056749999999999995,78892,154624,c8797e908f42eda20f4c99d9832de7b9d8bc4fbea1fbf510540ff3929928ae55,136855348.0,54900208.0,15.69,982,0
diamonds,31,reference,16635253,0.016222999999999998,0.011132999999999999,0.00509,77004,154624,c8797e908f42eda20f4c99d9832de7b9d8bc4fbea1fbf510540ff3929928ae55,137736829.0,55274446.0,15.93,963,0
diamonds,32,direct,16587256,0.016246999999999998,0.014209,0.002038,79108,154624,c8797e908f42eda20f4c99d9832de7b9d8bc4fbea1fbf510540ff3929928ae55,136855550.0,54761241.0,16.11,515,0
diamonds,32,reference,22813458,0.022262999999999998,0.017214999999999998,0.0050479999999999995,77100,154624,c8797e908f42eda20f4c99d9832de7b9d8bc4fbea1fbf510540ff3929928ae55,137736971.0,55662647.0,16.2,518,0
diamonds,33,direct,17428758,0.016958,0.012955,0.004003,79180,154624,c8797e908f42eda20f4c99d9832de7b9d8bc4fbea1fbf510540ff3929928ae55,136855812.0,54587198.0,16.19,967,0
diamonds,33,reference,17383906,0.016952,0.012986,0.003966,76796,154624,c8797e908f42eda20f4c99d9832de7b9d8bc4fbea1fbf510540ff3929928ae55,137736509.0,54679581.0,15.36,959,0
diamonds,34,reference,17394808,0.017019,0.012044,0.004974999999999999,76772,154624,c8797e908f42eda20f4c99d9832de7b9d8bc4fbea1fbf510540ff3929928ae55,137737029.0,54495294.0,15.51,959,0
diamonds,34,direct,16790127,0.016264,0.014235,0.002029,79232,154624,c8797e908f42eda20f4c99d9832de7b9d8bc4fbea1fbf510540ff3929928ae55,136855846.0,54611296.0,15.9,514,0
diamonds,35,reference,16494818,0.016121,0.011412,0.004709,77164,154624,c8797e908f42eda20f4c99d9832de7b9d8bc4fbea1fbf510540ff3929928ae55,137736613.0,54833083.0,16.09,513,0
diamonds,35,direct,17072834,0.016663999999999998,0.009826999999999999,0.006836999999999999,78996,154624,c8797e908f42eda20f4c99d9832de7b9d8bc4fbea1fbf510540ff3929928ae55,136855829.0,54500831.0,15.95,963,0
diamonds,36,direct,18394995,0.018035,0.014034,0.004001,79276,154624,c8797e908f42eda20f4c99d9832de7b9d8bc4fbea1fbf510540ff3929928ae55,136856058.0,54874927.0,16.26,984,0
diamonds,36,reference,17388557,0.017012,0.013005,0.004007,77296,154624,c8797e908f42eda20f4c99d9832de7b9d8bc4fbea1fbf510540ff3929928ae55,137736762.0,54944168.0,17.03,965,0
diamonds,37,direct,19550243,0.019184999999999997,0.016151,0.003034,79204,154624,c8797e908f42eda20f4c99d9832de7b9d8bc4fbea1fbf510540ff3929928ae55,136856048.0,54494020.0,17.61,964,0
diamonds,37,reference,18598496,0.018222,0.014169,0.004053,76980,154624,c8797e908f42eda20f4c99d9832de7b9d8bc4fbea1fbf510540ff3929928ae55,137736965.0,52787960.0,16.66,960,0
diamonds,38,direct,19392910,0.019,0.015983999999999998,0.003016,79048,154624,c8797e908f42eda20f4c99d9832de7b9d8bc4fbea1fbf510540ff3929928ae55,136856049.0,52135781.0,17.05,965,0
diamonds,38,reference,18343584,0.017883,0.011948,0.005934999999999999,76956,154624,c8797e908f42eda20f4c99d9832de7b9d8bc4fbea1fbf510540ff3929928ae55,137736925.0,53245216.0,17.29,960,0
diamonds,39,reference,18958163,0.018455,0.016406999999999998,0.002048,77396,154624,c8797e908f42eda20f4c99d9832de7b9d8bc4fbea1fbf510540ff3929928ae55,137737029.0,55885598.0,18.98,516,0
diamonds,39,direct,18565472,0.018187,0.015170999999999999,0.003016,79384,154624,c8797e908f42eda20f4c99d9832de7b9d8bc4fbea1fbf510540ff3929928ae55,136855982.0,51739938.0,17.62,963,0
diamonds,40,direct,18986272,0.018595999999999998,0.015687,0.0029089999999999997,79172,154624,c8797e908f42eda20f4c99d9832de7b9d8bc4fbea1fbf510540ff3929928ae55,136855997.0,51466863.0,17.1,966,0
diamonds,40,reference,20745664,0.020332999999999997,0.014537999999999999,0.005795,77172,154624,c8797e908f42eda20f4c99d9832de7b9d8bc4fbea1fbf510540ff3929928ae55,137736908.0,51525941.0,17.5,1002,0
diamonds,41,reference,18313756,0.017932,0.012284,0.005647999999999999,77188,154624,c8797e908f42eda20f4c99d9832de7b9d8bc4fbea1fbf510540ff3929928ae55,137736520.0,60017293.0,19.76,513,0
diamonds,41,direct,19183532,0.018762,0.013823,0.004939,79192,154624,c8797e908f42eda20f4c99d9832de7b9d8bc4fbea1fbf510540ff3929928ae55,136855790.0,51869030.0,18.12,960,0
diamonds,42,reference,19465476,0.018944,0.015937,0.0030069999999999997,77144,154624,c8797e908f42eda20f4c99d9832de7b9d8bc4fbea1fbf510540ff3929928ae55,137737113.0,51360795.0,18.02,515,0
diamonds,42,direct,25629255,0.025104999999999995,0.016101999999999998,0.009002999999999999,78848,154624,c8797e908f42eda20f4c99d9832de7b9d8bc4fbea1fbf510540ff3929928ae55,136856096.0,51240728.0,18.11,958,0
diamonds,43,reference,19602114,0.019104,0.013805,0.005299,77120,154624,c8797e908f42eda20f4c99d9832de7b9d8bc4fbea1fbf510540ff3929928ae55,137736949.0,53958106.0,18.38,964,0
diamonds,43,direct,144610212,0.019686,0.016694999999999998,0.0029909999999999997,79156,154624,c8797e908f42eda20f4c99d9832de7b9d8bc4fbea1fbf510540ff3929928ae55,136855890.0,55980354.0,19.79,517,0
diamonds,44,direct,21210081,0.020275,0.015436,0.0048389999999999996,79228,154624,c8797e908f42eda20f4c99d9832de7b9d8bc4fbea1fbf510540ff3929928ae55,136855781.0,56097411.0,18.08,961,0
diamonds,44,reference,20876178,0.020518,0.014657,0.005861,76844,154624,c8797e908f42eda20f4c99d9832de7b9d8bc4fbea1fbf510540ff3929928ae55,137736769.0,53568610.0,17.05,954,0
diamonds,45,direct,18541345,0.018144999999999998,0.011099999999999999,0.007045,79060,154624,c8797e908f42eda20f4c99d9832de7b9d8bc4fbea1fbf510540ff3929928ae55,136856129.0,55355004.0,18.43,998,0
diamonds,45,reference,18132787,0.017729,0.016691,0.0010379999999999999,76944,154624,c8797e908f42eda20f4c99d9832de7b9d8bc4fbea1fbf510540ff3929928ae55,137736761.0,52331500.0,17.53,960,0
diamonds,46,reference,19078819,0.018591999999999997,0.012712,0.00588,77000,154624,c8797e908f42eda20f4c99d9832de7b9d8bc4fbea1fbf510540ff3929928ae55,137736520.0,51455825.0,16.83,963,0
diamonds,46,direct,18552287,0.018074,0.016055,0.002019,79152,154624,c8797e908f42eda20f4c99d9832de7b9d8bc4fbea1fbf510540ff3929928ae55,136855867.0,51431633.0,17.23,515,0
diamonds,47,direct,19032541,0.018529999999999998,0.013661,0.004869,79228,154624,c8797e908f42eda20f4c99d9832de7b9d8bc4fbea1fbf510540ff3929928ae55,136855814.0,53778827.0,18.35,515,0
diamonds,47,reference,18843248,0.018463,0.012284999999999999,0.0061779999999999995,76808,154624,c8797e908f42eda20f4c99d9832de7b9d8bc4fbea1fbf510540ff3929928ae55,137736748.0,53189892.0,18.02,956,0
self_host,-2,reference,1839727655,1.8317910000000002,1.741219,0.090572,1799792,39561696,b594fc6f0f400e4a7ad0dfa8cdfe2eefd716dc0d9778fc7148ab03d093a65de0,12673047888.0,6159951583.0,1854.93,2551,0
self_host,-2,direct,1811952547,1.8044149999999999,1.705984,0.09843099999999999,1840768,39903744,1e8e0a45e5e3f3e96383b4c6d0911c20e3d23e5326b47d6c3126db8a63de6a10,11617180505.0,5756629208.0,1742.08,2560,0
self_host,-1,direct,2052412015,2.042226,1.927851,0.11437499999999999,1840820,39903744,1e8e0a45e5e3f3e96383b4c6d0911c20e3d23e5326b47d6c3126db8a63de6a10,11617180507.0,5647123148.0,1835.04,2131,0
self_host,-1,reference,3684004420,3.657895,3.4744099999999998,0.18348499999999998,1799776,39561696,b594fc6f0f400e4a7ad0dfa8cdfe2eefd716dc0d9778fc7148ab03d093a65de0,12673070103.0,5829753534.0,3417.18,2533,0
self_host,0,reference,4320398130,4.28198,4.04317,0.23881,1799924,39561696,b594fc6f0f400e4a7ad0dfa8cdfe2eefd716dc0d9778fc7148ab03d093a65de0,12673074479.0,5941476501.0,5433.41,2539,0
self_host,0,direct,2931754560,2.9134379999999998,2.749548,0.16388999999999998,1840888,39903744,1e8e0a45e5e3f3e96383b4c6d0911c20e3d23e5326b47d6c3126db8a63de6a10,11617180485.0,5394108694.0,3238.15,2566,0
self_host,1,reference,3985499200,3.708411,3.492406,0.216005,1799888,39561696,b594fc6f0f400e4a7ad0dfa8cdfe2eefd716dc0d9778fc7148ab03d093a65de0,12673071313.0,5847070244.0,3466.8,2548,0
self_host,1,direct,1663402581,1.6559669999999997,1.5664159999999998,0.08955099999999999,1841012,39903744,1e8e0a45e5e3f3e96383b4c6d0911c20e3d23e5326b47d6c3126db8a63de6a10,11617180632.0,5857655785.0,3746.01,2112,0
self_host,2,direct,1663541035,1.656113,1.555676,0.100437,1840456,39903744,1e8e0a45e5e3f3e96383b4c6d0911c20e3d23e5326b47d6c3126db8a63de6a10,11617178106.0,5783130743.0,1704.62,2564,0
self_host,2,reference,1892063261,1.8655840000000001,1.753778,0.11180599999999999,1800008,39561696,b594fc6f0f400e4a7ad0dfa8cdfe2eefd716dc0d9778fc7148ab03d093a65de0,12673070027.0,6097289761.0,1836.96,2108,0
self_host,3,reference,1943854147,1.867167,1.746098,0.121069,1799728,39561696,b594fc6f0f400e4a7ad0dfa8cdfe2eefd716dc0d9778fc7148ab03d093a65de0,12673074706.0,6267583055.0,2016.03,2540,0
self_host,3,direct,1684578119,1.67712,1.573675,0.103445,1840844,39903744,1e8e0a45e5e3f3e96383b4c6d0911c20e3d23e5326b47d6c3126db8a63de6a10,11617167743.0,5665918990.0,1721.27,2580,0
self_host,4,reference,1797883784,1.78997,1.688534,0.101436,1799924,39561696,b594fc6f0f400e4a7ad0dfa8cdfe2eefd716dc0d9778fc7148ab03d093a65de0,12673070249.0,6111310734.0,1852.53,2542,0
self_host,4,direct,1952872078,1.943997,1.843615,0.100382,1840984,39903744,1e8e0a45e5e3f3e96383b4c6d0911c20e3d23e5326b47d6c3126db8a63de6a10,11617180836.0,5859857277.0,1817.02,2120,0
self_host,5,direct,1688352865,1.68092,1.574442,0.10647799999999999,1840796,39903744,1e8e0a45e5e3f3e96383b4c6d0911c20e3d23e5326b47d6c3126db8a63de6a10,11617159068.0,5670548708.0,1756.54,2570,0
self_host,5,reference,1814307327,1.80701,1.700466,0.106544,1799692,39561696,b594fc6f0f400e4a7ad0dfa8cdfe2eefd716dc0d9778fc7148ab03d093a65de0,12673048577.0,6016427166.0,1812.73,2566,0
self_host,6,direct,1793880905,1.785917,1.693403,0.092514,1840992,39903744,1e8e0a45e5e3f3e96383b4c6d0911c20e3d23e5326b47d6c3126db8a63de6a10,11617074865.0,5687585508.0,1711.61,2116,0
self_host,6,reference,1909808558,1.853639,1.736269,0.11736999999999999,1799668,39561696,b594fc6f0f400e4a7ad0dfa8cdfe2eefd716dc0d9778fc7148ab03d093a65de0,12673056905.0,6106926810.0,1905.18,2536,0
self_host,7,direct,2028833530,1.9979299999999998,1.8602349999999999,0.13769499999999998,1840812,39903744,1e8e0a45e5e3f3e96383b4c6d0911c20e3d23e5326b47d6c3126db8a63de6a10,11617181672.0,5814147018.0,1831.67,2562,0
self_host,7,reference,2096434964,2.00276,1.896648,0.106112,1799764,39561696,b594fc6f0f400e4a7ad0dfa8cdfe2eefd716dc0d9778fc7148ab03d093a65de0,12673073658.0,6691249296.0,2553.18,2552,0
self_host,8,reference,2034149142,2.017552,1.923767,0.093785,1799784,39561696,b594fc6f0f400e4a7ad0dfa8cdfe2eefd716dc0d9778fc7148ab03d093a65de0,12673071238.0,6090695630.0,1902.05,2102,0
self_host,8,direct,1754111734,1.7160199999999999,1.6120139999999998,0.104006,1840736,39903744,1e8e0a45e5e3f3e96383b4c6d0911c20e3d23e5326b47d6c3126db8a63de6a10,11617168101.0,5907056905.0,1922.38,2575,0
self_host,9,direct,1877420604,1.794766,1.69519,0.099576,1840560,39903744,1e8e0a45e5e3f3e96383b4c6d0911c20e3d23e5326b47d6c3126db8a63de6a10,11617172616.0,5711965426.0,1815.59,2567,0
self_host,9,reference,4621920360,4.5287310000000005,4.309533,0.219198,1799656,39561696,b594fc6f0f400e4a7ad0dfa8cdfe2eefd716dc0d9778fc7148ab03d093a65de0,12673071650.0,6086573338.0,1919.94,2551,0
self_host,10,direct,5021366775,4.886363,4.606737,0.279626,1840540,39903744,1e8e0a45e5e3f3e96383b4c6d0911c20e3d23e5326b47d6c3126db8a63de6a10,11617183623.0,6024913101.0,6296.16,2561,0
self_host,10,reference,3092125474,3.073586,2.919731,0.153855,1799940,39561696,b594fc6f0f400e4a7ad0dfa8cdfe2eefd716dc0d9778fc7148ab03d093a65de0,12673082592.0,6011401825.0,6486.53,2546,0
self_host,11,reference,1876932847,1.869505,1.786908,0.08259699999999999,1799912,39561696,b594fc6f0f400e4a7ad0dfa8cdfe2eefd716dc0d9778fc7148ab03d093a65de0,12673055183.0,5957202699.0,2274.9,2546,0
self_host,11,direct,1641704592,1.634536,1.533128,0.101408,1840736,39903744,1e8e0a45e5e3f3e96383b4c6d0911c20e3d23e5326b47d6c3126db8a63de6a10,11617180819.0,5665500358.0,1650.48,2563,0
