round,variant,count,shape,repeat,link_ns,output_arena_bytes,sort_scratch_bytes,checksum,failed
0,base,8,0,0,4903,2176,160,476,0
0,base,8,0,1,1885,2176,160,476,0
0,base,8,0,2,695,2176,160,476,0
0,base,8,0,3,541,2176,160,476,0
0,base,8,0,4,546,2176,160,476,0
0,base,8,0,5,564,2176,160,476,0
0,base,8,0,6,528,2176,160,476,0
0,base,8,0,7,585,2176,160,476,0
0,patch,8,0,0,6075,2176,160,476,0
0,patch,8,0,1,2317,2176,160,476,0
0,patch,8,0,2,1305,2176,160,476,0
0,patch,8,0,3,1272,2176,160,476,0
0,patch,8,0,4,1291,2176,160,476,0
0,patch,8,0,5,1166,2176,160,476,0
0,patch,8,0,6,1257,2176,160,476,0
0,patch,8,0,7,1251,2176,160,476,0
0,base,1024,0,0,475973,112920,20480,8904192,0
0,base,1024,0,1,5089389,112920,20480,8904192,0
0,base,1024,0,2,461827,112920,20480,8904192,0
0,base,1024,0,3,481856,112920,20480,8904192,0
0,base,1024,0,4,481662,112920,20480,8904192,0
0,base,1024,0,5,93028896,112920,20480,8904192,0
0,base,1024,0,6,439417,112920,20480,8904192,0
0,base,1024,0,7,495934,112920,20480,8904192,0
0,patch,1024,0,0,109626,112920,20480,8904192,0
0,patch,1024,0,1,41517,112920,20480,8904192,0
0,patch,1024,0,2,15082834,112920,20480,8904192,0
0,patch,1024,0,3,45364,112920,20480,8904192,0
0,patch,1024,0,4,43032,112920,20480,8904192,0
0,patch,1024,0,5,42054,112920,20480,8904192,0
0,patch,1024,0,6,43484,112920,20480,8904192,0
0,patch,1024,0,7,61540,112920,20480,8904192,0
0,base,4096,0,0,162274466,447768,81920,142571520,0
0,base,4096,0,1,35069639,447768,81920,142571520,0
0,base,4096,0,2,38479705,447768,81920,142571520,0
0,base,4096,0,3,115190770,447768,81920,142571520,0
0,base,4096,0,4,77652179,447768,81920,142571520,0
0,base,4096,0,5,33466797,447768,81920,142571520,0
0,base,4096,0,6,45317294,447768,81920,142571520,0
0,base,4096,0,7,35166479,447768,81920,142571520,0
0,patch,4096,0,0,5691719,447768,81920,142571520,0
0,patch,4096,0,1,177158,447768,81920,142571520,0
0,patch,4096,0,2,233050,447768,81920,142571520,0
0,patch,4096,0,3,170853,447768,81920,142571520,0
0,patch,4096,0,4,203573,447768,81920,142571520,0
0,patch,4096,0,5,175704,447768,81920,142571520,0
0,patch,4096,0,6,171781,447768,81920,142571520,0
0,patch,4096,0,7,1917267,447768,81920,142571520,0
0,base,8192,0,0,198653165,894232,163840,570355712,0
0,base,8192,0,1,246310724,894232,163840,570355712,0
0,base,8192,0,2,92832576,894232,163840,570355712,0
0,base,8192,0,3,117130833,894232,163840,570355712,0
0,base,8192,0,4,99963122,894232,163840,570355712,0
0,base,8192,0,5,65246907,894232,163840,570355712,0
0,base,8192,0,6,90113421,894232,163840,570355712,0
0,base,8192,0,7,76192703,894232,163840,570355712,0
0,patch,8192,0,0,1518111,894232,163840,570355712,0
0,patch,8192,0,1,2798348,894232,163840,570355712,0
0,patch,8192,0,2,367688,894232,163840,570355712,0
0,patch,8192,0,3,1154025,894232,163840,570355712,0
0,patch,8192,0,4,1007614,894232,163840,570355712,0
0,patch,8192,0,5,347460,894232,163840,570355712,0
0,patch,8192,0,6,397523,894232,163840,570355712,0
0,patch,8192,0,7,353342,894232,163840,570355712,0
0,base,16384,0,0,399559508,1787160,327680,2281562112,0
0,base,16384,0,1,520824752,1787160,327680,2281562112,0
0,base,16384,0,2,529779243,1787160,327680,2281562112,0
0,base,16384,0,3,317042813,1787160,327680,2281562112,0
0,base,16384,0,4,299176360,1787160,327680,2281562112,0
0,base,16384,0,5,958960805,1787160,327680,2281562112,0
0,base,16384,0,6,496719042,1787160,327680,2281562112,0
0,base,16384,0,7,523722145,1787160,327680,2281562112,0
0,patch,16384,0,0,3179652,1787160,327680,2281562112,0
0,patch,16384,0,1,1283368,1787160,327680,2281562112,0
0,patch,16384,0,2,10357029,1787160,327680,2281562112,0
0,patch,16384,0,3,7270457,1787160,327680,2281562112,0
0,patch,16384,0,4,965498,1787160,327680,2281562112,0
0,patch,16384,0,5,5866941,1787160,327680,2281562112,0
0,patch,16384,0,6,2665521,1787160,327680,2281562112,0
0,patch,16384,0,7,15253931,1787160,327680,2281562112,0
0,base,32768,0,0,1891436512,3573016,655360,9126526976,0
0,base,32768,0,1,1206336117,3573016,655360,9126526976,0
0,base,32768,0,2,1309631583,3573016,655360,9126526976,0
0,base,32768,0,3,2725562961,3573016,655360,9126526976,0
0,base,32768,0,4,3183097681,3573016,655360,9126526976,0
0,base,32768,0,5,1408972705,3573016,655360,9126526976,0
0,base,32768,0,6,1462003114,3573016,655360,9126526976,0
0,base,32768,0,7,1213959959,3573016,655360,9126526976,0
0,patch,32768,0,0,58755933,3573016,655360,9126526976,0
0,patch,32768,0,1,17893781,3573016,655360,9126526976,0
0,patch,32768,0,2,1803666,3573016,655360,9126526976,0
0,patch,32768,0,3,5908928,3573016,655360,9126526976,0
0,patch,32768,0,4,1647274,3573016,655360,9126526976,0
0,patch,32768,0,5,4278525,3573016,655360,9126526976,0
0,patch,32768,0,6,1814852,3573016,655360,9126526976,0
0,patch,32768,0,7,1669525,3573016,655360,9126526976,0
0,base,65536,0,0,4747943661,7144728,1310720,36506664960,0
0,base,65536,0,1,5444072061,7144728,1310720,36506664960,0
0,base,65536,0,2,3883137898,7144728,1310720,36506664960,0
0,base,65536,0,3,3123655541,7144728,1310720,36506664960,0
0,base,65536,0,4,3434011037,7144728,1310720,36506664960,0
0,base,65536,0,5,4608668244,7144728,1310720,36506664960,0
0,base,65536,0,6,3886730444,7144728,1310720,36506664960,0
0,base,65536,0,7,4598188763,7144728,1310720,36506664960,0
0,patch,65536,0,0,17652618,7144728,1310720,36506664960,0
0,patch,65536,0,1,8404638,7144728,1310720,36506664960,0
0,patch,65536,0,2,12692687,7144728,1310720,36506664960,0
0,patch,65536,0,3,7764817,7144728,1310720,36506664960,0
0,patch,65536,0,4,3688405,7144728,1310720,36506664960,0
0,patch,65536,0,5,5532068,7144728,1310720,36506664960,0
0,patch,65536,0,6,16523947,7144728,1310720,36506664960,0
0,patch,65536,0,7,7697144,7144728,1310720,36506664960,0
0,base,8,1,0,4465,2176,0,476,0
0,base,8,1,1,864,2176,0,476,0
0,base,8,1,2,564,2176,0,476,0
0,base,8,1,3,508,2176,0,476,0
0,base,8,1,4,488,2176,0,476,0
0,base,8,1,5,574,2176,0,476,0
0,base,8,1,6,557,2176,0,476,0
0,base,8,1,7,539,2176,0,476,0
0,patch,8,1,0,2832,2176,0,476,0
0,patch,8,1,1,1020,2176,0,476,0
0,patch,8,1,2,544,2176,0,476,0
0,patch,8,1,3,463,2176,0,476,0
0,patch,8,1,4,492,2176,0,476,0
0,patch,8,1,5,484,2176,0,476,0
0,patch,8,1,6,521,2176,0,476,0
0,patch,8,1,7,443,2176,0,476,0
0,base,1024,1,0,65332,112920,0,8904192,0
0,base,1024,1,1,23840,112920,0,8904192,0
0,base,1024,1,2,21839,112920,0,8904192,0
0,base,1024,1,3,20801,112920,0,8904192,0
0,base,1024,1,4,21087,112920,0,8904192,0
0,base,1024,1,5,22571,112920,0,8904192,0
0,base,1024,1,6,23845,112920,0,8904192,0
0,base,1024,1,7,21431,112920,0,8904192,0
0,patch,1024,1,0,65596,112920,0,8904192,0
0,patch,1024,1,1,22814,112920,0,8904192,0
0,patch,1024,1,2,20127,112920,0,8904192,0
0,patch,1024,1,3,20871,112920,0,8904192,0
0,patch,1024,1,4,19353,112920,0,8904192,0
0,patch,1024,1,5,21362,112920,0,8904192,0
0,patch,1024,1,6,19064,112920,0,8904192,0
0,patch,1024,1,7,24191,112920,0,8904192,0
0,base,65536,1,0,9106425,7144728,0,36506664960,0
0,base,65536,1,1,22428857,7144728,0,36506664960,0
0,base,65536,1,2,2112969,7144728,0,36506664960,0
0,base,65536,1,3,6305134,7144728,0,36506664960,0
0,base,65536,1,4,1651142,7144728,0,36506664960,0
0,base,65536,1,5,5877230,7144728,0,36506664960,0
0,base,65536,1,6,1725258,7144728,0,36506664960,0
0,base,65536,1,7,5991702,7144728,0,36506664960,0
0,patch,65536,1,0,9601368,7144728,0,36506664960,0
0,patch,65536,1,1,1738750,7144728,0,36506664960,0
0,patch,65536,1,2,1795927,7144728,0,36506664960,0
0,patch,65536,1,3,6962726,7144728,0,36506664960,0
0,patch,65536,1,4,1838049,7144728,0,36506664960,0
0,patch,65536,1,5,5700875,7144728,0,36506664960,0
0,patch,65536,1,6,2045029,7144728,0,36506664960,0
0,patch,65536,1,7,5684126,7144728,0,36506664960,0
0,base,65536,2,0,9311078,7144728,0,36506664960,0
0,base,65536,2,1,2516575,7144728,0,36506664960,0
0,base,65536,2,2,2160439,7144728,0,36506664960,0
0,base,65536,2,3,6673624,7144728,0,36506664960,0
0,base,65536,2,4,2541301,7144728,0,36506664960,0
0,base,65536,2,5,6343581,7144728,0,36506664960,0
0,base,65536,2,6,6075844,7144728,0,36506664960,0
0,base,65536,2,7,2386799,7144728,0,36506664960,0
0,patch,65536,2,0,12481959,7144728,0,36506664960,0
0,patch,65536,2,1,1952250,7144728,0,36506664960,0
0,patch,65536,2,2,5668709,7144728,0,36506664960,0
0,patch,65536,2,3,1200159,7144728,0,36506664960,0
0,patch,65536,2,4,1162836,7144728,0,36506664960,0
0,patch,65536,2,5,17464410,7144728,0,36506664960,0
0,patch,65536,2,6,1706720,7144728,0,36506664960,0
0,patch,65536,2,7,2481071,7144728,0,36506664960,0
1,patch,8,0,0,4701,2176,160,476,0
1,patch,8,0,1,2084,2176,160,476,0
1,patch,8,0,2,1415,2176,160,476,0
1,patch,8,0,3,1493,2176,160,476,0
1,patch,8,0,4,1567,2176,160,476,0
1,patch,8,0,5,1357,2176,160,476,0
1,patch,8,0,6,1315,2176,160,476,0
1,patch,8,0,7,1550,2176,160,476,0
1,base,8,0,0,4041,2176,160,476,0
1,base,8,0,1,1334,2176,160,476,0
1,base,8,0,2,804,2176,160,476,0
1,base,8,0,3,649,2176,160,476,0
1,base,8,0,4,587,2176,160,476,0
1,base,8,0,5,672,2176,160,476,0
1,base,8,0,6,763,2176,160,476,0
1,base,8,0,7,699,2176,160,476,0
1,patch,1024,0,0,87186,112920,20480,8904192,0
1,patch,1024,0,1,40563,112920,20480,8904192,0
1,patch,1024,0,2,40939,112920,20480,8904192,0
1,patch,1024,0,3,39952,112920,20480,8904192,0
1,patch,1024,0,4,39800,112920,20480,8904192,0
1,patch,1024,0,5,74109,112920,20480,8904192,0
1,patch,1024,0,6,40453,112920,20480,8904192,0
1,patch,1024,0,7,41294,112920,20480,8904192,0
1,base,1024,0,0,526849,112920,20480,8904192,0
1,base,1024,0,1,437996,112920,20480,8904192,0
1,base,1024,0,2,488974,112920,20480,8904192,0
1,base,1024,0,3,424214,112920,20480,8904192,0
1,base,1024,0,4,4678751,112920,20480,8904192,0
1,base,1024,0,5,697363,112920,20480,8904192,0
1,base,1024,0,6,504615,112920,20480,8904192,0
1,base,1024,0,7,433624,112920,20480,8904192,0
1,patch,4096,0,0,464106,447768,81920,142571520,0
1,patch,4096,0,1,169140,447768,81920,142571520,0
1,patch,4096,0,2,189632,447768,81920,142571520,0
1,patch,4096,0,3,610172,447768,81920,142571520,0
1,patch,4096,0,4,165210,447768,81920,142571520,0
1,patch,4096,0,5,197028,447768,81920,142571520,0
1,patch,4096,0,6,164176,447768,81920,142571520,0
1,patch,4096,0,7,174950,447768,81920,142571520,0
1,base,4096,0,0,15013255,447768,81920,142571520,0
1,base,4096,0,1,21604085,447768,81920,142571520,0
1,base,4096,0,2,16047013,447768,81920,142571520,0
1,base,4096,0,3,15599969,447768,81920,142571520,0
1,base,4096,0,4,15074610,447768,81920,142571520,0
1,base,4096,0,5,16504736,447768,81920,142571520,0
1,base,4096,0,6,29240506,447768,81920,142571520,0
1,base,4096,0,7,11938635,447768,81920,142571520,0
1,patch,8192,0,0,6318130,894232,163840,570355712,0
1,patch,8192,0,1,724467,894232,163840,570355712,0
1,patch,8192,0,2,397836,894232,163840,570355712,0
1,patch,8192,0,3,422870,894232,163840,570355712,0
1,patch,8192,0,4,814631,894232,163840,570355712,0
1,patch,8192,0,5,406933,894232,163840,570355712,0
1,patch,8192,0,6,544709,894232,163840,570355712,0
1,patch,8192,0,7,4463681,894232,163840,570355712,0
1,base,8192,0,0,82610292,894232,163840,570355712,0
1,base,8192,0,1,93999950,894232,163840,570355712,0
1,base,8192,0,2,60598539,894232,163840,570355712,0
1,base,8192,0,3,77819229,894232,163840,570355712,0
1,base,8192,0,4,69575882,894232,163840,570355712,0
1,base,8192,0,5,62396136,894232,163840,570355712,0
1,base,8192,0,6,85715604,894232,163840,570355712,0
1,base,8192,0,7,76370372,894232,163840,570355712,0
1,patch,16384,0,0,6063921,1787160,327680,2281562112,0
1,patch,16384,0,1,875139,1787160,327680,2281562112,0
1,patch,16384,0,2,855752,1787160,327680,2281562112,0
1,patch,16384,0,3,833601,1787160,327680,2281562112,0
1,patch,16384,0,4,3526610,1787160,327680,2281562112,0
1,patch,16384,0,5,1015528,1787160,327680,2281562112,0
1,patch,16384,0,6,825601,1787160,327680,2281562112,0
1,patch,16384,0,7,1123603,1787160,327680,2281562112,0
1,base,16384,0,0,284307774,1787160,327680,2281562112,0
1,base,16384,0,1,330889299,1787160,327680,2281562112,0
1,base,16384,0,2,325909924,1787160,327680,2281562112,0
1,base,16384,0,3,333835341,1787160,327680,2281562112,0
1,base,16384,0,4,426247669,1787160,327680,2281562112,0
1,base,16384,0,5,543115137,1787160,327680,2281562112,0
1,base,16384,0,6,503501376,1787160,327680,2281562112,0
1,base,16384,0,7,415659303,1787160,327680,2281562112,0
1,patch,32768,0,0,13466286,3573016,655360,9126526976,0
1,patch,32768,0,1,25117979,3573016,655360,9126526976,0
1,patch,32768,0,2,2769918,3573016,655360,9126526976,0
1,patch,32768,0,3,1922197,3573016,655360,9126526976,0
1,patch,32768,0,4,3086327,3573016,655360,9126526976,0
1,patch,32768,0,5,22320239,3573016,655360,9126526976,0
1,patch,32768,0,6,1916248,3573016,655360,9126526976,0
1,patch,32768,0,7,10192208,3573016,655360,9126526976,0
1,base,32768,0,0,1465595672,3573016,655360,9126526976,0
1,base,32768,0,1,1271014603,3573016,655360,9126526976,0
1,base,32768,0,2,1093973523,3573016,655360,9126526976,0
1,base,32768,0,3,1022048375,3573016,655360,9126526976,0
1,base,32768,0,4,749298260,3573016,655360,9126526976,0
1,base,32768,0,5,1139512327,3573016,655360,9126526976,0
1,base,32768,0,6,994642275,3573016,655360,9126526976,0
1,base,32768,0,7,805961997,3573016,655360,9126526976,0
1,patch,65536,0,0,17806420,7144728,1310720,36506664960,0
1,patch,65536,0,1,18005546,7144728,1310720,36506664960,0
1,patch,65536,0,2,8306603,7144728,1310720,36506664960,0
1,patch,65536,0,3,19900893,7144728,1310720,36506664960,0
1,patch,65536,0,4,4010420,7144728,1310720,36506664960,0
1,patch,65536,0,5,7049300,7144728,1310720,36506664960,0
1,patch,65536,0,6,12686486,7144728,1310720,36506664960,0
1,patch,65536,0,7,8594542,7144728,1310720,36506664960,0
1,base,65536,0,0,4733518015,7144728,1310720,36506664960,0
1,base,65536,0,1,4847283978,7144728,1310720,36506664960,0
1,base,65536,0,2,3679598391,7144728,1310720,36506664960,0
1,base,65536,0,3,3627811570,7144728,1310720,36506664960,0
1,base,65536,0,4,3399971144,7144728,1310720,36506664960,0
1,base,65536,0,5,5173045709,7144728,1310720,36506664960,0
1,base,65536,0,6,4829223331,7144728,1310720,36506664960,0
1,base,65536,0,7,6097376988,7144728,1310720,36506664960,0
1,patch,8,1,0,4362,2176,0,476,0
1,patch,8,1,1,867,2176,0,476,0
1,patch,8,1,2,589,2176,0,476,0
1,patch,8,1,3,521,2176,0,476,0
1,patch,8,1,4,534,2176,0,476,0
1,patch,8,1,5,459,2176,0,476,0
1,patch,8,1,6,443,2176,0,476,0
1,patch,8,1,7,439,2176,0,476,0
1,base,8,1,0,3942,2176,0,476,0
1,base,8,1,1,1118,2176,0,476,0
1,base,8,1,2,645,2176,0,476,0
1,base,8,1,3,584,2176,0,476,0
1,base,8,1,4,551,2176,0,476,0
1,base,8,1,5,549,2176,0,476,0
1,base,8,1,6,540,2176,0,476,0
1,base,8,1,7,557,2176,0,476,0
1,patch,1024,1,0,75558,112920,0,8904192,0
1,patch,1024,1,1,24494,112920,0,8904192,0
1,patch,1024,1,2,22414,112920,0,8904192,0
1,patch,1024,1,3,22121,112920,0,8904192,0
1,patch,1024,1,4,22018,112920,0,8904192,0
1,patch,1024,1,5,21583,112920,0,8904192,0
1,patch,1024,1,6,22259,112920,0,8904192,0
1,patch,1024,1,7,21838,112920,0,8904192,0
1,base,1024,1,0,74784,112920,0,8904192,0
1,base,1024,1,1,24352,112920,0,8904192,0
1,base,1024,1,2,24008,112920,0,8904192,0
1,base,1024,1,3,24210,112920,0,8904192,0
1,base,1024,1,4,23284,112920,0,8904192,0
1,base,1024,1,5,23877,112920,0,8904192,0
1,base,1024,1,6,24171,112920,0,8904192,0
1,base,1024,1,7,24675,112920,0,8904192,0
1,patch,65536,1,0,7561604,7144728,0,36506664960,0
1,patch,65536,1,1,1876103,7144728,0,36506664960,0
1,patch,65536,1,2,23417432,7144728,0,36506664960,0
1,patch,65536,1,3,1854523,7144728,0,36506664960,0
1,patch,65536,1,4,1988842,7144728,0,36506664960,0
1,patch,65536,1,5,7761075,7144728,0,36506664960,0
1,patch,65536,1,6,9972955,7144728,0,36506664960,0
1,patch,65536,1,7,1960763,7144728,0,36506664960,0
1,base,65536,1,0,12413894,7144728,0,36506664960,0
1,base,65536,1,1,5634394,7144728,0,36506664960,0
1,base,65536,1,2,2605336,7144728,0,36506664960,0
1,base,65536,1,3,12605617,7144728,0,36506664960,0
1,base,65536,1,4,3288460,7144728,0,36506664960,0
1,base,65536,1,5,2085528,7144728,0,36506664960,0
1,base,65536,1,6,6040299,7144728,0,36506664960,0
1,base,65536,1,7,141410170,7144728,0,36506664960,0
1,patch,65536,2,0,29194729,7144728,0,36506664960,0
1,patch,65536,2,1,9633978,7144728,0,36506664960,0
1,patch,65536,2,2,1541143,7144728,0,36506664960,0
1,patch,65536,2,3,1159073,7144728,0,36506664960,0
1,patch,65536,2,4,9205836,7144728,0,36506664960,0
1,patch,65536,2,5,1105576,7144728,0,36506664960,0
1,patch,65536,2,6,1082835,7144728,0,36506664960,0
1,patch,65536,2,7,13146275,7144728,0,36506664960,0
1,base,65536,2,0,32647371,7144728,0,36506664960,0
1,base,65536,2,1,2159033,7144728,0,36506664960,0
1,base,65536,2,2,1866007,7144728,0,36506664960,0
1,base,65536,2,3,16481491,7144728,0,36506664960,0
1,base,65536,2,4,2514063,7144728,0,36506664960,0
1,base,65536,2,5,8010731,7144728,0,36506664960,0
1,base,65536,2,6,5497420,7144728,0,36506664960,0
1,base,65536,2,7,7377206,7144728,0,36506664960,0
