fixture	target	fixture_sha256	applicability	reason
tests/basic_c_aarch64_abi_contract.c	x86_64-apple-ios	897521441331eae4d1629e3e68d7ab09c89411fb05331e8c0ef5c007f157a97e	platform-inapplicable	fixture-requires-aarch64-target
tests/basic_c_aarch64_abi_contract.c	x86_64-apple-macos	897521441331eae4d1629e3e68d7ab09c89411fb05331e8c0ef5c007f157a97e	platform-inapplicable	fixture-requires-aarch64-target
tests/basic_c_aarch64_abi_contract.c	x86_64-linux-android	897521441331eae4d1629e3e68d7ab09c89411fb05331e8c0ef5c007f157a97e	platform-inapplicable	fixture-requires-aarch64-target
tests/basic_c_aarch64_abi_contract.c	x86_64-pc-windows-msvc	897521441331eae4d1629e3e68d7ab09c89411fb05331e8c0ef5c007f157a97e	platform-inapplicable	fixture-requires-aarch64-target
tests/basic_c_aarch64_abi_contract.c	x86_64-unknown-linux-gnu	897521441331eae4d1629e3e68d7ab09c89411fb05331e8c0ef5c007f157a97e	platform-inapplicable	fixture-requires-aarch64-target
tests/basic_c_aarch64_abi_contract.c	x86_64-unknown-uefi	897521441331eae4d1629e3e68d7ab09c89411fb05331e8c0ef5c007f157a97e	platform-inapplicable	fixture-requires-aarch64-target
tests/basic_c_aarch64_atomic_pair.c	x86_64-apple-ios	c7655dbdd6227cec53d270035fac88e544cf1e95edaa8cdbddd861c4a0d9f033	platform-inapplicable	fixture-requires-aarch64-target
tests/basic_c_aarch64_atomic_pair.c	x86_64-apple-macos	c7655dbdd6227cec53d270035fac88e544cf1e95edaa8cdbddd861c4a0d9f033	platform-inapplicable	fixture-requires-aarch64-target
tests/basic_c_aarch64_atomic_pair.c	x86_64-linux-android	c7655dbdd6227cec53d270035fac88e544cf1e95edaa8cdbddd861c4a0d9f033	platform-inapplicable	fixture-requires-aarch64-target
tests/basic_c_aarch64_atomic_pair.c	x86_64-pc-windows-msvc	c7655dbdd6227cec53d270035fac88e544cf1e95edaa8cdbddd861c4a0d9f033	platform-inapplicable	fixture-requires-aarch64-target
tests/basic_c_aarch64_atomic_pair.c	x86_64-unknown-linux-gnu	c7655dbdd6227cec53d270035fac88e544cf1e95edaa8cdbddd861c4a0d9f033	platform-inapplicable	fixture-requires-aarch64-target
tests/basic_c_aarch64_atomic_pair.c	x86_64-unknown-uefi	c7655dbdd6227cec53d270035fac88e544cf1e95edaa8cdbddd861c4a0d9f033	platform-inapplicable	fixture-requires-aarch64-target
tests/basic_c_aarch64_atomic_update_pair.c	x86_64-apple-ios	5d695188f5fc1d0ef36bd8551e94b6aa7989db8cae8c1214b491e4e162b0ad7a	platform-inapplicable	fixture-requires-aarch64-target
tests/basic_c_aarch64_atomic_update_pair.c	x86_64-apple-macos	5d695188f5fc1d0ef36bd8551e94b6aa7989db8cae8c1214b491e4e162b0ad7a	platform-inapplicable	fixture-requires-aarch64-target
tests/basic_c_aarch64_atomic_update_pair.c	x86_64-linux-android	5d695188f5fc1d0ef36bd8551e94b6aa7989db8cae8c1214b491e4e162b0ad7a	platform-inapplicable	fixture-requires-aarch64-target
tests/basic_c_aarch64_atomic_update_pair.c	x86_64-pc-windows-msvc	5d695188f5fc1d0ef36bd8551e94b6aa7989db8cae8c1214b491e4e162b0ad7a	platform-inapplicable	fixture-requires-aarch64-target
tests/basic_c_aarch64_atomic_update_pair.c	x86_64-unknown-linux-gnu	5d695188f5fc1d0ef36bd8551e94b6aa7989db8cae8c1214b491e4e162b0ad7a	platform-inapplicable	fixture-requires-aarch64-target
tests/basic_c_aarch64_atomic_update_pair.c	x86_64-unknown-uefi	5d695188f5fc1d0ef36bd8551e94b6aa7989db8cae8c1214b491e4e162b0ad7a	platform-inapplicable	fixture-requires-aarch64-target
tests/basic_c_aarch64_float_to_f128.c	x86_64-linux-android	b15b37a94a243e5adb8674c6331b5a073427636703e1436f752be623a6b6e574	platform-inapplicable	fixture-requires-aarch64-binary128-widening
tests/basic_c_aarch64_float_to_i128.c	x86_64-apple-ios	6fe6033ca2aa8081323c07d64aa5590766f2bbcd5c484cc31ce5fed9ee4bd14b	platform-inapplicable	fixture-requires-aarch64-target
tests/basic_c_aarch64_float_to_i128.c	x86_64-apple-macos	6fe6033ca2aa8081323c07d64aa5590766f2bbcd5c484cc31ce5fed9ee4bd14b	platform-inapplicable	fixture-requires-aarch64-target
tests/basic_c_aarch64_float_to_i128.c	x86_64-linux-android	6fe6033ca2aa8081323c07d64aa5590766f2bbcd5c484cc31ce5fed9ee4bd14b	platform-inapplicable	fixture-requires-aarch64-target
tests/basic_c_aarch64_float_to_i128.c	x86_64-pc-windows-msvc	6fe6033ca2aa8081323c07d64aa5590766f2bbcd5c484cc31ce5fed9ee4bd14b	platform-inapplicable	fixture-requires-aarch64-target
tests/basic_c_aarch64_float_to_i128.c	x86_64-unknown-linux-gnu	6fe6033ca2aa8081323c07d64aa5590766f2bbcd5c484cc31ce5fed9ee4bd14b	platform-inapplicable	fixture-requires-aarch64-target
tests/basic_c_aarch64_float_to_i128.c	x86_64-unknown-uefi	6fe6033ca2aa8081323c07d64aa5590766f2bbcd5c484cc31ce5fed9ee4bd14b	platform-inapplicable	fixture-requires-aarch64-target
tests/basic_c_aarch64_i128.c	x86_64-apple-ios	53ee3ea1e04912ce5e68ca22334a2f590dd2a2bf2988954e27e4b3e9d96b14eb	platform-inapplicable	fixture-requires-aarch64-target
tests/basic_c_aarch64_i128.c	x86_64-apple-macos	53ee3ea1e04912ce5e68ca22334a2f590dd2a2bf2988954e27e4b3e9d96b14eb	platform-inapplicable	fixture-requires-aarch64-target
tests/basic_c_aarch64_i128.c	x86_64-linux-android	53ee3ea1e04912ce5e68ca22334a2f590dd2a2bf2988954e27e4b3e9d96b14eb	platform-inapplicable	fixture-requires-aarch64-target
tests/basic_c_aarch64_i128.c	x86_64-pc-windows-msvc	53ee3ea1e04912ce5e68ca22334a2f590dd2a2bf2988954e27e4b3e9d96b14eb	platform-inapplicable	fixture-requires-aarch64-target
tests/basic_c_aarch64_i128.c	x86_64-unknown-linux-gnu	53ee3ea1e04912ce5e68ca22334a2f590dd2a2bf2988954e27e4b3e9d96b14eb	platform-inapplicable	fixture-requires-aarch64-target
tests/basic_c_aarch64_i128.c	x86_64-unknown-uefi	53ee3ea1e04912ce5e68ca22334a2f590dd2a2bf2988954e27e4b3e9d96b14eb	platform-inapplicable	fixture-requires-aarch64-target
tests/basic_c_aarch64_i128_to_float.c	x86_64-apple-ios	7a8fa98809691916bb3d250d822e6733e9852e59238110c0a976fd040894479e	platform-inapplicable	fixture-requires-aarch64-target
tests/basic_c_aarch64_i128_to_float.c	x86_64-apple-macos	7a8fa98809691916bb3d250d822e6733e9852e59238110c0a976fd040894479e	platform-inapplicable	fixture-requires-aarch64-target
tests/basic_c_aarch64_i128_to_float.c	x86_64-linux-android	7a8fa98809691916bb3d250d822e6733e9852e59238110c0a976fd040894479e	platform-inapplicable	fixture-requires-aarch64-target
tests/basic_c_aarch64_i128_to_float.c	x86_64-pc-windows-msvc	7a8fa98809691916bb3d250d822e6733e9852e59238110c0a976fd040894479e	platform-inapplicable	fixture-requires-aarch64-target
tests/basic_c_aarch64_i128_to_float.c	x86_64-unknown-linux-gnu	7a8fa98809691916bb3d250d822e6733e9852e59238110c0a976fd040894479e	platform-inapplicable	fixture-requires-aarch64-target
tests/basic_c_aarch64_i128_to_float.c	x86_64-unknown-uefi	7a8fa98809691916bb3d250d822e6733e9852e59238110c0a976fd040894479e	platform-inapplicable	fixture-requires-aarch64-target
tests/basic_c_aarch64_zero_counts.c	x86_64-apple-ios	10d281b40321bd9addaa877d3a8794e9ba7ebb36db9d15fd5006eb442a9b94d3	platform-inapplicable	fixture-requires-aarch64-target
tests/basic_c_aarch64_zero_counts.c	x86_64-apple-macos	10d281b40321bd9addaa877d3a8794e9ba7ebb36db9d15fd5006eb442a9b94d3	platform-inapplicable	fixture-requires-aarch64-target
tests/basic_c_aarch64_zero_counts.c	x86_64-linux-android	10d281b40321bd9addaa877d3a8794e9ba7ebb36db9d15fd5006eb442a9b94d3	platform-inapplicable	fixture-requires-aarch64-target
tests/basic_c_aarch64_zero_counts.c	x86_64-pc-windows-msvc	10d281b40321bd9addaa877d3a8794e9ba7ebb36db9d15fd5006eb442a9b94d3	platform-inapplicable	fixture-requires-aarch64-target
tests/basic_c_aarch64_zero_counts.c	x86_64-unknown-linux-gnu	10d281b40321bd9addaa877d3a8794e9ba7ebb36db9d15fd5006eb442a9b94d3	platform-inapplicable	fixture-requires-aarch64-target
tests/basic_c_aarch64_zero_counts.c	x86_64-unknown-uefi	10d281b40321bd9addaa877d3a8794e9ba7ebb36db9d15fd5006eb442a9b94d3	platform-inapplicable	fixture-requires-aarch64-target
tests/basic_c_asm_memory_operand_no_load.c	aarch64-apple-ios	fb77e872151d25a04c01046fdbbb1797f063c16f9e8568f35e48edb5fb9c74cb	platform-inapplicable	fixture-requires-x86-64-linux-target
tests/basic_c_asm_memory_operand_no_load.c	aarch64-apple-macos	fb77e872151d25a04c01046fdbbb1797f063c16f9e8568f35e48edb5fb9c74cb	platform-inapplicable	fixture-requires-x86-64-linux-target
tests/basic_c_asm_memory_operand_no_load.c	aarch64-linux-android	fb77e872151d25a04c01046fdbbb1797f063c16f9e8568f35e48edb5fb9c74cb	platform-inapplicable	fixture-requires-x86-64-linux-target
tests/basic_c_asm_memory_operand_no_load.c	aarch64-pc-windows-msvc	fb77e872151d25a04c01046fdbbb1797f063c16f9e8568f35e48edb5fb9c74cb	platform-inapplicable	fixture-requires-x86-64-linux-target
tests/basic_c_asm_memory_operand_no_load.c	aarch64-unknown-linux-gnu	fb77e872151d25a04c01046fdbbb1797f063c16f9e8568f35e48edb5fb9c74cb	platform-inapplicable	fixture-requires-x86-64-linux-target
tests/basic_c_asm_memory_operand_no_load.c	aarch64-unknown-uefi	fb77e872151d25a04c01046fdbbb1797f063c16f9e8568f35e48edb5fb9c74cb	platform-inapplicable	fixture-requires-x86-64-linux-target
tests/basic_c_asm_x87_clobber.c	x86_64-linux-android	0000c5637b74059102f367ecacbe6cd57189881d3f33b6df3219bd01138f3293	admitted-supported	applicable-candidate-residual
tests/basic_c_asm_x87_clobber.c	x86_64-pc-windows-msvc	0000c5637b74059102f367ecacbe6cd57189881d3f33b6df3219bd01138f3293	platform-inapplicable	fixture-requires-x86-64-sysv-x87
tests/basic_c_asm_x87_clobber.c	x86_64-unknown-uefi	0000c5637b74059102f367ecacbe6cd57189881d3f33b6df3219bd01138f3293	platform-inapplicable	fixture-requires-x86-64-sysv-x87
tests/basic_c_asm_x87_control_word.c	aarch64-apple-ios	4133435c2755818b45a1a8e96b35d7eedbbcffa5d2cd8c385ab67f6167487938	platform-inapplicable	fixture-requires-x86-hosted-x87
tests/basic_c_asm_x87_control_word.c	aarch64-apple-macos	4133435c2755818b45a1a8e96b35d7eedbbcffa5d2cd8c385ab67f6167487938	platform-inapplicable	fixture-requires-x86-hosted-x87
tests/basic_c_asm_x87_control_word.c	aarch64-linux-android	4133435c2755818b45a1a8e96b35d7eedbbcffa5d2cd8c385ab67f6167487938	platform-inapplicable	fixture-requires-x86-hosted-x87
tests/basic_c_asm_x87_control_word.c	aarch64-pc-windows-msvc	4133435c2755818b45a1a8e96b35d7eedbbcffa5d2cd8c385ab67f6167487938	platform-inapplicable	fixture-requires-x86-hosted-x87
tests/basic_c_asm_x87_control_word.c	aarch64-unknown-linux-gnu	4133435c2755818b45a1a8e96b35d7eedbbcffa5d2cd8c385ab67f6167487938	platform-inapplicable	fixture-requires-x86-hosted-x87
tests/basic_c_asm_x87_control_word.c	aarch64-unknown-uefi	4133435c2755818b45a1a8e96b35d7eedbbcffa5d2cd8c385ab67f6167487938	platform-inapplicable	fixture-requires-x86-hosted-x87
tests/basic_c_asm_x87_output.c	x86_64-linux-android	163c737362c5682e212fe7ce52d44eab458871ff7bce46934e57efea53de1dc6	admitted-supported	applicable-candidate-residual
tests/basic_c_asm_x87_output.c	x86_64-pc-windows-msvc	163c737362c5682e212fe7ce52d44eab458871ff7bce46934e57efea53de1dc6	platform-inapplicable	fixture-requires-x86-64-sysv-x87
tests/basic_c_asm_x87_output.c	x86_64-unknown-uefi	163c737362c5682e212fe7ce52d44eab458871ff7bce46934e57efea53de1dc6	platform-inapplicable	fixture-requires-x86-64-sysv-x87
tests/basic_c_atomic_pair_contention.c	x86_64-apple-ios	727fb58ec7b533b6fdea6f76f35fd2911193639143b10c59ec21502f42ccd535	admitted-supported	applicable-candidate-residual
tests/basic_c_atomic_pair_contention.c	x86_64-apple-macos	727fb58ec7b533b6fdea6f76f35fd2911193639143b10c59ec21502f42ccd535	admitted-supported	applicable-candidate-residual
tests/basic_c_atomic_pair_contention.c	x86_64-linux-android	727fb58ec7b533b6fdea6f76f35fd2911193639143b10c59ec21502f42ccd535	admitted-supported	applicable-candidate-residual
tests/basic_c_atomic_pair_contention.c	x86_64-pc-windows-msvc	727fb58ec7b533b6fdea6f76f35fd2911193639143b10c59ec21502f42ccd535	admitted-supported	applicable-candidate-residual
tests/basic_c_atomic_pair_contention.c	x86_64-unknown-linux-gnu	727fb58ec7b533b6fdea6f76f35fd2911193639143b10c59ec21502f42ccd535	admitted-supported	applicable-candidate-residual
tests/basic_c_atomic_pair_contention.c	x86_64-unknown-uefi	727fb58ec7b533b6fdea6f76f35fd2911193639143b10c59ec21502f42ccd535	admitted-supported	applicable-candidate-residual
tests/basic_c_complex_arithmetic.c	x86_64-linux-android	9b33498d7e8119f03b5ba22983b3440a55f60a337aea8f0c34f6c28e7d6a0e20	admitted-supported	applicable-candidate-residual
tests/basic_c_complex_x87_callee.c	x86_64-linux-android	7519eb48ac4d35eb86edbb0138c41b685cb6fa5c54280a08f33f5f00a1a798b9	platform-inapplicable	mixed-host-abi-registration-only
tests/basic_c_complex_x87_caller.c	x86_64-linux-android	0262700dc9617644e126c948424952a3997d6941bee472426290d89452ce7465	platform-inapplicable	mixed-host-abi-registration-only
tests/basic_c_created_nan_sign.c	x86_64-linux-android	d5242c784cab89b0c5ad793483dedd09d8ccb772b58a52b83d8adb7ce684f791	admitted-supported	applicable-candidate-residual
tests/basic_c_dialect.c	aarch64-unknown-uefi	2da51d7682b305d3eb0d44ebad1ffdb415f9f3e4058e66582bf2c903e7a4df58	platform-inapplicable	uefi-lacks-hosted-tls-assertion
tests/basic_c_dialect.c	x86_64-unknown-uefi	2da51d7682b305d3eb0d44ebad1ffdb415f9f3e4058e66582bf2c903e7a4df58	platform-inapplicable	uefi-lacks-hosted-tls-assertion
tests/basic_c_export_dynamic.c	aarch64-apple-ios	e4b3f1928fcef78a5808d09c465598faef07312b060a328edbb39d83243ddf8d	platform-inapplicable	fixture-registration-is-linux-x86-64-only
tests/basic_c_export_dynamic.c	aarch64-apple-macos	e4b3f1928fcef78a5808d09c465598faef07312b060a328edbb39d83243ddf8d	platform-inapplicable	fixture-registration-is-linux-x86-64-only
tests/basic_c_export_dynamic.c	aarch64-linux-android	e4b3f1928fcef78a5808d09c465598faef07312b060a328edbb39d83243ddf8d	platform-inapplicable	fixture-registration-is-linux-x86-64-only
tests/basic_c_export_dynamic.c	aarch64-pc-windows-msvc	e4b3f1928fcef78a5808d09c465598faef07312b060a328edbb39d83243ddf8d	platform-inapplicable	fixture-registration-is-linux-x86-64-only
tests/basic_c_export_dynamic.c	aarch64-unknown-uefi	e4b3f1928fcef78a5808d09c465598faef07312b060a328edbb39d83243ddf8d	platform-inapplicable	fixture-registration-is-linux-x86-64-only
tests/basic_c_export_dynamic.c	x86_64-apple-ios	e4b3f1928fcef78a5808d09c465598faef07312b060a328edbb39d83243ddf8d	platform-inapplicable	fixture-registration-is-linux-x86-64-only
tests/basic_c_export_dynamic.c	x86_64-apple-macos	e4b3f1928fcef78a5808d09c465598faef07312b060a328edbb39d83243ddf8d	platform-inapplicable	fixture-registration-is-linux-x86-64-only
tests/basic_c_export_dynamic.c	x86_64-linux-android	e4b3f1928fcef78a5808d09c465598faef07312b060a328edbb39d83243ddf8d	platform-inapplicable	fixture-registration-is-linux-x86-64-only
tests/basic_c_export_dynamic.c	x86_64-pc-windows-msvc	e4b3f1928fcef78a5808d09c465598faef07312b060a328edbb39d83243ddf8d	platform-inapplicable	fixture-registration-is-linux-x86-64-only
tests/basic_c_export_dynamic.c	x86_64-unknown-uefi	e4b3f1928fcef78a5808d09c465598faef07312b060a328edbb39d83243ddf8d	platform-inapplicable	fixture-registration-is-linux-x86-64-only
tests/basic_c_f80_machine.c	aarch64-linux-android	3173bb403477f90ee4cd6af29ae88b051be9d3a6d1bbd7c3f2ed10230f09dbe7	platform-inapplicable	fixture-requires-x86-64-sysv-x87
tests/basic_c_f80_machine.c	aarch64-unknown-linux-gnu	3173bb403477f90ee4cd6af29ae88b051be9d3a6d1bbd7c3f2ed10230f09dbe7	platform-inapplicable	fixture-requires-x86-64-sysv-x87
tests/basic_c_f80_machine.c	aarch64-unknown-uefi	3173bb403477f90ee4cd6af29ae88b051be9d3a6d1bbd7c3f2ed10230f09dbe7	platform-inapplicable	fixture-requires-x86-64-sysv-x87
tests/basic_c_f80_machine.c	x86_64-linux-android	3173bb403477f90ee4cd6af29ae88b051be9d3a6d1bbd7c3f2ed10230f09dbe7	admitted-supported	applicable-candidate-residual
tests/basic_c_f80_transport.c	aarch64-linux-android	5d809970871338d61f56a141546f3041f3a15db4dae00e8cacb1acb29093d53a	platform-inapplicable	fixture-requires-x86-64-sysv-x87
tests/basic_c_f80_transport.c	aarch64-unknown-linux-gnu	5d809970871338d61f56a141546f3041f3a15db4dae00e8cacb1acb29093d53a	platform-inapplicable	fixture-requires-x86-64-sysv-x87
tests/basic_c_f80_transport.c	aarch64-unknown-uefi	5d809970871338d61f56a141546f3041f3a15db4dae00e8cacb1acb29093d53a	platform-inapplicable	fixture-requires-x86-64-sysv-x87
tests/basic_c_f80_transport.c	x86_64-linux-android	5d809970871338d61f56a141546f3041f3a15db4dae00e8cacb1acb29093d53a	admitted-supported	applicable-candidate-residual
tests/basic_c_f80_u64.c	aarch64-linux-android	73c40c16ff24ddc2cd057f3117a009c135455ca3a54f635e3b2cc04031576807	platform-inapplicable	fixture-requires-x86-64-sysv-x87
tests/basic_c_f80_u64.c	aarch64-unknown-linux-gnu	73c40c16ff24ddc2cd057f3117a009c135455ca3a54f635e3b2cc04031576807	platform-inapplicable	fixture-requires-x86-64-sysv-x87
tests/basic_c_f80_u64.c	aarch64-unknown-uefi	73c40c16ff24ddc2cd057f3117a009c135455ca3a54f635e3b2cc04031576807	platform-inapplicable	fixture-requires-x86-64-sysv-x87
tests/basic_c_f80_u64.c	x86_64-linux-android	73c40c16ff24ddc2cd057f3117a009c135455ca3a54f635e3b2cc04031576807	admitted-supported	applicable-candidate-residual
tests/basic_c_float_limits.c	x86_64-linux-android	71324a91edb64a216e11f082bffea18803ab1b5e2f93e7efa733fc62ecabeb03	admitted-supported	applicable-candidate-residual
tests/basic_c_int128.c	x86_64-apple-ios	8e5535b31cca8ea36b5124e4a5b35cb6da62d7f1736434a926467b9bc7f1135d	admitted-supported	applicable-candidate-residual
tests/basic_c_int128.c	x86_64-apple-macos	8e5535b31cca8ea36b5124e4a5b35cb6da62d7f1736434a926467b9bc7f1135d	admitted-supported	applicable-candidate-residual
tests/basic_c_int128.c	x86_64-linux-android	8e5535b31cca8ea36b5124e4a5b35cb6da62d7f1736434a926467b9bc7f1135d	admitted-supported	applicable-candidate-residual
tests/basic_c_int128.c	x86_64-pc-windows-msvc	8e5535b31cca8ea36b5124e4a5b35cb6da62d7f1736434a926467b9bc7f1135d	admitted-supported	applicable-candidate-residual
tests/basic_c_int128.c	x86_64-unknown-linux-gnu	8e5535b31cca8ea36b5124e4a5b35cb6da62d7f1736434a926467b9bc7f1135d	admitted-supported	applicable-candidate-residual
tests/basic_c_int128.c	x86_64-unknown-uefi	8e5535b31cca8ea36b5124e4a5b35cb6da62d7f1736434a926467b9bc7f1135d	admitted-supported	applicable-candidate-residual
tests/basic_c_long_double_aggregate.c	x86_64-linux-android	3275fb843bcee4c98c1bac072bb7b37f94018c71bed903ff940acaac79117cf8	admitted-supported	applicable-candidate-residual
tests/basic_c_long_double_aggregate_callee.c	x86_64-linux-android	fb9b602f99bc6915f5bbcb62b43caf69907a885c5f2d734b220ab1f0119bdcd3	platform-inapplicable	mixed-host-abi-registration-only
tests/basic_c_long_double_aggregate_caller.c	x86_64-linux-android	b3cb6f0cda64d6012f73c93dd3d258c076c29348f93baed6968c2757458b7cb2	platform-inapplicable	mixed-host-abi-registration-only
tests/basic_c_long_double_arithmetic.c	x86_64-linux-android	8c8f78657426f6b05b6920175a28073c6c105540b157e8b15bf29e8ba943faf2	admitted-supported	applicable-candidate-residual
tests/basic_c_long_double_static_initializer.c	x86_64-linux-android	5d14271ad09efaba156092bf27482bf9ea5b3eb5341f579eb20059561074b551	admitted-supported	applicable-candidate-residual
tests/basic_c_long_double_static_special.c	x86_64-linux-android	6e4cd94ad542b515601d387276f71ba56dd76e0006362cc4869f1ae37180eca5	admitted-supported	applicable-candidate-residual
tests/basic_c_predicate_bank.c	aarch64-apple-ios	16c2a225a704db51239cfb34bfbf98a214c1af038ecdad0a8c1ea0d9afbff432	platform-inapplicable	fixture-requires-x86-64-avx512
tests/basic_c_predicate_bank.c	aarch64-apple-macos	16c2a225a704db51239cfb34bfbf98a214c1af038ecdad0a8c1ea0d9afbff432	platform-inapplicable	fixture-requires-x86-64-avx512
tests/basic_c_predicate_bank.c	aarch64-linux-android	16c2a225a704db51239cfb34bfbf98a214c1af038ecdad0a8c1ea0d9afbff432	platform-inapplicable	fixture-requires-x86-64-avx512
tests/basic_c_predicate_bank.c	aarch64-pc-windows-msvc	16c2a225a704db51239cfb34bfbf98a214c1af038ecdad0a8c1ea0d9afbff432	platform-inapplicable	fixture-requires-x86-64-avx512
tests/basic_c_predicate_bank.c	aarch64-unknown-linux-gnu	16c2a225a704db51239cfb34bfbf98a214c1af038ecdad0a8c1ea0d9afbff432	platform-inapplicable	fixture-requires-x86-64-avx512
tests/basic_c_predicate_bank.c	aarch64-unknown-uefi	16c2a225a704db51239cfb34bfbf98a214c1af038ecdad0a8c1ea0d9afbff432	platform-inapplicable	fixture-requires-x86-64-avx512
tests/basic_c_sbase_declarations.c	aarch64-apple-ios	d1ded33438f70f4df402929bb2536e23f15078d6d040100a64241da0de2d6563	admitted-supported	applicable-candidate-residual
tests/basic_c_sbase_declarations.c	aarch64-apple-macos	d1ded33438f70f4df402929bb2536e23f15078d6d040100a64241da0de2d6563	admitted-supported	applicable-candidate-residual
tests/basic_c_sbase_declarations.c	aarch64-linux-android	d1ded33438f70f4df402929bb2536e23f15078d6d040100a64241da0de2d6563	admitted-supported	applicable-candidate-residual
tests/basic_c_sbase_declarations.c	aarch64-pc-windows-msvc	d1ded33438f70f4df402929bb2536e23f15078d6d040100a64241da0de2d6563	admitted-supported	applicable-candidate-residual
tests/basic_c_sbase_declarations.c	aarch64-unknown-linux-gnu	d1ded33438f70f4df402929bb2536e23f15078d6d040100a64241da0de2d6563	admitted-supported	applicable-candidate-residual
tests/basic_c_sbase_declarations.c	aarch64-unknown-uefi	d1ded33438f70f4df402929bb2536e23f15078d6d040100a64241da0de2d6563	admitted-supported	applicable-candidate-residual
tests/basic_c_sbase_declarations.c	x86_64-apple-ios	d1ded33438f70f4df402929bb2536e23f15078d6d040100a64241da0de2d6563	admitted-supported	applicable-candidate-residual
tests/basic_c_sbase_declarations.c	x86_64-apple-macos	d1ded33438f70f4df402929bb2536e23f15078d6d040100a64241da0de2d6563	admitted-supported	applicable-candidate-residual
tests/basic_c_sbase_declarations.c	x86_64-linux-android	d1ded33438f70f4df402929bb2536e23f15078d6d040100a64241da0de2d6563	admitted-supported	applicable-candidate-residual
tests/basic_c_sbase_declarations.c	x86_64-pc-windows-msvc	d1ded33438f70f4df402929bb2536e23f15078d6d040100a64241da0de2d6563	admitted-supported	applicable-candidate-residual
tests/basic_c_sbase_declarations.c	x86_64-unknown-linux-gnu	d1ded33438f70f4df402929bb2536e23f15078d6d040100a64241da0de2d6563	admitted-supported	applicable-candidate-residual
tests/basic_c_sbase_declarations.c	x86_64-unknown-uefi	d1ded33438f70f4df402929bb2536e23f15078d6d040100a64241da0de2d6563	admitted-supported	applicable-candidate-residual
tests/basic_c_simd_translate.c	aarch64-apple-ios	76c1e91820227dcad6fd44a1ed159db4581006f86b6ba673f3834a13b5647d81	platform-inapplicable	fixture-registration-is-x86-64-linux-only
tests/basic_c_simd_translate.c	x86_64-apple-ios	76c1e91820227dcad6fd44a1ed159db4581006f86b6ba673f3834a13b5647d81	platform-inapplicable	fixture-registration-is-x86-64-linux-only
tests/basic_c_sizeof_anonymous_aggregate.c	aarch64-apple-ios	9c8ecbb218f349dcc77f08c6b81168cb8142ff4a2b6667c38dee7a5e52ddc7db	admitted-supported	applicable-candidate-residual
tests/basic_c_sizeof_anonymous_aggregate.c	aarch64-apple-macos	9c8ecbb218f349dcc77f08c6b81168cb8142ff4a2b6667c38dee7a5e52ddc7db	admitted-supported	applicable-candidate-residual
tests/basic_c_sizeof_anonymous_aggregate.c	aarch64-linux-android	9c8ecbb218f349dcc77f08c6b81168cb8142ff4a2b6667c38dee7a5e52ddc7db	admitted-supported	applicable-candidate-residual
tests/basic_c_sizeof_anonymous_aggregate.c	aarch64-pc-windows-msvc	9c8ecbb218f349dcc77f08c6b81168cb8142ff4a2b6667c38dee7a5e52ddc7db	admitted-supported	applicable-candidate-residual
tests/basic_c_sizeof_anonymous_aggregate.c	aarch64-unknown-linux-gnu	9c8ecbb218f349dcc77f08c6b81168cb8142ff4a2b6667c38dee7a5e52ddc7db	admitted-supported	applicable-candidate-residual
tests/basic_c_sizeof_anonymous_aggregate.c	aarch64-unknown-uefi	9c8ecbb218f349dcc77f08c6b81168cb8142ff4a2b6667c38dee7a5e52ddc7db	admitted-supported	applicable-candidate-residual
tests/basic_c_sizeof_anonymous_aggregate.c	x86_64-apple-ios	9c8ecbb218f349dcc77f08c6b81168cb8142ff4a2b6667c38dee7a5e52ddc7db	admitted-supported	applicable-candidate-residual
tests/basic_c_sizeof_anonymous_aggregate.c	x86_64-apple-macos	9c8ecbb218f349dcc77f08c6b81168cb8142ff4a2b6667c38dee7a5e52ddc7db	admitted-supported	applicable-candidate-residual
tests/basic_c_sizeof_anonymous_aggregate.c	x86_64-linux-android	9c8ecbb218f349dcc77f08c6b81168cb8142ff4a2b6667c38dee7a5e52ddc7db	admitted-supported	applicable-candidate-residual
tests/basic_c_sizeof_anonymous_aggregate.c	x86_64-pc-windows-msvc	9c8ecbb218f349dcc77f08c6b81168cb8142ff4a2b6667c38dee7a5e52ddc7db	admitted-supported	applicable-candidate-residual
tests/basic_c_sizeof_anonymous_aggregate.c	x86_64-unknown-linux-gnu	9c8ecbb218f349dcc77f08c6b81168cb8142ff4a2b6667c38dee7a5e52ddc7db	admitted-supported	applicable-candidate-residual
tests/basic_c_sizeof_anonymous_aggregate.c	x86_64-unknown-uefi	9c8ecbb218f349dcc77f08c6b81168cb8142ff4a2b6667c38dee7a5e52ddc7db	admitted-supported	applicable-candidate-residual
tests/basic_c_static_local.c	aarch64-unknown-uefi	e3e7ea3d3be4e20de920d191369a49d4d846667b11f99beeb16757c2c837b189	platform-inapplicable	fixture-requires-hosted-thread-local-abi
tests/basic_c_static_local.c	x86_64-unknown-uefi	e3e7ea3d3be4e20de920d191369a49d4d846667b11f99beeb16757c2c837b189	platform-inapplicable	fixture-requires-hosted-thread-local-abi
tests/basic_c_target_headers.c	aarch64-unknown-uefi	e215d6889d721ca04f234c5599d7b56f39abd7bedd0d7a491e99e35aad0fd18b	platform-inapplicable	hosted-libc-fixture-requires-hosted-target
tests/basic_c_target_headers.c	x86_64-unknown-uefi	e215d6889d721ca04f234c5599d7b56f39abd7bedd0d7a491e99e35aad0fd18b	platform-inapplicable	hosted-libc-fixture-requires-hosted-target
tests/basic_c_thread_local.c	aarch64-unknown-uefi	50a5e3999c4758f8ad8856d76d806ca57c0f1370c2bf41441866b116c0edd405	platform-inapplicable	fixture-requires-hosted-thread-local-abi
tests/basic_c_thread_local.c	x86_64-unknown-uefi	50a5e3999c4758f8ad8856d76d806ca57c0f1370c2bf41441866b116c0edd405	platform-inapplicable	fixture-requires-hosted-thread-local-abi
tests/basic_c_thread_local_models.c	aarch64-unknown-uefi	ad6d7e6a1501bd843782d83dda3ebf09a246b096720cb79e7d92c3363a75cef4	platform-inapplicable	fixture-requires-hosted-thread-local-abi
tests/basic_c_thread_local_models.c	x86_64-unknown-uefi	ad6d7e6a1501bd843782d83dda3ebf09a246b096720cb79e7d92c3363a75cef4	platform-inapplicable	fixture-requires-hosted-thread-local-abi
tests/basic_c_uefi.c	aarch64-apple-ios	e56606c198aba3b464e9466fad09defe80afdea14076b19262f16b489f528e8c	platform-inapplicable	fixture-requires-uefi-target
tests/basic_c_uefi.c	aarch64-apple-macos	e56606c198aba3b464e9466fad09defe80afdea14076b19262f16b489f528e8c	platform-inapplicable	fixture-requires-uefi-target
tests/basic_c_uefi.c	aarch64-linux-android	e56606c198aba3b464e9466fad09defe80afdea14076b19262f16b489f528e8c	platform-inapplicable	fixture-requires-uefi-target
tests/basic_c_uefi.c	aarch64-pc-windows-msvc	e56606c198aba3b464e9466fad09defe80afdea14076b19262f16b489f528e8c	platform-inapplicable	fixture-requires-uefi-target
tests/basic_c_uefi.c	aarch64-unknown-linux-gnu	e56606c198aba3b464e9466fad09defe80afdea14076b19262f16b489f528e8c	platform-inapplicable	fixture-requires-uefi-target
tests/basic_c_uefi.c	x86_64-apple-ios	e56606c198aba3b464e9466fad09defe80afdea14076b19262f16b489f528e8c	platform-inapplicable	fixture-requires-uefi-target
tests/basic_c_uefi.c	x86_64-apple-macos	e56606c198aba3b464e9466fad09defe80afdea14076b19262f16b489f528e8c	platform-inapplicable	fixture-requires-uefi-target
tests/basic_c_uefi.c	x86_64-linux-android	e56606c198aba3b464e9466fad09defe80afdea14076b19262f16b489f528e8c	platform-inapplicable	fixture-requires-uefi-target
tests/basic_c_uefi.c	x86_64-pc-windows-msvc	e56606c198aba3b464e9466fad09defe80afdea14076b19262f16b489f528e8c	platform-inapplicable	fixture-requires-uefi-target
tests/basic_c_uefi.c	x86_64-unknown-linux-gnu	e56606c198aba3b464e9466fad09defe80afdea14076b19262f16b489f528e8c	platform-inapplicable	fixture-requires-uefi-target
tests/basic_c_unsigned_float_aggregate_constants.c	x86_64-linux-android	64772e4cf0de27092f8b51fa030ecf47809e7efa80e3e2fb294c92abca934a6e	admitted-supported	applicable-candidate-residual
tests/basic_c_va_arg_long_double.c	x86_64-linux-android	71f30b695fb5920bd8b8b2a0ddd103dd8b36982728e2a40a45de61206123b81b	admitted-supported	applicable-candidate-residual
tests/basic_c_vector_argument_wide.c	aarch64-apple-ios	3f41820264068254428ad051fcb7b73350b276567570156059aa5a82817ec3d1	platform-inapplicable	fixture-requires-x86-64-windows-vector-abi
tests/basic_c_vector_argument_wide.c	aarch64-apple-macos	3f41820264068254428ad051fcb7b73350b276567570156059aa5a82817ec3d1	platform-inapplicable	fixture-requires-x86-64-windows-vector-abi
tests/basic_c_vector_argument_wide.c	aarch64-linux-android	3f41820264068254428ad051fcb7b73350b276567570156059aa5a82817ec3d1	platform-inapplicable	fixture-requires-x86-64-windows-vector-abi
tests/basic_c_vector_argument_wide.c	aarch64-pc-windows-msvc	3f41820264068254428ad051fcb7b73350b276567570156059aa5a82817ec3d1	platform-inapplicable	fixture-requires-x86-64-windows-vector-abi
tests/basic_c_vector_argument_wide.c	aarch64-unknown-linux-gnu	3f41820264068254428ad051fcb7b73350b276567570156059aa5a82817ec3d1	platform-inapplicable	fixture-requires-x86-64-windows-vector-abi
tests/basic_c_vector_argument_wide.c	aarch64-unknown-uefi	3f41820264068254428ad051fcb7b73350b276567570156059aa5a82817ec3d1	platform-inapplicable	fixture-requires-x86-64-windows-vector-abi
tests/basic_c_vector_argument_wide.c	x86_64-apple-ios	3f41820264068254428ad051fcb7b73350b276567570156059aa5a82817ec3d1	platform-inapplicable	fixture-requires-x86-64-windows-vector-abi
tests/basic_c_vector_argument_wide.c	x86_64-apple-macos	3f41820264068254428ad051fcb7b73350b276567570156059aa5a82817ec3d1	platform-inapplicable	fixture-requires-x86-64-windows-vector-abi
tests/basic_c_vector_argument_wide.c	x86_64-linux-android	3f41820264068254428ad051fcb7b73350b276567570156059aa5a82817ec3d1	platform-inapplicable	fixture-requires-x86-64-windows-vector-abi
tests/basic_c_vector_argument_wide.c	x86_64-unknown-linux-gnu	3f41820264068254428ad051fcb7b73350b276567570156059aa5a82817ec3d1	platform-inapplicable	fixture-requires-x86-64-windows-vector-abi
tests/basic_c_wide_vector_abi.c	aarch64-apple-ios	96473d5beb23eab706fa80f2449f62e4b8b9eea06d607a08a6aacda81616239a	platform-inapplicable	fixture-registration-is-x86-64-only
tests/basic_c_wide_vector_abi.c	aarch64-apple-macos	96473d5beb23eab706fa80f2449f62e4b8b9eea06d607a08a6aacda81616239a	platform-inapplicable	fixture-registration-is-x86-64-only
tests/basic_c_wide_vector_abi.c	aarch64-linux-android	96473d5beb23eab706fa80f2449f62e4b8b9eea06d607a08a6aacda81616239a	platform-inapplicable	fixture-registration-is-x86-64-only
tests/basic_c_wide_vector_abi.c	aarch64-pc-windows-msvc	96473d5beb23eab706fa80f2449f62e4b8b9eea06d607a08a6aacda81616239a	platform-inapplicable	fixture-registration-is-x86-64-only
tests/basic_c_wide_vector_abi.c	aarch64-unknown-linux-gnu	96473d5beb23eab706fa80f2449f62e4b8b9eea06d607a08a6aacda81616239a	platform-inapplicable	fixture-registration-is-x86-64-only
tests/basic_c_wide_vector_abi.c	aarch64-unknown-uefi	96473d5beb23eab706fa80f2449f62e4b8b9eea06d607a08a6aacda81616239a	platform-inapplicable	fixture-registration-is-x86-64-only
tests/basic_cjson_roundtrip.c	aarch64-unknown-uefi	1f528863c902c039ae3d1a9391eb5a0478d5fa60bd123b8e170a9e981c852da8	platform-inapplicable	hosted-libc-fixture-requires-hosted-target
tests/basic_cjson_roundtrip.c	x86_64-unknown-uefi	1f528863c902c039ae3d1a9391eb5a0478d5fa60bd123b8e170a9e981c852da8	platform-inapplicable	hosted-libc-fixture-requires-hosted-target
tests/basic_doom_headless.c	aarch64-unknown-uefi	874cf5201418d0232a4ab7473a907b12c5cb818406ee02072af96929cc8de7c0	platform-inapplicable	hosted-libc-fixture-requires-hosted-target
tests/basic_doom_headless.c	x86_64-unknown-uefi	874cf5201418d0232a4ab7473a907b12c5cb818406ee02072af96929cc8de7c0	platform-inapplicable	hosted-libc-fixture-requires-hosted-target
tests/basic_lz4_roundtrip.c	aarch64-unknown-uefi	98c3b203d4a6480af99370aea640ff3aba359c99222208f470dc3dac3b536edc	platform-inapplicable	hosted-libc-fixture-requires-hosted-target
tests/basic_lz4_roundtrip.c	x86_64-unknown-uefi	98c3b203d4a6480af99370aea640ff3aba359c99222208f470dc3dac3b536edc	platform-inapplicable	hosted-libc-fixture-requires-hosted-target
tests/basic_musl_freestanding.c	x86_64-linux-android	c6440cb45bf23208b5b9a8783c5c0f835dd34a75cc67fbeb80f221b5165ff8ac	platform-inapplicable	fixture-registration-is-x86-64-linux-gnu-only
tests/basic_stb_compat.c	aarch64-unknown-uefi	b27e716f2b98d05ebe7472bead41d78aac727d54872cee544a6c526ba6155a1a	platform-inapplicable	hosted-libc-fixture-requires-hosted-target
tests/basic_stb_compat.c	x86_64-unknown-uefi	b27e716f2b98d05ebe7472bead41d78aac727d54872cee544a6c526ba6155a1a	platform-inapplicable	hosted-libc-fixture-requires-hosted-target
tests/basic_yyjson_roundtrip.c	aarch64-unknown-uefi	7dd6ac4954371997382f1cc62bd9dd65b554fac4a7df5cacd527c66e14954523	platform-inapplicable	hosted-libc-fixture-requires-hosted-target
tests/basic_yyjson_roundtrip.c	x86_64-unknown-uefi	7dd6ac4954371997382f1cc62bd9dd65b554fac4a7df5cacd527c66e14954523	platform-inapplicable	hosted-libc-fixture-requires-hosted-target
tests/basic_zlib_compat.c	aarch64-unknown-uefi	e07cfcee5eb32713d3cd66a83928e1a6180769ab3c28ce5040d92ac0999482e5	platform-inapplicable	hosted-libc-fixture-requires-hosted-target
tests/basic_zlib_compat.c	x86_64-unknown-uefi	e07cfcee5eb32713d3cd66a83928e1a6180769ab3c28ce5040d92ac0999482e5	platform-inapplicable	hosted-libc-fixture-requires-hosted-target
tests/differential/abi_host.c	aarch64-apple-ios	002e2139d3ea420231ea7644516bd396f12202ed63cb137d6333e88ac2696011	platform-inapplicable	host-oracle-is-native-linux-only
tests/differential/abi_host.c	aarch64-apple-macos	002e2139d3ea420231ea7644516bd396f12202ed63cb137d6333e88ac2696011	platform-inapplicable	host-oracle-is-native-linux-only
tests/differential/abi_host.c	aarch64-linux-android	002e2139d3ea420231ea7644516bd396f12202ed63cb137d6333e88ac2696011	platform-inapplicable	host-oracle-is-native-linux-only
tests/differential/abi_host.c	aarch64-pc-windows-msvc	002e2139d3ea420231ea7644516bd396f12202ed63cb137d6333e88ac2696011	platform-inapplicable	host-oracle-is-native-linux-only
tests/differential/abi_host.c	aarch64-unknown-uefi	002e2139d3ea420231ea7644516bd396f12202ed63cb137d6333e88ac2696011	platform-inapplicable	host-oracle-is-native-linux-only
tests/differential/abi_host.c	x86_64-apple-ios	002e2139d3ea420231ea7644516bd396f12202ed63cb137d6333e88ac2696011	platform-inapplicable	host-oracle-is-native-linux-only
tests/differential/abi_host.c	x86_64-apple-macos	002e2139d3ea420231ea7644516bd396f12202ed63cb137d6333e88ac2696011	platform-inapplicable	host-oracle-is-native-linux-only
tests/differential/abi_host.c	x86_64-linux-android	002e2139d3ea420231ea7644516bd396f12202ed63cb137d6333e88ac2696011	platform-inapplicable	host-oracle-is-native-linux-only
tests/differential/abi_host.c	x86_64-pc-windows-msvc	002e2139d3ea420231ea7644516bd396f12202ed63cb137d6333e88ac2696011	platform-inapplicable	host-oracle-is-native-linux-only
tests/differential/abi_host.c	x86_64-unknown-uefi	002e2139d3ea420231ea7644516bd396f12202ed63cb137d6333e88ac2696011	platform-inapplicable	host-oracle-is-native-linux-only
tests/differential/aligned_host.c	aarch64-apple-ios	5a37fad0c8728c7a104030ec91f264291b6ca87e636a321904f40ad18ff14338	platform-inapplicable	host-oracle-is-native-linux-only
tests/differential/aligned_host.c	aarch64-apple-macos	5a37fad0c8728c7a104030ec91f264291b6ca87e636a321904f40ad18ff14338	platform-inapplicable	host-oracle-is-native-linux-only
tests/differential/aligned_host.c	aarch64-linux-android	5a37fad0c8728c7a104030ec91f264291b6ca87e636a321904f40ad18ff14338	platform-inapplicable	host-oracle-is-native-linux-only
tests/differential/aligned_host.c	aarch64-pc-windows-msvc	5a37fad0c8728c7a104030ec91f264291b6ca87e636a321904f40ad18ff14338	platform-inapplicable	host-oracle-is-native-linux-only
tests/differential/aligned_host.c	aarch64-unknown-uefi	5a37fad0c8728c7a104030ec91f264291b6ca87e636a321904f40ad18ff14338	platform-inapplicable	host-oracle-is-native-linux-only
tests/differential/aligned_host.c	x86_64-apple-ios	5a37fad0c8728c7a104030ec91f264291b6ca87e636a321904f40ad18ff14338	platform-inapplicable	host-oracle-is-native-linux-only
tests/differential/aligned_host.c	x86_64-apple-macos	5a37fad0c8728c7a104030ec91f264291b6ca87e636a321904f40ad18ff14338	platform-inapplicable	host-oracle-is-native-linux-only
tests/differential/aligned_host.c	x86_64-linux-android	5a37fad0c8728c7a104030ec91f264291b6ca87e636a321904f40ad18ff14338	platform-inapplicable	host-oracle-is-native-linux-only
tests/differential/aligned_host.c	x86_64-pc-windows-msvc	5a37fad0c8728c7a104030ec91f264291b6ca87e636a321904f40ad18ff14338	platform-inapplicable	host-oracle-is-native-linux-only
tests/differential/aligned_host.c	x86_64-unknown-uefi	5a37fad0c8728c7a104030ec91f264291b6ca87e636a321904f40ad18ff14338	platform-inapplicable	host-oracle-is-native-linux-only
tests/differential/clear_cache_host.c	aarch64-apple-ios	1819127f28a6aa982d8150d263d6099d496c6eae6a547986dd35f33e5db8d3dd	platform-inapplicable	host-oracle-is-native-linux-only
tests/differential/clear_cache_host.c	aarch64-apple-macos	1819127f28a6aa982d8150d263d6099d496c6eae6a547986dd35f33e5db8d3dd	platform-inapplicable	host-oracle-is-native-linux-only
tests/differential/clear_cache_host.c	aarch64-linux-android	1819127f28a6aa982d8150d263d6099d496c6eae6a547986dd35f33e5db8d3dd	platform-inapplicable	host-oracle-is-native-linux-only
tests/differential/clear_cache_host.c	aarch64-pc-windows-msvc	1819127f28a6aa982d8150d263d6099d496c6eae6a547986dd35f33e5db8d3dd	platform-inapplicable	host-oracle-is-native-linux-only
tests/differential/clear_cache_host.c	aarch64-unknown-uefi	1819127f28a6aa982d8150d263d6099d496c6eae6a547986dd35f33e5db8d3dd	platform-inapplicable	host-oracle-is-native-linux-only
tests/differential/clear_cache_host.c	x86_64-apple-ios	1819127f28a6aa982d8150d263d6099d496c6eae6a547986dd35f33e5db8d3dd	platform-inapplicable	host-oracle-is-native-linux-only
tests/differential/clear_cache_host.c	x86_64-apple-macos	1819127f28a6aa982d8150d263d6099d496c6eae6a547986dd35f33e5db8d3dd	platform-inapplicable	host-oracle-is-native-linux-only
tests/differential/clear_cache_host.c	x86_64-linux-android	1819127f28a6aa982d8150d263d6099d496c6eae6a547986dd35f33e5db8d3dd	platform-inapplicable	host-oracle-is-native-linux-only
tests/differential/clear_cache_host.c	x86_64-pc-windows-msvc	1819127f28a6aa982d8150d263d6099d496c6eae6a547986dd35f33e5db8d3dd	platform-inapplicable	host-oracle-is-native-linux-only
tests/differential/clear_cache_host.c	x86_64-unknown-uefi	1819127f28a6aa982d8150d263d6099d496c6eae6a547986dd35f33e5db8d3dd	platform-inapplicable	host-oracle-is-native-linux-only
tests/differential/cpu_queries_host.c	aarch64-apple-ios	82e35d636aeae8356d395d25f06427629b535e6d997467fcb2e846d23ee541a9	platform-inapplicable	host-oracle-is-native-linux-only
tests/differential/cpu_queries_host.c	aarch64-apple-macos	82e35d636aeae8356d395d25f06427629b535e6d997467fcb2e846d23ee541a9	platform-inapplicable	host-oracle-is-native-linux-only
tests/differential/cpu_queries_host.c	aarch64-linux-android	82e35d636aeae8356d395d25f06427629b535e6d997467fcb2e846d23ee541a9	platform-inapplicable	host-oracle-is-native-linux-only
tests/differential/cpu_queries_host.c	aarch64-pc-windows-msvc	82e35d636aeae8356d395d25f06427629b535e6d997467fcb2e846d23ee541a9	platform-inapplicable	host-oracle-is-native-linux-only
tests/differential/cpu_queries_host.c	aarch64-unknown-uefi	82e35d636aeae8356d395d25f06427629b535e6d997467fcb2e846d23ee541a9	platform-inapplicable	host-oracle-is-native-linux-only
tests/differential/cpu_queries_host.c	x86_64-apple-ios	82e35d636aeae8356d395d25f06427629b535e6d997467fcb2e846d23ee541a9	platform-inapplicable	host-oracle-is-native-linux-only
tests/differential/cpu_queries_host.c	x86_64-apple-macos	82e35d636aeae8356d395d25f06427629b535e6d997467fcb2e846d23ee541a9	platform-inapplicable	host-oracle-is-native-linux-only
tests/differential/cpu_queries_host.c	x86_64-linux-android	82e35d636aeae8356d395d25f06427629b535e6d997467fcb2e846d23ee541a9	platform-inapplicable	host-oracle-is-native-linux-only
tests/differential/cpu_queries_host.c	x86_64-pc-windows-msvc	82e35d636aeae8356d395d25f06427629b535e6d997467fcb2e846d23ee541a9	platform-inapplicable	host-oracle-is-native-linux-only
tests/differential/cpu_queries_host.c	x86_64-unknown-linux-gnu	82e35d636aeae8356d395d25f06427629b535e6d997467fcb2e846d23ee541a9	platform-inapplicable	host-oracle-is-native-linux-only
tests/differential/cpu_queries_host.c	x86_64-unknown-uefi	82e35d636aeae8356d395d25f06427629b535e6d997467fcb2e846d23ee541a9	platform-inapplicable	host-oracle-is-native-linux-only
tests/differential/native_aggregate_host.c	aarch64-apple-ios	872792b2e3e6e22cfbc81365b5509c9bf30c45c2274e0eb6cbb738160c0be1a2	platform-inapplicable	host-oracle-is-native-linux-only
tests/differential/native_aggregate_host.c	aarch64-apple-macos	872792b2e3e6e22cfbc81365b5509c9bf30c45c2274e0eb6cbb738160c0be1a2	platform-inapplicable	host-oracle-is-native-linux-only
tests/differential/native_aggregate_host.c	aarch64-linux-android	872792b2e3e6e22cfbc81365b5509c9bf30c45c2274e0eb6cbb738160c0be1a2	platform-inapplicable	host-oracle-is-native-linux-only
tests/differential/native_aggregate_host.c	aarch64-pc-windows-msvc	872792b2e3e6e22cfbc81365b5509c9bf30c45c2274e0eb6cbb738160c0be1a2	platform-inapplicable	host-oracle-is-native-linux-only
tests/differential/native_aggregate_host.c	aarch64-unknown-uefi	872792b2e3e6e22cfbc81365b5509c9bf30c45c2274e0eb6cbb738160c0be1a2	platform-inapplicable	host-oracle-is-native-linux-only
tests/differential/native_aggregate_host.c	x86_64-apple-ios	872792b2e3e6e22cfbc81365b5509c9bf30c45c2274e0eb6cbb738160c0be1a2	platform-inapplicable	host-oracle-is-native-linux-only
tests/differential/native_aggregate_host.c	x86_64-apple-macos	872792b2e3e6e22cfbc81365b5509c9bf30c45c2274e0eb6cbb738160c0be1a2	platform-inapplicable	host-oracle-is-native-linux-only
tests/differential/native_aggregate_host.c	x86_64-linux-android	872792b2e3e6e22cfbc81365b5509c9bf30c45c2274e0eb6cbb738160c0be1a2	platform-inapplicable	host-oracle-is-native-linux-only
tests/differential/native_aggregate_host.c	x86_64-pc-windows-msvc	872792b2e3e6e22cfbc81365b5509c9bf30c45c2274e0eb6cbb738160c0be1a2	platform-inapplicable	host-oracle-is-native-linux-only
tests/differential/native_aggregate_host.c	x86_64-unknown-uefi	872792b2e3e6e22cfbc81365b5509c9bf30c45c2274e0eb6cbb738160c0be1a2	platform-inapplicable	host-oracle-is-native-linux-only
tests/differential/native_variadic_host.c	aarch64-apple-ios	b817f5b87001c4fd85403e608f4d3834b8e2637fba8188da554310e3679037e4	platform-inapplicable	host-oracle-is-native-linux-only
tests/differential/native_variadic_host.c	aarch64-apple-macos	b817f5b87001c4fd85403e608f4d3834b8e2637fba8188da554310e3679037e4	platform-inapplicable	host-oracle-is-native-linux-only
tests/differential/native_variadic_host.c	aarch64-linux-android	b817f5b87001c4fd85403e608f4d3834b8e2637fba8188da554310e3679037e4	platform-inapplicable	host-oracle-is-native-linux-only
tests/differential/native_variadic_host.c	aarch64-pc-windows-msvc	b817f5b87001c4fd85403e608f4d3834b8e2637fba8188da554310e3679037e4	platform-inapplicable	host-oracle-is-native-linux-only
tests/differential/native_variadic_host.c	aarch64-unknown-uefi	b817f5b87001c4fd85403e608f4d3834b8e2637fba8188da554310e3679037e4	platform-inapplicable	host-oracle-is-native-linux-only
tests/differential/native_variadic_host.c	x86_64-apple-ios	b817f5b87001c4fd85403e608f4d3834b8e2637fba8188da554310e3679037e4	platform-inapplicable	host-oracle-is-native-linux-only
tests/differential/native_variadic_host.c	x86_64-apple-macos	b817f5b87001c4fd85403e608f4d3834b8e2637fba8188da554310e3679037e4	platform-inapplicable	host-oracle-is-native-linux-only
tests/differential/native_variadic_host.c	x86_64-linux-android	b817f5b87001c4fd85403e608f4d3834b8e2637fba8188da554310e3679037e4	platform-inapplicable	host-oracle-is-native-linux-only
tests/differential/native_variadic_host.c	x86_64-pc-windows-msvc	b817f5b87001c4fd85403e608f4d3834b8e2637fba8188da554310e3679037e4	platform-inapplicable	host-oracle-is-native-linux-only
tests/differential/native_variadic_host.c	x86_64-unknown-uefi	b817f5b87001c4fd85403e608f4d3834b8e2637fba8188da554310e3679037e4	platform-inapplicable	host-oracle-is-native-linux-only
tests/differential/qualified_aggregate_host.c	aarch64-apple-ios	f98ecee66fd9d2008cc4310b73938574a3fc228124da3ce5078c3a5af8cb57c7	platform-inapplicable	host-oracle-is-native-linux-only
tests/differential/qualified_aggregate_host.c	aarch64-apple-macos	f98ecee66fd9d2008cc4310b73938574a3fc228124da3ce5078c3a5af8cb57c7	platform-inapplicable	host-oracle-is-native-linux-only
tests/differential/qualified_aggregate_host.c	aarch64-linux-android	f98ecee66fd9d2008cc4310b73938574a3fc228124da3ce5078c3a5af8cb57c7	platform-inapplicable	host-oracle-is-native-linux-only
tests/differential/qualified_aggregate_host.c	aarch64-pc-windows-msvc	f98ecee66fd9d2008cc4310b73938574a3fc228124da3ce5078c3a5af8cb57c7	platform-inapplicable	host-oracle-is-native-linux-only
tests/differential/qualified_aggregate_host.c	aarch64-unknown-uefi	f98ecee66fd9d2008cc4310b73938574a3fc228124da3ce5078c3a5af8cb57c7	platform-inapplicable	host-oracle-is-native-linux-only
tests/differential/qualified_aggregate_host.c	x86_64-apple-ios	f98ecee66fd9d2008cc4310b73938574a3fc228124da3ce5078c3a5af8cb57c7	platform-inapplicable	host-oracle-is-native-linux-only
tests/differential/qualified_aggregate_host.c	x86_64-apple-macos	f98ecee66fd9d2008cc4310b73938574a3fc228124da3ce5078c3a5af8cb57c7	platform-inapplicable	host-oracle-is-native-linux-only
tests/differential/qualified_aggregate_host.c	x86_64-linux-android	f98ecee66fd9d2008cc4310b73938574a3fc228124da3ce5078c3a5af8cb57c7	platform-inapplicable	host-oracle-is-native-linux-only
tests/differential/qualified_aggregate_host.c	x86_64-pc-windows-msvc	f98ecee66fd9d2008cc4310b73938574a3fc228124da3ce5078c3a5af8cb57c7	platform-inapplicable	host-oracle-is-native-linux-only
tests/differential/qualified_aggregate_host.c	x86_64-unknown-uefi	f98ecee66fd9d2008cc4310b73938574a3fc228124da3ce5078c3a5af8cb57c7	platform-inapplicable	host-oracle-is-native-linux-only
tests/differential/switch_unsigned_host.c	aarch64-apple-ios	9178d08f4a9712376dc30fc87f5b8c049ccdca2e275eb5555cac0cdb7b68fe4b	platform-inapplicable	host-oracle-is-native-linux-only
tests/differential/switch_unsigned_host.c	aarch64-apple-macos	9178d08f4a9712376dc30fc87f5b8c049ccdca2e275eb5555cac0cdb7b68fe4b	platform-inapplicable	host-oracle-is-native-linux-only
tests/differential/switch_unsigned_host.c	aarch64-linux-android	9178d08f4a9712376dc30fc87f5b8c049ccdca2e275eb5555cac0cdb7b68fe4b	platform-inapplicable	host-oracle-is-native-linux-only
tests/differential/switch_unsigned_host.c	aarch64-pc-windows-msvc	9178d08f4a9712376dc30fc87f5b8c049ccdca2e275eb5555cac0cdb7b68fe4b	platform-inapplicable	host-oracle-is-native-linux-only
tests/differential/switch_unsigned_host.c	aarch64-unknown-uefi	9178d08f4a9712376dc30fc87f5b8c049ccdca2e275eb5555cac0cdb7b68fe4b	platform-inapplicable	host-oracle-is-native-linux-only
tests/differential/switch_unsigned_host.c	x86_64-apple-ios	9178d08f4a9712376dc30fc87f5b8c049ccdca2e275eb5555cac0cdb7b68fe4b	platform-inapplicable	host-oracle-is-native-linux-only
tests/differential/switch_unsigned_host.c	x86_64-apple-macos	9178d08f4a9712376dc30fc87f5b8c049ccdca2e275eb5555cac0cdb7b68fe4b	platform-inapplicable	host-oracle-is-native-linux-only
tests/differential/switch_unsigned_host.c	x86_64-linux-android	9178d08f4a9712376dc30fc87f5b8c049ccdca2e275eb5555cac0cdb7b68fe4b	platform-inapplicable	host-oracle-is-native-linux-only
tests/differential/switch_unsigned_host.c	x86_64-pc-windows-msvc	9178d08f4a9712376dc30fc87f5b8c049ccdca2e275eb5555cac0cdb7b68fe4b	platform-inapplicable	host-oracle-is-native-linux-only
tests/differential/switch_unsigned_host.c	x86_64-unknown-uefi	9178d08f4a9712376dc30fc87f5b8c049ccdca2e275eb5555cac0cdb7b68fe4b	platform-inapplicable	host-oracle-is-native-linux-only
tests/differential/win64_aligned.c	aarch64-apple-ios	9c743e3d644aa09769b3ec3d07fd93c1a0668cb3313dbcc1e9e2f3d566fd96c3	platform-inapplicable	fixture-requires-win64-abi
tests/differential/win64_aligned.c	aarch64-apple-macos	9c743e3d644aa09769b3ec3d07fd93c1a0668cb3313dbcc1e9e2f3d566fd96c3	platform-inapplicable	fixture-requires-win64-abi
tests/differential/win64_aligned.c	aarch64-pc-windows-msvc	9c743e3d644aa09769b3ec3d07fd93c1a0668cb3313dbcc1e9e2f3d566fd96c3	platform-inapplicable	fixture-requires-win64-abi
tests/differential/win64_aligned.c	x86_64-apple-ios	9c743e3d644aa09769b3ec3d07fd93c1a0668cb3313dbcc1e9e2f3d566fd96c3	platform-inapplicable	fixture-requires-win64-abi
tests/differential/win64_aligned.c	x86_64-apple-macos	9c743e3d644aa09769b3ec3d07fd93c1a0668cb3313dbcc1e9e2f3d566fd96c3	platform-inapplicable	fixture-requires-win64-abi
tests/differential/win64_aligned.c	x86_64-linux-android	9c743e3d644aa09769b3ec3d07fd93c1a0668cb3313dbcc1e9e2f3d566fd96c3	platform-inapplicable	fixture-requires-win64-abi
tests/differential/win64_aligned.c	x86_64-unknown-linux-gnu	9c743e3d644aa09769b3ec3d07fd93c1a0668cb3313dbcc1e9e2f3d566fd96c3	platform-inapplicable	fixture-requires-win64-abi
tests/differential/win64_vector.c	aarch64-apple-ios	7f746a9329daefc8dfd28c937200381ef526efb19e9cac70edfeb82df9230c68	platform-inapplicable	fixture-requires-win64-abi
tests/differential/win64_vector.c	aarch64-apple-macos	7f746a9329daefc8dfd28c937200381ef526efb19e9cac70edfeb82df9230c68	platform-inapplicable	fixture-requires-win64-abi
tests/differential/win64_vector.c	aarch64-linux-android	7f746a9329daefc8dfd28c937200381ef526efb19e9cac70edfeb82df9230c68	platform-inapplicable	fixture-requires-win64-abi
tests/differential/win64_vector.c	aarch64-pc-windows-msvc	7f746a9329daefc8dfd28c937200381ef526efb19e9cac70edfeb82df9230c68	platform-inapplicable	fixture-requires-win64-abi
tests/differential/win64_vector.c	aarch64-unknown-linux-gnu	7f746a9329daefc8dfd28c937200381ef526efb19e9cac70edfeb82df9230c68	platform-inapplicable	fixture-requires-win64-abi
tests/differential/win64_vector.c	aarch64-unknown-uefi	7f746a9329daefc8dfd28c937200381ef526efb19e9cac70edfeb82df9230c68	platform-inapplicable	fixture-requires-win64-abi
tests/differential/win64_wide.c	aarch64-apple-ios	f316abe1fbc0056170d1efde3183465e0ee7306bec2ff8e2d61fcb623ba3d0af	platform-inapplicable	fixture-requires-win64-abi
tests/differential/win64_wide.c	aarch64-apple-macos	f316abe1fbc0056170d1efde3183465e0ee7306bec2ff8e2d61fcb623ba3d0af	platform-inapplicable	fixture-requires-win64-abi
tests/differential/win64_wide.c	aarch64-pc-windows-msvc	f316abe1fbc0056170d1efde3183465e0ee7306bec2ff8e2d61fcb623ba3d0af	platform-inapplicable	fixture-requires-win64-abi
tests/host_aarch64_float_to_f128.c	aarch64-apple-ios	0c566983b8fd8c56248b49e2391200dbecb710c5baa205f87017bcb9284e2046	admitted-supported	applicable-candidate-residual
tests/host_aarch64_float_to_f128.c	aarch64-apple-macos	0c566983b8fd8c56248b49e2391200dbecb710c5baa205f87017bcb9284e2046	admitted-supported	applicable-candidate-residual
tests/host_aarch64_float_to_f128.c	aarch64-linux-android	0c566983b8fd8c56248b49e2391200dbecb710c5baa205f87017bcb9284e2046	admitted-supported	applicable-candidate-residual
tests/host_aarch64_float_to_f128.c	aarch64-pc-windows-msvc	0c566983b8fd8c56248b49e2391200dbecb710c5baa205f87017bcb9284e2046	admitted-supported	applicable-candidate-residual
tests/host_aarch64_float_to_f128.c	aarch64-unknown-linux-gnu	0c566983b8fd8c56248b49e2391200dbecb710c5baa205f87017bcb9284e2046	admitted-supported	applicable-candidate-residual
tests/host_aarch64_float_to_f128.c	aarch64-unknown-uefi	0c566983b8fd8c56248b49e2391200dbecb710c5baa205f87017bcb9284e2046	admitted-supported	applicable-candidate-residual
tests/host_aarch64_float_to_f128.c	x86_64-apple-ios	0c566983b8fd8c56248b49e2391200dbecb710c5baa205f87017bcb9284e2046	platform-inapplicable	host-oracle-requires-aarch64-target
tests/host_aarch64_float_to_f128.c	x86_64-apple-macos	0c566983b8fd8c56248b49e2391200dbecb710c5baa205f87017bcb9284e2046	platform-inapplicable	host-oracle-requires-aarch64-target
tests/host_aarch64_float_to_f128.c	x86_64-linux-android	0c566983b8fd8c56248b49e2391200dbecb710c5baa205f87017bcb9284e2046	platform-inapplicable	host-oracle-requires-aarch64-target
tests/host_aarch64_float_to_f128.c	x86_64-pc-windows-msvc	0c566983b8fd8c56248b49e2391200dbecb710c5baa205f87017bcb9284e2046	platform-inapplicable	host-oracle-requires-aarch64-target
tests/host_aarch64_float_to_f128.c	x86_64-unknown-linux-gnu	0c566983b8fd8c56248b49e2391200dbecb710c5baa205f87017bcb9284e2046	platform-inapplicable	host-oracle-requires-aarch64-target
tests/host_aarch64_float_to_f128.c	x86_64-unknown-uefi	0c566983b8fd8c56248b49e2391200dbecb710c5baa205f87017bcb9284e2046	platform-inapplicable	host-oracle-requires-aarch64-target
tests/host_atomic_pair_contention.c	aarch64-apple-ios	754c9851c46af39c01fcd6432cc376e479c8654013c53bab1b2c9652093019c5	platform-inapplicable	host-harness-is-linux-posix-only
tests/host_atomic_pair_contention.c	aarch64-apple-macos	754c9851c46af39c01fcd6432cc376e479c8654013c53bab1b2c9652093019c5	platform-inapplicable	host-harness-is-linux-posix-only
tests/host_atomic_pair_contention.c	aarch64-linux-android	754c9851c46af39c01fcd6432cc376e479c8654013c53bab1b2c9652093019c5	platform-inapplicable	host-harness-is-linux-posix-only
tests/host_atomic_pair_contention.c	aarch64-pc-windows-msvc	754c9851c46af39c01fcd6432cc376e479c8654013c53bab1b2c9652093019c5	platform-inapplicable	host-harness-is-linux-posix-only
tests/host_atomic_pair_contention.c	aarch64-unknown-linux-gnu	754c9851c46af39c01fcd6432cc376e479c8654013c53bab1b2c9652093019c5	platform-inapplicable	host-harness-is-linux-posix-only
tests/host_atomic_pair_contention.c	aarch64-unknown-uefi	754c9851c46af39c01fcd6432cc376e479c8654013c53bab1b2c9652093019c5	platform-inapplicable	host-harness-is-linux-posix-only
tests/host_atomic_pair_contention.c	x86_64-apple-ios	754c9851c46af39c01fcd6432cc376e479c8654013c53bab1b2c9652093019c5	platform-inapplicable	host-harness-is-linux-posix-only
tests/host_atomic_pair_contention.c	x86_64-apple-macos	754c9851c46af39c01fcd6432cc376e479c8654013c53bab1b2c9652093019c5	platform-inapplicable	host-harness-is-linux-posix-only
tests/host_atomic_pair_contention.c	x86_64-linux-android	754c9851c46af39c01fcd6432cc376e479c8654013c53bab1b2c9652093019c5	platform-inapplicable	host-harness-is-linux-posix-only
tests/host_atomic_pair_contention.c	x86_64-pc-windows-msvc	754c9851c46af39c01fcd6432cc376e479c8654013c53bab1b2c9652093019c5	platform-inapplicable	host-harness-is-linux-posix-only
tests/host_atomic_pair_contention.c	x86_64-unknown-linux-gnu	754c9851c46af39c01fcd6432cc376e479c8654013c53bab1b2c9652093019c5	platform-inapplicable	host-harness-out-of-scope
tests/host_atomic_pair_contention.c	x86_64-unknown-uefi	754c9851c46af39c01fcd6432cc376e479c8654013c53bab1b2c9652093019c5	platform-inapplicable	host-harness-is-linux-posix-only
tests/host_frame_vectors.c	aarch64-apple-ios	a2e83d1311529dc6253bd442ae587b5cd08e5a243694a82f8816441a03cb412f	platform-inapplicable	host-oracle-is-native-linux-only
tests/host_frame_vectors.c	aarch64-apple-macos	a2e83d1311529dc6253bd442ae587b5cd08e5a243694a82f8816441a03cb412f	platform-inapplicable	host-oracle-is-native-linux-only
tests/host_frame_vectors.c	aarch64-linux-android	a2e83d1311529dc6253bd442ae587b5cd08e5a243694a82f8816441a03cb412f	platform-inapplicable	host-oracle-is-native-linux-only
tests/host_frame_vectors.c	aarch64-pc-windows-msvc	a2e83d1311529dc6253bd442ae587b5cd08e5a243694a82f8816441a03cb412f	platform-inapplicable	host-oracle-is-native-linux-only
tests/host_frame_vectors.c	aarch64-unknown-uefi	a2e83d1311529dc6253bd442ae587b5cd08e5a243694a82f8816441a03cb412f	platform-inapplicable	host-oracle-is-native-linux-only
tests/host_frame_vectors.c	x86_64-apple-ios	a2e83d1311529dc6253bd442ae587b5cd08e5a243694a82f8816441a03cb412f	platform-inapplicable	host-oracle-is-native-linux-only
tests/host_frame_vectors.c	x86_64-apple-macos	a2e83d1311529dc6253bd442ae587b5cd08e5a243694a82f8816441a03cb412f	platform-inapplicable	host-oracle-is-native-linux-only
tests/host_frame_vectors.c	x86_64-linux-android	a2e83d1311529dc6253bd442ae587b5cd08e5a243694a82f8816441a03cb412f	platform-inapplicable	host-oracle-is-native-linux-only
tests/host_frame_vectors.c	x86_64-pc-windows-msvc	a2e83d1311529dc6253bd442ae587b5cd08e5a243694a82f8816441a03cb412f	platform-inapplicable	host-oracle-is-native-linux-only
tests/host_frame_vectors.c	x86_64-unknown-uefi	a2e83d1311529dc6253bd442ae587b5cd08e5a243694a82f8816441a03cb412f	platform-inapplicable	host-oracle-is-native-linux-only
tests/host_signbit_images.c	aarch64-apple-ios	b351dac0d27fff0cd1deae8977b1efc7a706a92e4e487619e32fa72e1dbb02ee	platform-inapplicable	host-oracle-is-native-linux-only
tests/host_signbit_images.c	aarch64-apple-macos	b351dac0d27fff0cd1deae8977b1efc7a706a92e4e487619e32fa72e1dbb02ee	platform-inapplicable	host-oracle-is-native-linux-only
tests/host_signbit_images.c	aarch64-linux-android	b351dac0d27fff0cd1deae8977b1efc7a706a92e4e487619e32fa72e1dbb02ee	platform-inapplicable	host-oracle-is-native-linux-only
tests/host_signbit_images.c	aarch64-pc-windows-msvc	b351dac0d27fff0cd1deae8977b1efc7a706a92e4e487619e32fa72e1dbb02ee	platform-inapplicable	host-oracle-is-native-linux-only
tests/host_signbit_images.c	aarch64-unknown-uefi	b351dac0d27fff0cd1deae8977b1efc7a706a92e4e487619e32fa72e1dbb02ee	platform-inapplicable	host-oracle-is-native-linux-only
tests/host_signbit_images.c	x86_64-apple-ios	b351dac0d27fff0cd1deae8977b1efc7a706a92e4e487619e32fa72e1dbb02ee	platform-inapplicable	host-oracle-is-native-linux-only
tests/host_signbit_images.c	x86_64-apple-macos	b351dac0d27fff0cd1deae8977b1efc7a706a92e4e487619e32fa72e1dbb02ee	platform-inapplicable	host-oracle-is-native-linux-only
tests/host_signbit_images.c	x86_64-linux-android	b351dac0d27fff0cd1deae8977b1efc7a706a92e4e487619e32fa72e1dbb02ee	platform-inapplicable	host-oracle-is-native-linux-only
tests/host_signbit_images.c	x86_64-pc-windows-msvc	b351dac0d27fff0cd1deae8977b1efc7a706a92e4e487619e32fa72e1dbb02ee	platform-inapplicable	host-oracle-is-native-linux-only
tests/host_signbit_images.c	x86_64-unknown-uefi	b351dac0d27fff0cd1deae8977b1efc7a706a92e4e487619e32fa72e1dbb02ee	platform-inapplicable	host-oracle-is-native-linux-only
tests/host_sysv_sseup.c	aarch64-apple-ios	f1a9be0aa226d95a83a02bf27af0c1c13817241909905698fa3fc145e920faef	platform-inapplicable	host-oracle-is-native-linux-only
tests/host_sysv_sseup.c	aarch64-apple-macos	f1a9be0aa226d95a83a02bf27af0c1c13817241909905698fa3fc145e920faef	platform-inapplicable	host-oracle-is-native-linux-only
tests/host_sysv_sseup.c	aarch64-linux-android	f1a9be0aa226d95a83a02bf27af0c1c13817241909905698fa3fc145e920faef	platform-inapplicable	host-oracle-is-native-linux-only
tests/host_sysv_sseup.c	aarch64-pc-windows-msvc	f1a9be0aa226d95a83a02bf27af0c1c13817241909905698fa3fc145e920faef	platform-inapplicable	host-oracle-is-native-linux-only
tests/host_sysv_sseup.c	aarch64-unknown-uefi	f1a9be0aa226d95a83a02bf27af0c1c13817241909905698fa3fc145e920faef	platform-inapplicable	host-oracle-is-native-linux-only
tests/host_sysv_sseup.c	x86_64-apple-ios	f1a9be0aa226d95a83a02bf27af0c1c13817241909905698fa3fc145e920faef	platform-inapplicable	host-oracle-is-native-linux-only
tests/host_sysv_sseup.c	x86_64-apple-macos	f1a9be0aa226d95a83a02bf27af0c1c13817241909905698fa3fc145e920faef	platform-inapplicable	host-oracle-is-native-linux-only
tests/host_sysv_sseup.c	x86_64-linux-android	f1a9be0aa226d95a83a02bf27af0c1c13817241909905698fa3fc145e920faef	platform-inapplicable	host-oracle-is-native-linux-only
tests/host_sysv_sseup.c	x86_64-pc-windows-msvc	f1a9be0aa226d95a83a02bf27af0c1c13817241909905698fa3fc145e920faef	platform-inapplicable	host-oracle-is-native-linux-only
tests/host_sysv_sseup.c	x86_64-unknown-uefi	f1a9be0aa226d95a83a02bf27af0c1c13817241909905698fa3fc145e920faef	platform-inapplicable	host-oracle-is-native-linux-only
tests/host_sysv_unnamed_bitfields.c	aarch64-apple-ios	1f06b21dd00b2a906e1190b242c75bcfdc35e3e9794e5d8d6903dbecbd6fc80b	platform-inapplicable	fixture-is-host-compiler-only-abi-observer
tests/host_sysv_unnamed_bitfields.c	aarch64-apple-macos	1f06b21dd00b2a906e1190b242c75bcfdc35e3e9794e5d8d6903dbecbd6fc80b	platform-inapplicable	fixture-is-host-compiler-only-abi-observer
tests/host_sysv_unnamed_bitfields.c	aarch64-linux-android	1f06b21dd00b2a906e1190b242c75bcfdc35e3e9794e5d8d6903dbecbd6fc80b	platform-inapplicable	fixture-is-host-compiler-only-abi-observer
tests/host_sysv_unnamed_bitfields.c	aarch64-pc-windows-msvc	1f06b21dd00b2a906e1190b242c75bcfdc35e3e9794e5d8d6903dbecbd6fc80b	platform-inapplicable	fixture-is-host-compiler-only-abi-observer
tests/host_sysv_unnamed_bitfields.c	aarch64-unknown-linux-gnu	1f06b21dd00b2a906e1190b242c75bcfdc35e3e9794e5d8d6903dbecbd6fc80b	platform-inapplicable	fixture-is-host-compiler-only-abi-observer
tests/host_sysv_unnamed_bitfields.c	aarch64-unknown-uefi	1f06b21dd00b2a906e1190b242c75bcfdc35e3e9794e5d8d6903dbecbd6fc80b	platform-inapplicable	fixture-is-host-compiler-only-abi-observer
tests/host_sysv_unnamed_bitfields.c	x86_64-apple-ios	1f06b21dd00b2a906e1190b242c75bcfdc35e3e9794e5d8d6903dbecbd6fc80b	platform-inapplicable	fixture-is-host-compiler-only-abi-observer
tests/host_sysv_unnamed_bitfields.c	x86_64-apple-macos	1f06b21dd00b2a906e1190b242c75bcfdc35e3e9794e5d8d6903dbecbd6fc80b	platform-inapplicable	fixture-is-host-compiler-only-abi-observer
tests/host_sysv_unnamed_bitfields.c	x86_64-linux-android	1f06b21dd00b2a906e1190b242c75bcfdc35e3e9794e5d8d6903dbecbd6fc80b	platform-inapplicable	fixture-is-host-compiler-only-abi-observer
tests/host_sysv_unnamed_bitfields.c	x86_64-pc-windows-msvc	1f06b21dd00b2a906e1190b242c75bcfdc35e3e9794e5d8d6903dbecbd6fc80b	platform-inapplicable	fixture-is-host-compiler-only-abi-observer
tests/host_sysv_unnamed_bitfields.c	x86_64-unknown-linux-gnu	1f06b21dd00b2a906e1190b242c75bcfdc35e3e9794e5d8d6903dbecbd6fc80b	platform-inapplicable	fixture-is-host-compiler-only-abi-observer
tests/host_sysv_unnamed_bitfields.c	x86_64-unknown-uefi	1f06b21dd00b2a906e1190b242c75bcfdc35e3e9794e5d8d6903dbecbd6fc80b	platform-inapplicable	fixture-is-host-compiler-only-abi-observer
tests/host_vector_joins.c	aarch64-apple-ios	a402c34b17e493915736c9b70e6e2bd5a6837d09b40e64fed874b58676c34cc1	platform-inapplicable	host-oracle-is-native-linux-only
tests/host_vector_joins.c	aarch64-apple-macos	a402c34b17e493915736c9b70e6e2bd5a6837d09b40e64fed874b58676c34cc1	platform-inapplicable	host-oracle-is-native-linux-only
tests/host_vector_joins.c	aarch64-linux-android	a402c34b17e493915736c9b70e6e2bd5a6837d09b40e64fed874b58676c34cc1	platform-inapplicable	host-oracle-is-native-linux-only
tests/host_vector_joins.c	aarch64-pc-windows-msvc	a402c34b17e493915736c9b70e6e2bd5a6837d09b40e64fed874b58676c34cc1	platform-inapplicable	host-oracle-is-native-linux-only
tests/host_vector_joins.c	aarch64-unknown-uefi	a402c34b17e493915736c9b70e6e2bd5a6837d09b40e64fed874b58676c34cc1	platform-inapplicable	host-oracle-is-native-linux-only
tests/host_vector_joins.c	x86_64-apple-ios	a402c34b17e493915736c9b70e6e2bd5a6837d09b40e64fed874b58676c34cc1	platform-inapplicable	host-oracle-is-native-linux-only
tests/host_vector_joins.c	x86_64-apple-macos	a402c34b17e493915736c9b70e6e2bd5a6837d09b40e64fed874b58676c34cc1	platform-inapplicable	host-oracle-is-native-linux-only
tests/host_vector_joins.c	x86_64-linux-android	a402c34b17e493915736c9b70e6e2bd5a6837d09b40e64fed874b58676c34cc1	platform-inapplicable	host-oracle-is-native-linux-only
tests/host_vector_joins.c	x86_64-pc-windows-msvc	a402c34b17e493915736c9b70e6e2bd5a6837d09b40e64fed874b58676c34cc1	platform-inapplicable	host-oracle-is-native-linux-only
tests/host_vector_joins.c	x86_64-unknown-uefi	a402c34b17e493915736c9b70e6e2bd5a6837d09b40e64fed874b58676c34cc1	platform-inapplicable	host-oracle-is-native-linux-only
tests/issue36_target_wchar.c	aarch64-unknown-uefi	896812a89b6f3c0916ee7a3e35ec905e01b1e4bfdd684a4fba954bb57e4403aa	platform-inapplicable	fixture-requires-hosted-wchar-abi
tests/issue36_target_wchar.c	x86_64-unknown-uefi	896812a89b6f3c0916ee7a3e35ec905e01b1e4bfdd684a4fba954bb57e4403aa	platform-inapplicable	fixture-requires-hosted-wchar-abi
tests/uefi_boot.c	aarch64-apple-ios	66a843b7c5e9173ef8bc57125d0f4966f40a63982cc111544dcd87aa96c4d93b	platform-inapplicable	fixture-requires-uefi-target
tests/uefi_boot.c	aarch64-apple-macos	66a843b7c5e9173ef8bc57125d0f4966f40a63982cc111544dcd87aa96c4d93b	platform-inapplicable	fixture-requires-uefi-target
tests/uefi_boot.c	aarch64-linux-android	66a843b7c5e9173ef8bc57125d0f4966f40a63982cc111544dcd87aa96c4d93b	platform-inapplicable	fixture-requires-uefi-target
tests/uefi_boot.c	aarch64-pc-windows-msvc	66a843b7c5e9173ef8bc57125d0f4966f40a63982cc111544dcd87aa96c4d93b	platform-inapplicable	fixture-requires-uefi-target
tests/uefi_boot.c	aarch64-unknown-linux-gnu	66a843b7c5e9173ef8bc57125d0f4966f40a63982cc111544dcd87aa96c4d93b	platform-inapplicable	fixture-requires-uefi-target
tests/uefi_boot.c	x86_64-apple-ios	66a843b7c5e9173ef8bc57125d0f4966f40a63982cc111544dcd87aa96c4d93b	platform-inapplicable	fixture-requires-uefi-target
tests/uefi_boot.c	x86_64-apple-macos	66a843b7c5e9173ef8bc57125d0f4966f40a63982cc111544dcd87aa96c4d93b	platform-inapplicable	fixture-requires-uefi-target
tests/uefi_boot.c	x86_64-linux-android	66a843b7c5e9173ef8bc57125d0f4966f40a63982cc111544dcd87aa96c4d93b	platform-inapplicable	fixture-requires-uefi-target
tests/uefi_boot.c	x86_64-pc-windows-msvc	66a843b7c5e9173ef8bc57125d0f4966f40a63982cc111544dcd87aa96c4d93b	platform-inapplicable	fixture-requires-uefi-target
tests/uefi_boot.c	x86_64-unknown-linux-gnu	66a843b7c5e9173ef8bc57125d0f4966f40a63982cc111544dcd87aa96c4d93b	platform-inapplicable	fixture-requires-uefi-target
