path	role	compile_obligation	bytes	sha256
tests/.gitignore	support-file	dependency-only	4	ee11f187dff226e899a853cfa2dcbd423aa9ff0931f17e4eae5b34baa56c1e84
tests/aarch64_atomic_update_pair_oracle.s	support-file	dependency-only	995	47f744fcb51f591878b7805910d5f1beb88b45fdc759acc093e22e0e008ba8ef
tests/aarch64_dynamic_calls.h	support-file	dependency-only	966	312e8d752eeacb37d5d8f9013cec82dae564802dc2d0bb23dc03af04af2bfbac
tests/action_pins_test.py	support-file	dependency-only	6332	da39c471afb8c7da4fc0c11a0f70a92b3a14a04d94bbbaf1ba67f9aa961aca01
tests/android_apk_assets_test.py	support-file	dependency-only	9894	527e0480bcf59b823e08366573eb8696b667d544e53684fb8fc2cc3ab0d7e83f
tests/array_slices.bbb	dormant-custom-language	preserved-not-active	562	cd22960f2b38a20a6fd32ad6d7bd9ed50e4ce16c8b2a3dda68ece45e9cb50aaf
tests/atomic_pair_contention.h	support-file	dependency-only	875	48ec54bccc8ad67faa4e88d6bd7da5020fa04c16acfac1cbaeccc9958e42adee
tests/basic_aarch64_elf_page.s	support-file	dependency-only	183	a2f7c8b9deca8fd34db1add07b25286c1a95561d887c58883cc138761a88342c
tests/basic_array_literal.bbb	dormant-custom-language	preserved-not-active	160	626ead1db54b0eb5b7753ae13ba000bc4a3415b406648d2ccbb6c86a54d852f0
tests/basic_asm_abs32_anchor.s	support-file	dependency-only	165	9de915c9747679cb0be2df6160ab1e6277b2430d7667bad27425ca9e87380dc2
tests/basic_asm_preprocessed.S	support-file	dependency-only	478	614b24f0cdfe8824d87e09b7d6872b29e105ea225807c316bd8a3dc501097411
tests/basic_asm_unit.s	support-file	dependency-only	2047	335dbe3c0bc92d2ff34976afe2ac16901ddc16e2145d628c162fa135e4a96ab1
tests/basic_asm_unit_caller.c	subject	supported-object-zero-fallback	655	e39d0f4465f97a31a3c4dbadf8d27937c58212bf2925f74e1f2d3fd412dbd5b7
tests/basic_asm_unsupported.s	support-file	dependency-only	284	9868672521e1dac98421e58f15a5e7bf10b1ef35f275ae7c3dcefb3155df691c
tests/basic_assignment.bbb	dormant-custom-language	preserved-not-active	179	560b335b1e821c3484ab627198e48dcb5b276f7f6700296998d271d92d127829
tests/basic_binary_literal.bbb	dormant-custom-language	preserved-not-active	101	7d69cb41bb96a282c8c3ec7ed0698dd41d29d19793e1bf9b7d29f77d6e8e2fdb
tests/basic_bitwise_not.bbb	dormant-custom-language	preserved-not-active	99	5ddce8e7784934753f4ae6e3e6f67844ef843b0de20043951d5dfbafefa8ad00
tests/basic_boolean_operators.bbb	dormant-custom-language	preserved-not-active	103	06204889eb9fec00ed09420403ad28291ab8666f81a750d27376c88b21e30263
tests/basic_break.bbb	dormant-custom-language	preserved-not-active	190	2a2f492145f0be76f59373ac49970ea25aa9d0cd16f7a87554101baed507c1c4
tests/basic_c_aarch64_abi_contract.c	subject	supported-object-zero-fallback	1419	897521441331eae4d1629e3e68d7ab09c89411fb05331e8c0ef5c007f157a97e
tests/basic_c_aarch64_atomic_pair.c	subject	supported-object-zero-fallback	1530	c7655dbdd6227cec53d270035fac88e544cf1e95edaa8cdbddd861c4a0d9f033
tests/basic_c_aarch64_atomic_update_pair.c	subject	supported-object-zero-fallback	10501	5d695188f5fc1d0ef36bd8551e94b6aa7989db8cae8c1214b491e4e162b0ad7a
tests/basic_c_aarch64_dynamic_calls.c	subject	supported-object-zero-fallback	2322	9414fe0420554f2e86e8e12ed33e5abba9153ce1260f95fe61fb6817c80d8158
tests/basic_c_aarch64_elf_page_callee.c	subject	supported-object-zero-fallback	147	54ea050f7505512cc3c0c1ab0ae41d6d6a2cf3520299dfcd2421c6cc5a2157c5
tests/basic_c_aarch64_elf_page_caller.c	subject	supported-object-zero-fallback	412	3368520ce1b7178c003a360506680bada836221a76c07377ed2689e2c4a05e68
tests/basic_c_aarch64_float_to_f128.c	subject	supported-object-zero-fallback	7031	b15b37a94a243e5adb8674c6331b5a073427636703e1436f752be623a6b6e574
tests/basic_c_aarch64_float_to_i128.c	subject	supported-object-zero-fallback	4713	6fe6033ca2aa8081323c07d64aa5590766f2bbcd5c484cc31ce5fed9ee4bd14b
tests/basic_c_aarch64_i128.c	subject	supported-object-zero-fallback	15637	53ee3ea1e04912ce5e68ca22334a2f590dd2a2bf2988954e27e4b3e9d96b14eb
tests/basic_c_aarch64_i128_abi.c	subject	supported-object-zero-fallback	3420	7660f68fef4322adc25e140eac2a021b720adf431dffbbf5d0cce819eaaa8b91
tests/basic_c_aarch64_i128_callee.c	subject	supported-object-zero-fallback	1623	e5aeb14d7c858b9363ff07bff03c6df671ce324a8ab4436c927d52b3dff8be3c
tests/basic_c_aarch64_i128_caller.c	subject	supported-object-zero-fallback	1665	2350749d30da63e3dbba66bd0f8c2fe2ef35ba1b6f91049f51c92df6ef0afeb9
tests/basic_c_aarch64_i128_divide.c	subject	supported-object-zero-fallback	6252	ee500438bdbee4e660c25b99d56c25ca9f32115c92c5ba5ba705048eeac4b69b
tests/basic_c_aarch64_i128_start.S	support-file	dependency-only	313	e20e0569675bc21ab63e31803e69d28ae58e6b2fd60d7a0dd0805f20b2a17078
tests/basic_c_aarch64_i128_to_float.c	subject	supported-object-zero-fallback	5088	7a8fa98809691916bb3d250d822e6733e9852e59238110c0a976fd040894479e
tests/basic_c_aarch64_platform_variadic.c	subject	supported-object-zero-fallback	7577	a67e04a083781f9434fbfa37979d59ffdfa629a52a7a93dfae0d6fad558ef850
tests/basic_c_aarch64_windows_variadic_boundary.c	subject	supported-object-zero-fallback	3806	ab8fd36ea464bd9ff0ba04b9138e9380fcbd645546ae26aa1a3664d87b7d2443
tests/basic_c_aarch64_zero_counts.c	subject	supported-object-zero-fallback	3038	10d281b40321bd9addaa877d3a8794e9ba7ebb36db9d15fd5006eb442a9b94d3
tests/basic_c_abs32_caller.c	subject	supported-object-zero-fallback	650	19e5e99781c4663ecc028836b122f2081dbf1cad7f00ec925b070c090fa8c3dc
tests/basic_c_address_of_array.c	subject	supported-object-zero-fallback	1458	8a70eccc76fe7b6e1e7da49d1a955907d156f6938fbbf3c149e86c3aa2a6279e
tests/basic_c_aggregate_attribute.c	subject	supported-object-zero-fallback	1874	3ef7b7e46b8128b5b33132cb07f3461b1b53cd273ba1c9584c891bef3bc4bacc
tests/basic_c_alignas.c	subject	supported-object-zero-fallback	3972	235bf9a1d150e871154886301ec23fdb2f3ebb006d4e3573ca9b16659b7b13b8
tests/basic_c_aligned_vla.c	subject	supported-object-zero-fallback	1951	33165e8178b65cb7fd27548e3d92a2a933e5e8a309df8fc7a94b4d256d0b69e5
tests/basic_c_alignof_expression.c	subject	supported-object-zero-fallback	2705	8bca07acc3fb464b8c3f229ef7e4a49ff995530bbe7b0acc58c8386d83d5d70e
tests/basic_c_allocation_lifetimes.c	subject	supported-object-zero-fallback	16746	d2eba75ea3cbdf3190d7b22b8216933ea85ca2eb862a72d620a24a9d2e2fb0af
tests/basic_c_anonymous_bit_field_initializer.c	subject	supported-object-zero-fallback	2334	4be9aca6c351b5311589e43d45751c8313e25b79e08a41abd752538aa5d61f07
tests/basic_c_archive_add.c	subject	supported-object-zero-fallback	107	f6dfbadd7ca8a87fbbe1fcbd4ad92c858080bb7083e5b50dd21d451169e74ab2
tests/basic_c_archive_bias.c	subject	supported-object-zero-fallback	41	706fd6c366822440a0e697e4f1c689299d02c23da551a555ae9678190044098e
tests/basic_c_argv_aggregate.c	subject	supported-object-zero-fallback	8840	cf521bb165b72bd51d6feed872487ad8fb43d7774bf68637facc6d300da3f9e2
tests/basic_c_array_arrow.c	subject	supported-object-zero-fallback	698	d67bdbd6024f84992feb1c113ebdf3ab983721610ef71ce6db1728d476890763
tests/basic_c_array_cast.c	subject	supported-object-zero-fallback	454	0b46376dcb23361db7abda273708bbf21afb8500937d4579affd2414a4acea6f
tests/basic_c_array_parameter_assignment.c	subject	supported-object-zero-fallback	2961	f379568a4dbeb5a69aaf7adbd199c9ec787904029e7ed0bdac388734816cc5eb
tests/basic_c_asm.c	subject	supported-object-zero-fallback	9649	ac213dc8f86c3c8283298c52fe0f19c7bce23b33e4c51052377c21a06184c5c0
tests/basic_c_asm_goto_division.c	subject	supported-object-zero-fallback	655	a460e7ac421bfd4bbc4d7bad2388f923349ffb6d9abd73bd045ac9edd20492b3
tests/basic_c_asm_goto_identity.c	subject	supported-object-zero-fallback	5222	1ed0e54c76be17e6a06002f4883a9cc94b436334b96762a9687267dfb34f3ffb
tests/basic_c_asm_goto_range.c	subject	supported-object-zero-fallback	1610	ab11ce0f5d015e7c8b539832e046750fbe85726f97705f15b622144d08aeb406
tests/basic_c_asm_identity.c	subject	supported-object-zero-fallback	2222	8b0ac4e00522cc4e329a423db8531529f007aa213574b949aef2c66472ad269f
tests/basic_c_asm_literal_register.c	negative-diagnostic-fixture	registered-rejection-control	863	bcf349e043b5746aec4efd2f9352f25ad538aa77ce562966ef8ababd411e17de
tests/basic_c_asm_memory_operand_no_load.c	subject	supported-object-zero-fallback	1089	fb77e872151d25a04c01046fdbbb1797f063c16f9e8568f35e48edb5fb9c74cb
tests/basic_c_asm_sse_input.c	subject	supported-object-zero-fallback	2114	e5863a8dc01ef9c2d5f45d636a5f8e340764e7f472adddffcf01cfb532da79cb
tests/basic_c_asm_sse_output.c	subject	supported-object-zero-fallback	3513	51b587b8a08f07a4efdffdf2f6390468232c76cb91bd39cebec703e2f1ff56dc
tests/basic_c_asm_sse_win64.c	subject	supported-object-zero-fallback	2698	8034cfe54e205bfc8c255c8d7e21145c6dba4c924f807a5b9ee4e0401e63c5ee
tests/basic_c_asm_x87_clobber.c	subject	supported-object-zero-fallback	2412	0000c5637b74059102f367ecacbe6cd57189881d3f33b6df3219bd01138f3293
tests/basic_c_asm_x87_control_word.c	subject	supported-object-zero-fallback	1551	4133435c2755818b45a1a8e96b35d7eedbbcffa5d2cd8c385ab67f6167487938
tests/basic_c_asm_x87_output.c	subject	supported-object-zero-fallback	6237	163c737362c5682e212fe7ce52d44eab458871ff7bce46934e57efea53de1dc6
tests/basic_c_atexit_handler.c	subject	supported-object-zero-fallback	842	d60b11db947bdff04262eb88ee1355b4299065af19301738d3c306f754c7b2de
tests/basic_c_atomic.c	subject	supported-object-zero-fallback	3618	0330cdf6fffc8baa0249f5bcfb37612e89892b736e01feb2d58d3e78d82a2c24
tests/basic_c_atomic_abi_callee.c	subject	supported-object-zero-fallback	3247	cfc0c99a90ea8d1e8a7744bc536e89176eae4ab2a5b9f0545d8808af69ce54e3
tests/basic_c_atomic_abi_caller.c	subject	supported-object-zero-fallback	4379	c0bfbf4fda18d8bdc324bebb7139cddb20473e87d83a2cbcc7172afe45a385b4
tests/basic_c_atomic_abi_shapes.h	support-file	dependency-only	6561	880b941933303b154bc99f946fe58331cf9367f2259ed7c97a352194c4c47122
tests/basic_c_atomic_aggregate.c	subject	supported-object-zero-fallback	18299	f2c87bf2f9f3e8e56c93380fef821b6708b2740d28d0b461bdfbe268f6b376ea
tests/basic_c_atomic_asm.c	subject	supported-object-zero-fallback	5157	861e4b3eb8c0c0db311f17f13d7bec580230527446bb74537d482814a1fbd7af
tests/basic_c_atomic_bitcode.c	subject	supported-object-zero-fallback	1996	a6e4486765e758781b9fc53d0ae82447487f7f819f46c0659d23398a880f2450
tests/basic_c_atomic_byte_exchange.c	subject	supported-object-zero-fallback	3161	16a8e6edc3d69d4351aaa9ada2b8f37975a65076d98029f64a678d6487910962
tests/basic_c_atomic_float_update.c	subject	supported-object-zero-fallback	3284	9048bd55d01f3fc12e3d04f019727f97e5845f4504659301ef3c94b02a0495d7
tests/basic_c_atomic_pair_contention.c	subject	supported-object-zero-fallback	2692	727fb58ec7b533b6fdea6f76f35fd2911193639143b10c59ec21502f42ccd535
tests/basic_c_atomic_specifier.c	subject	supported-object-zero-fallback	1367	8508ced4710fc4100fb31e2bc810bd9002cbc5c0d64ef137a830715886f02872
tests/basic_c_attribute_queries.c	subject	supported-object-zero-fallback	3313	b7e4f80a9d0a295c2936da9d2c3a3e9169d0ba9b138332534f2de4080ee90222
tests/basic_c_attribute_short_spelling.c	subject	supported-object-zero-fallback	937	cc5b265573b31230939761d1e5859aa0c298f665521a60604ab01aecd9a5bb87
tests/basic_c_attributed_struct_typedef_alignment.c	subject	supported-object-zero-fallback	2740	f5e8190c6ba116b5a4431b371362a698ef2549c6e2b9093c3fb7c446384c274a
tests/basic_c_auto_type.c	subject	supported-object-zero-fallback	1195	59081b8ace323e13d8d84fa224446f716811dc57938e5667499ec9d324c4ef36
tests/basic_c_bit_field_alignas.c	negative-diagnostic-fixture	registered-rejection-control	605	7f451c4e8d7d2459df0847325612127d2bd11b76b3fe65dcd57d843c2801b32d
tests/basic_c_bit_field_aligned.c	subject	supported-object-zero-fallback	4775	7be04a9944d2e4bf36ff37d2bdc0af6689a83d381224c6d86d8930d8880e5be8
tests/basic_c_bit_field_layout.c	subject	supported-object-zero-fallback	3340	53506425cff5e287f72e7caf19b36039e820b48be42e0b825c4032a884050908
tests/basic_c_bit_field_promotion.c	subject	supported-object-zero-fallback	2121	6914ba318d4397c86ba930fc2f49e8a3f2d4e337015758d07e1cf9ee8044dfc0
tests/basic_c_block_scope_tag.c	subject	supported-object-zero-fallback	1661	ac0f199136714cb5adb88cbde5ace6b1b44c72a3d4e5e406f99e92c122557a85
tests/basic_c_bool_aggregate_constants.c	subject	supported-object-zero-fallback	1232	7eff0bd9648c188ac1371c697db13ec6269f5e95bdde9f1c43c674fafb5b3489
tests/basic_c_builtin_inff.c	subject	supported-object-zero-fallback	132	33e77af90941c595c36f53766db1c1757ed23fa3206bf2704dca345b32bf4315
tests/basic_c_builtin_math.c	subject	supported-object-zero-fallback	396	9b25ffe6c0a938fc4bb9feb12f77a6914b10c8b2515eafce96dee6e780b2b570
tests/basic_c_builtin_memory.c	subject	supported-object-zero-fallback	5545	af57ab7f538d3e0f004ee95da8c7e327caff5511273da7fec408fc6d8c2bc278
tests/basic_c_c23_attributes.c	subject	supported-object-zero-fallback	5796	cdbc4389aa4e714c00430efedcccd88cfb2ede45ef8d04d4c7a5a017edba3d8a
tests/basic_c_c23_noreturn.c	subject	supported-object-zero-fallback	2628	b0173847843520059d50702e9914288cc60a46301d00a263cae23de422461fed
tests/basic_c_call_abi.c	subject	supported-object-zero-fallback	3812	60ee12e33c11b831a4b2f49789eccbc4d74a73621cfb58e8313c71934f9d409c
tests/basic_c_call_member_call.c	subject	supported-object-zero-fallback	1888	236e06bba684083b7b94076cb3bfcdd902fb9a2c2b446fa886610aec9fbe5d72
tests/basic_c_canonical_fast.c	subject	supported-object-zero-fallback	1432	eed5634e90c72165e8684a44958744de923bddcc7074641cc20b04ba04b22f1e
tests/basic_c_canonical_fast_scalar.c	subject	supported-object-zero-fallback	282	4fe492505acceafde90d3019d4308b20f26275598217d4b1a071334b1ce37d7d
tests/basic_c_case_range.c	subject	supported-object-zero-fallback	2107	dc80bb64e2198680fb0c2e04097b99d700cf10447215eb82daab6f0b446e000b
tests/basic_c_case_substatement.c	subject	supported-object-zero-fallback	1334	8e7bdeface77985cf1d8728c2cd55f6e81ef5ada7432ce2361ef919901935c62
tests/basic_c_cast_away_const_store.c	subject	supported-object-zero-fallback	584	6bc0f529cf34db7a9bb4a9d02b422ea746e00ff5f751a56a0fd045514926a6cd
tests/basic_c_cast_deref_conditional.c	subject	supported-object-zero-fallback	872	2246e2fce408ba9acae3ef09ba806f74ce0b2d49e0f54b4150dc592743c91e56
tests/basic_c_char_limits.c	subject	supported-object-zero-fallback	695	58c00b9858c1cc69f9713f9fe558fd22cc53c2f9463f76a8a631dec013890cfb
tests/basic_c_cleanup.c	subject	supported-object-zero-fallback	6891	95a0844874f65856ca2a2dc390f9235adec918ef93a7188acc8c192946169500
tests/basic_c_compile.c	subject	supported-object-zero-fallback	331	34f612e01d11fa8161cc87fbf13f2f22b5f2319182978d6839aaf5422dda258e
tests/basic_c_compiler_barrier.c	subject	supported-object-zero-fallback	1091	d56b1cfbf3ecbafffdf7d4b9627ac64f10393ef582531432ebbd180ff747471e
tests/basic_c_compiler_barrier_fallback.c	subject	supported-object-zero-fallback	2058	28bdb7906dd5005cdfb36cfff6332cbdf5195a3f8c2ce473d49783c8268f2a13
tests/basic_c_complex_arithmetic.c	subject	supported-object-zero-fallback	22217	9b33498d7e8119f03b5ba22983b3440a55f60a337aea8f0c34f6c28e7d6a0e20
tests/basic_c_complex_conjugate.c	subject	supported-object-zero-fallback	2244	cea68fb0836b9ab13af63caf0f0160daf4a27edde763e7eab53256d6df250f46
tests/basic_c_complex_x87_callee.c	subject	supported-object-zero-fallback	2076	7519eb48ac4d35eb86edbb0138c41b685cb6fa5c54280a08f33f5f00a1a798b9
tests/basic_c_complex_x87_caller.c	subject	supported-object-zero-fallback	3981	0262700dc9617644e126c948424952a3997d6941bee472426290d89452ce7465
tests/basic_c_compound_literal_type.c	subject	supported-object-zero-fallback	2220	dba11447c299963654d94885273b347c8ea980cc78ab619fcfdc4b7b07aaf4ec
tests/basic_c_conditional_array_branch.c	subject	supported-object-zero-fallback	3547	f92cfcac4e9c934598c2e98a8a8e6b1dd41bca9e52028c0762c064cff73a8495
tests/basic_c_conditional_assignment.c	subject	supported-object-zero-fallback	951	0cb4a158a361514e8868aa2af29f1091da4b652d1f332aff91caa9e6ab8fba93
tests/basic_c_conditional_operand.c	subject	supported-object-zero-fallback	8916	79f0a3e71430ff9f8ad9a5f1afa9b8deb4b7b608b17788f33dbc0e8e94d51fad
tests/basic_c_conditional_signed_arithmetic.c	subject	supported-object-zero-fallback	968	1839fe6857ea6652aa383e6fd77e4e289a3dfb5e55cb31d8145ffe35c1998425
tests/basic_c_constant_conditional_type.c	subject	supported-object-zero-fallback	1480	7bb62964999d23472df48cfbbff273f5b2c78f129c26775d01677606686cbd4a
tests/basic_c_constant_float_builtins.c	subject	supported-object-zero-fallback	3158	c409dae389fd46efe244285a81df00c1a3de449192313b6c5c538147c6200a04
tests/basic_c_constexpr.c	subject	supported-object-zero-fallback	1195	7118c3974e18a6eb4483e8331a11efe443350a7e1e6413f227581898bfdda666
tests/basic_c_constexpr_leaf.c	subject	supported-object-zero-fallback	1967	60958558e44afffb010e3688ac873c44ddb683c2fb462a646b442e4fbcb7fcb3
tests/basic_c_constructor.c	subject	supported-object-zero-fallback	2353	02b090a2ad1b3832a222f8ec667e2c7bef82e57d8c3fa68baf8d7791b8e015b2
tests/basic_c_constructor_order.c	subject	supported-object-zero-fallback	1972	5ca266cc6ea0ce5334705a65b43b4ec73b2dd9cb2696aef969abc12cd1f93686
tests/basic_c_constructor_order_second.c	subject	supported-object-zero-fallback	1160	3b5a1ecadaed1ffe93f6b432a2b15161263d6e52dae6c0f841aa54f9f91575c8
tests/basic_c_conversions.c	subject	supported-object-zero-fallback	1914	c49a9ac99ece98fcc91c9a7a5b33736f2a8ece633d36f6dcb9b237ca9bd89f0c
tests/basic_c_created_nan_sign.c	subject	supported-object-zero-fallback	5253	d5242c784cab89b0c5ad793483dedd09d8ccb772b58a52b83d8adb7ce684f791
tests/basic_c_date_time_predefines.c	subject	supported-object-zero-fallback	947	9197137ed25122a48f6449128affc3338ea9bb5039958e23c1f731660f8203a0
tests/basic_c_decimal_digits.c	subject	supported-object-zero-fallback	235	10a32caf527fdec056b8ea8b4688fdf0589d619517c2e5dc6bd9f8d526399d6f
tests/basic_c_declarator_list.c	subject	supported-object-zero-fallback	3445	116b1fa890d36058139a14fe1143f8c3a6957ecb190c1df381416e227820c196
tests/basic_c_designated_subscript_initializer.c	subject	supported-object-zero-fallback	3881	53347d2b902ef9cbf101cf17bba4536076d53323225ff198e45f4bdfe49acb9e
tests/basic_c_destructor_exit.c	subject	supported-object-zero-fallback	3494	9b26fcec155254ced79b8e8891a148b0ae380e610f14517b28acc1514ad21622
tests/basic_c_dialect.c	subject	supported-object-zero-fallback	1665	2da51d7682b305d3eb0d44ebad1ffdb415f9f3e4058e66582bf2c903e7a4df58
tests/basic_c_doom_shapes.c	subject	supported-object-zero-fallback	5476	293e1bccd1b961093dbc2461a62191de7baecf401c78c977c48ee26d86d5e313
tests/basic_c_doom_shapes_import.c	subject	supported-object-zero-fallback	442	8de09c9283bae02287d478532a0d30772c399cb883d1d985f6622cac855124a2
tests/basic_c_driver.c	subject	supported-object-zero-fallback	58	4f5905e2afe35c88ad3c90433559ab8c99d46c94af3c5042dfdc98d58a671764
tests/basic_c_dwarf5_link.c	subject	supported-object-zero-fallback	201	60357c04ac30b0bc4218cf7330ca6168ec513d4423d155c1e97a111faca0b9b0
tests/basic_c_dynamic_library.c	subject	supported-object-zero-fallback	89	f944e8bf912ea482ea906e13d8fe7fea99a92ef3ab24527e98e560c0ebbcb032
tests/basic_c_ebpf_stack_liveness.c	subject	supported-object-zero-fallback	735	a70965a77730d37c3fbe8f3ca9a435ea24cc765bc92ab5f330132c7753cb0b1e
tests/basic_c_elf_dso_lifecycle.c	subject	supported-object-zero-fallback	253	8fc3d434fbb0819a212b33c16db21345677601154f20fad14e4bce4211b621a0
tests/basic_c_elf_dso_lifecycle_main.c	subject	supported-object-zero-fallback	632	b0e98464c198c244c5d080f54ec8e975831b32e42ab4f4bbe2db66e37ddb623a
tests/basic_c_elf_overaligned.c	subject	supported-object-zero-fallback	369	3e166a46939a34e6a21a8d433ad0964cb03bf980ffcc07cb1274b3e1988f4511
tests/basic_c_enum_prototype.c	subject	supported-object-zero-fallback	544	5ad7b5e6d6799c9e4c7a58688bd4f72a378da93288657568c6db231e8ea49d68
tests/basic_c_enum_sizeof_object.c	subject	supported-object-zero-fallback	3158	b5ed9a2a03a110eb3ee8fa8fad5e180901c845e23854ace3c157d6ebfebe602c
tests/basic_c_explicit_allocator_sticks.c	subject	supported-object-zero-fallback	883	a01a2d3f44ed06b9f655bbf627267565e85e75033fd73497b65de5aaa5f48958
tests/basic_c_export_dynamic.c	subject	supported-object-zero-fallback	873	e4b3f1928fcef78a5808d09c465598faef07312b060a328edbb39d83243ddf8d
tests/basic_c_extern_aligned_definition.c	subject	supported-object-zero-fallback	552	3cbb16fe5a3a7657782602a82c91c26e74b40f9917c458622b15fd2bf2ab6b97
tests/basic_c_extern_incomplete_array.c	subject	supported-object-zero-fallback	1294	988ba83d9d45909ce60a699ae707bb3e8b26bc5af88e2bf0edcf8c687acae7f0
tests/basic_c_extern_incomplete_array_def.c	subject	supported-object-zero-fallback	296	999cc131f1bd1d99f21e7d77e8b2fc395f7aa27417ef39569f55f2f81ad47f8b
tests/basic_c_f32_u64.c	subject	supported-object-zero-fallback	1384	c776405e8d9bf5d52fea0fdb98c50900ccd4046e1742227fb304c6d1ed8e69b0
tests/basic_c_f80_machine.c	subject	supported-object-zero-fallback	7233	3f5b829b9afa84528debbd00d726644834ff66e9885cac8207bdd5bd8e54d142
tests/basic_c_f80_transport.c	subject	supported-object-zero-fallback	825	5d809970871338d61f56a141546f3041f3a15db4dae00e8cacb1acb29093d53a
tests/basic_c_f80_u64.c	subject	supported-object-zero-fallback	2715	73c40c16ff24ddc2cd057f3117a009c135455ca3a54f635e3b2cc04031576807
tests/basic_c_fast_ra_cfg.c	subject	supported-object-zero-fallback	6312	8884591a2aecaf88deb5ec3b11341194105310f7c10156bf20ebfe650e48c3bb
tests/basic_c_fixed_enum.c	subject	supported-object-zero-fallback	322	2c4361adc974930472449e41daf87725f13d44b317ced30f981298cfec51eecc
tests/basic_c_flexible_array_static_initializer.c	subject	supported-object-zero-fallback	662	e1fd9a15fd537d2d38e26d3a979b3545176d4f260c2d9e4ebba47fbbe5528b65
tests/basic_c_float_abi.c	subject	supported-object-zero-fallback	4452	c2777c35289c5af0fe93fbe7e2b6174b2b474b2bf9bc44acac8219332e074e11
tests/basic_c_float_integer_constants.c	subject	supported-object-zero-fallback	5301	db9f84e9aa6fa4373aa7d6b0bea3ce9f8f1390c7a19dd3059185a0ac538f0cba
tests/basic_c_float_limits.c	subject	supported-object-zero-fallback	1934	71324a91edb64a216e11f082bffea18803ab1b5e2f93e7efa733fc62ecabeb03
tests/basic_c_float_literal.c	subject	supported-object-zero-fallback	205	db0aee1eef9f45f4176f434b6fa3fd4d3fad3d09419727f0186fd3c50a01b2c6
tests/basic_c_frame_alloca_signbit.c	subject	supported-object-zero-fallback	2483	097960e290ef8397c47fe59871ff6f9e0e4afa6ab54c5cca8d2825b6f0b5d96c
tests/basic_c_frame_vectors.c	subject	supported-object-zero-fallback	768	0f231ae5d2ba29368b23db216bc5bb871f726f18d32ebfd5fc933090788dd496
tests/basic_c_fresh_binding_publication.c	subject	supported-object-zero-fallback	976	cf48c9f1a01a4c700182a940b5259868b3a8549c31c80cbcb16003d05890ed67
tests/basic_c_frontend_artifacts.c	subject	supported-object-zero-fallback	2661	9f9b0cd4555898f687d3178b0520e94ae8533fb1df046e2497b73d93ef946e9c
tests/basic_c_frontend_ssa.c	subject	supported-object-zero-fallback	6282	d1b297e8cdc45c7ef395b89199d76a3b7e3799dcf4d33e9163a23cc0b76b4971
tests/basic_c_function_pointer.c	subject	supported-object-zero-fallback	299	700020827ec4df59d18b776517cf8971135bf3bb15163fa2c7354980030efa81
tests/basic_c_function_pointer_compatibility.c	subject	supported-object-zero-fallback	2249	f118c7f233842b1d3401890f27e8244d72bf37eb6d7c0c5c7a151a900d22ef1a
tests/basic_c_function_pointer_conflict.c	negative-diagnostic-fixture	registered-rejection-control	989	0fd9de455395efa2f7f54b58fc57966b7a55b4c1297f8ec25de7c05078f1a932
tests/basic_c_function_pointer_declarators.c	subject	supported-object-zero-fallback	3199	6f77829979f8d2ba6e94556dc2f72940c5fd012b0de78dd40ee4106bbbc7a29f
tests/basic_c_function_type_parameter.c	subject	supported-object-zero-fallback	802	b73f8697623682f5c17dc4e760aecc53368eff81489fefc01c617645f3482b59
tests/basic_c_generic.c	subject	supported-object-zero-fallback	913	c0195dcd45920240a6314af184480f9ae8c91eefa6e87f0431d535509255f60c
tests/basic_c_global_asm_entry.c	subject	supported-object-zero-fallback	3319	e569c0f5ba0187738e318343b969eafe8fbc85e18bc3417791e105ad463dc3f1
tests/basic_c_global_asm_weak.c	subject	supported-object-zero-fallback	2836	0204d8b7c0dad0c6d05694a44fdccf645a4ce110e0997f8a2e918daed6cb23e6
tests/basic_c_gnu_atomic_builtins.c	subject	supported-object-zero-fallback	8237	24f39b1da12409915754e5ece1cb98b8ff4560ee0b805a1cf73c33aa6d38abd5
tests/basic_c_goto_into_loop.c	subject	supported-object-zero-fallback	2177	6a0ee16f81371c14edcdacb3b1c5491c95370b3a2700ca95a6906e40fb8344e6
tests/basic_c_guarded_include.h	support-file	dependency-only	100	8f57b3ef54118506787956f510b90c2e31f8509397e0a125b37dbba79767a6dd
tests/basic_c_has_builtin.c	subject	supported-object-zero-fallback	12163	b0129e3ed6bb5f2c94b179f8979648e2d76b63ed83ec1ebbe315c157cdce2a66
tests/basic_c_i128_block_parameters.c	subject	supported-object-zero-fallback	2869	3341d9746887cc84c22f465e076bce8811f24723eecbf7721c2c42a12d07b809
tests/basic_c_i128_divide_oracle_edges.c	subject	supported-object-zero-fallback	950	90e217c70cd5b8a572b4d97bd27794ab1a16f18f6ea9202a7daaa0a4e99cce88
tests/basic_c_i128_shift_edges.c	subject	supported-object-zero-fallback	3288	4d3674c1babecfe98febe0988d4b2bc3bd8cae5e68ff22270d2ee53d7b916a88
tests/basic_c_ia32_sse2_shift_immediates.c	subject	supported-object-zero-fallback	2703	17f07e88549b59cec0bcb512cd3acb792b703c43b87b02b2b492619acb1c4ce5
tests/basic_c_include.h	support-file	dependency-only	26	daf92f3922b21bdb58b8deaa3cebc2fc3b7098c3900fa85b0e13dc3ad5d340e6
tests/basic_c_incrementing_assignment_condition.c	subject	supported-object-zero-fallback	3231	0de34dd64965bf5f64fb78a274450ed82439617df5834230ce04e004242e7f65
tests/basic_c_indirect_call_targets.c	subject	supported-object-zero-fallback	2369	14f1c99b4aceb4ab58bfb2cd4f0b7e6a9b908573b11a59469e5bad2339c6737a
tests/basic_c_infinite_loop.c	subject	supported-object-zero-fallback	1013	8579511361ce088706f70cbd7a634e9f4f499e4a810bab0c02673be76e407f73
tests/basic_c_inline_aggregate_sizeof.c	subject	supported-object-zero-fallback	3074	d1af58e3e7fd7c0923cd5d02326df0b89d36568965af69ea626cc0edfd68320d
tests/basic_c_inline_asm.c	subject	supported-object-zero-fallback	1296	ddc6a7362c7287b1fa6998f77f6966618cb6ede9ae39fc3c0e3662c1d029496e
tests/basic_c_inline_asm_symbol.c	subject	supported-object-zero-fallback	5534	378353d40346734b7ffad37d1ee327c4ce9ca26c69c9c3af1ef0479dd2647dc9
tests/basic_c_inline_hints.c	subject	supported-object-zero-fallback	735	43f132386e516fd58ed78caa34bf4a3e989ae60f573301c93d45857d56c4de74
tests/basic_c_int128.c	subject	supported-object-zero-fallback	4229	8e5535b31cca8ea36b5124e4a5b35cb6da62d7f1736434a926467b9bc7f1135d
tests/basic_c_int128_aggregate_constants.c	subject	supported-object-zero-fallback	1709	6cbd17ccc97e1e0a41a85469fc814866cc4c4244e7a82cbe091e8a304c4860c0
tests/basic_c_integer_literals.c	subject	supported-object-zero-fallback	1412	10dd068debfd8210f51572216202fe99a5da65fd0514c2ba5331039e93547c36
tests/basic_c_integer_to_pointer.c	subject	supported-object-zero-fallback	3586	8d403c19f55c7a28358fd72c6129a7174c0d9b1a52861f12afb0d0d596aab220
tests/basic_c_invalid_asm_goto.c	negative-diagnostic-fixture	registered-rejection-control	95	8e8a55bd04cd2ed2e61a3b0c8d2bb79fe1d9cbfae7c8d40d0da6d873575f8d54
tests/basic_c_invalid_bit_field_width.c	negative-diagnostic-fixture	registered-rejection-control	1254	5ba171dd3c366b2ffe255da773d277c95a1ce11cd7959738d73e4ae4d375a200
tests/basic_c_invalid_labels.c	negative-diagnostic-fixture	registered-rejection-control	368	3cf0f622279af8d48cf2edb60317118ca9ac9bb7d0af50770dc41332dbfa55c0
tests/basic_c_ir_validation_values.c	subject	supported-object-zero-fallback	3124	9ed89c0ff3750cb6c9bc66a894fc617c15cde5732c857e5b9cccf55ddf233080
tests/basic_c_labels.c	subject	supported-object-zero-fallback	5570	e6e2c4f7a4c30ca7d5329ad503e88efd8954d36e32af3e1826baced1247abca2
tests/basic_c_large_frame.c	subject	supported-object-zero-fallback	1145	60c6c477f2fc4481803c46d412feea20dc3e5fd5733ed97bc7ef8c1dbfbb4911
tests/basic_c_lazy_operand_argument.c	subject	supported-object-zero-fallback	4781	d048f92b671c236eff381d7f36afc76370fcf68171b3f459b366f8df76c8359f
tests/basic_c_llvm_abi_unsupported.c	subject	supported-object-zero-fallback	1090	cada4f61278e9b3e829702b32b9ddb25d63fc087190f45acbd0ba2ff075cd9d2
tests/basic_c_llvm_aggregate_abi_callee.c	subject	supported-object-zero-fallback	1969	549de4869ad8fe028d19ab37011b11cad196726976d443503296f2941d02b557
tests/basic_c_llvm_aggregate_abi_caller.c	subject	supported-object-zero-fallback	5772	b28c64ce6edcf5a41d80f753478ebf3c522201a23c41e06cfad83abc5dba74e8
tests/basic_c_llvm_aggregate_abi_shapes.h	support-file	dependency-only	2506	17c0a05254033dc5687d94fe7e7752c0490da6e3bbd8b6d5a1a5bab0b0352ad2
tests/basic_c_llvm_integer_boundary_check.c	subject	supported-object-zero-fallback	2260	0869f9842b980dec738037b8e803edeeaa06948defd018c9a1d622a3e5716e24
tests/basic_c_llvm_integer_boundary_values.c	subject	supported-object-zero-fallback	1540	583a6418677d7a9a46f2456fc0538efb30771235e86e2b90d47695b3896863ac
tests/basic_c_llvm_integer_constants.c	subject	supported-object-zero-fallback	781	a1c4f72a826f16df368350bb5c2c52aa1d6695cf071c1337e5c5ea8092121c42
tests/basic_c_llvm_layout.c	subject	supported-object-zero-fallback	1330	df29c9376e8c58c8658a035f16d33ed3421c928663553bff6829774857d10177
tests/basic_c_llvm_scalars.c	subject	supported-object-zero-fallback	655	98fef1e88ea0ae53beb7167f3d75f0dafc3b5872d335b0e4a4f717208dbdbd69
tests/basic_c_llvm_switch.c	subject	supported-object-zero-fallback	1850	9039c4556b4175c3a7cd5681f8b2d7dac73a4b3f1bde27078dd683f968565cb5
tests/basic_c_llvm_switch_main.c	subject	supported-object-zero-fallback	1769	bff2d310bb174335a265eb80265b6bc94a81688d6be102fba0db9c80b4d1507d
tests/basic_c_llvm_uefi_varargs.c	subject	supported-object-zero-fallback	278	204b65ac53b6d66be992b76e6afbc42fb7b9dfb65b2104dae0c8660d4a881938
tests/basic_c_llvm_vector_abi.c	subject	supported-object-zero-fallback	650	d1f96754d25f9e20221dcc1add72f19d343b08c8dfb0597ae634ae27677e8188
tests/basic_c_llvm_vector_abi_main.c	subject	supported-object-zero-fallback	1511	69f2b157c47e89c7c6b5b466811639c9f9ac81b6c36da5fc1eebc2c07daf0d9f
tests/basic_c_local_aggregate_copy.c	subject	supported-object-zero-fallback	2474	c08cd5d083318dfa97ab289dc0a65584f1374c2533a8f4bb3f93cf6154d353e0
tests/basic_c_local_enum_declarator.c	subject	supported-object-zero-fallback	1609	1ad4fa0ef8863128c958f72859044a51aba67a2de1c51263a5a3025643837746
tests/basic_c_local_promotion.c	subject	supported-object-zero-fallback	3189	b9c00d24d6de5111e66bd9e153c992655d986942ffa3bbac52e5f9166af94ab4
tests/basic_c_local_struct_suffix_attribute.c	subject	supported-object-zero-fallback	1553	a8f51a897dc3daa2c85ff16fd0fdf28e455b6231cef2f6442434c4bb072ef137
tests/basic_c_local_typedef_attribute.c	subject	supported-object-zero-fallback	2207	b25f6acf383b95452d7a652f7383922f056dff0104cc9df838693340e9814d6f
tests/basic_c_local_typedef_scope.c	subject	supported-object-zero-fallback	1663	88e45d39c8ea210258d597f9d7e9ce49234b398105b1413831ad706f4f408459
tests/basic_c_long_double_aggregate.c	subject	supported-object-zero-fallback	8088	3275fb843bcee4c98c1bac072bb7b37f94018c71bed903ff940acaac79117cf8
tests/basic_c_long_double_aggregate_callee.c	subject	supported-object-zero-fallback	2138	fb9b602f99bc6915f5bbcb62b43caf69907a885c5f2d734b220ab1f0119bdcd3
tests/basic_c_long_double_aggregate_caller.c	subject	supported-object-zero-fallback	3261	b3cb6f0cda64d6012f73c93dd3d258c076c29348f93baed6968c2757458b7cb2
tests/basic_c_long_double_arithmetic.c	subject	supported-object-zero-fallback	7614	8c8f78657426f6b05b6920175a28073c6c105540b157e8b15bf29e8ba943faf2
tests/basic_c_long_double_static_initializer.c	subject	supported-object-zero-fallback	11868	5d14271ad09efaba156092bf27482bf9ea5b3eb5341f579eb20059561074b551
tests/basic_c_long_double_static_special.c	subject	supported-object-zero-fallback	17792	6e4cd94ad542b515601d387276f71ba56dd76e0006362cc4869f1ae37180eca5
tests/basic_c_lowered_alignment_frame.c	subject	supported-object-zero-fallback	3570	33ce16385020dc567835bfb02096f87510a1dfac58f60e59d18552b524717abb
tests/basic_c_mach_unwind_host.c	subject	supported-object-zero-fallback	125	22686f2be2af457186ab93fd9ab3f203d50e3e640b44a3ba69889b38462931b2
tests/basic_c_mach_unwind_subject.c	subject	supported-object-zero-fallback	159	bc8f3c1523439ab0021095273413743e718bf5eabf494a8ad12a02a0b0825d90
tests/basic_c_machine_alias.c	subject	supported-object-zero-fallback	23045	e25d83e55ec13218ed1a595acdb6baa1168d4f4f0cd2b9a4203cd62785fcb48f
tests/basic_c_machine_fallback_signature.c	subject	supported-object-zero-fallback	326	3c85bed1ec09b3cda362cd6d6a48a25e69149e049a0d0c88cec37f7d45b7639b
tests/basic_c_machine_fallback_wide_signature.c	subject	supported-object-zero-fallback	344	d99c52cbde4cb087e055b14f55a88c9a2a229595bd6e9d55c6935fab48d87113
tests/basic_c_machine_float.c	subject	supported-object-zero-fallback	2619	02497c3f90d84ae8a80939cb904c3644f94c3efcc15f83d8770b0caa9be8599c
tests/basic_c_machine_literals.c	subject	supported-object-zero-fallback	2688	e6a9b60ca86b5de3d6244d47bcac68420101475cc2303d4e35f6057445ed6b5a
tests/basic_c_machine_stack_args.c	subject	supported-object-zero-fallback	1810	40ab917732ce8796343da1e03b398869882b1012f4c26fe5ba816e2f6dc6f0ad
tests/basic_c_macro_comment_bitfields.c	subject	supported-object-zero-fallback	779	a8b34e1ff38b82a6f052a3d5ee2f618a0fcb14763d01e53a07fc04eca1fc6649
tests/basic_c_macro_empty_paste.c	subject	supported-object-zero-fallback	2435	6aeb0f170a61e5f8de26662c1e1677418836976f5d48bab76b96c9b189423d56
tests/basic_c_macro_options.c	subject	registered-non-object-control	660	9e2a324abafbbe1b94ebc2dad8746ce04f711773f5f1ad2e6fd8c0b607fcfc81
tests/basic_c_macro_self_reference.c	subject	supported-object-zero-fallback	3752	0d6b67b8f081cd5a3d2600cef8e3898b9a813975f30e90c1558378d575eae5d1
tests/basic_c_macro_task_batches.c	subject	supported-object-zero-fallback	1927	ab7c10f28f105c012f3624b624193c5e37da51b59350d71f355b48f565fb62e0
tests/basic_c_main_implicit_return.c	subject	supported-object-zero-fallback	2995	31c4ac8adfa5da0c9c317fcec4cd9eb7b855ef34630242a08b98422728b30939
tests/basic_c_main_return_flush.c	subject	supported-object-zero-fallback	1405	351c50ff27600b25bf3277a288ce92475b43588518d44608c76bfef30f18112c
tests/basic_c_many_native_arguments.c	subject	supported-object-zero-fallback	4772	1f22ed6487833255c76c059535035236234756e32e7acf98b5acdd2a22353129
tests/basic_c_member_chain_place.c	subject	supported-object-zero-fallback	7947	83e31b1631b066cc5e1d9ce7e4adf0bd5491cbe193540c3cb47d57c715c4cd72
tests/basic_c_multi_add.c	subject	supported-object-zero-fallback	65	4b757ab4c6b498e335ad7bb3e835f6cd692f4dfbf2ac99d3ee228680469c47da
tests/basic_c_multi_main.c	subject	supported-object-zero-fallback	93	849d00b1f599f4cd7aa6ec36df612dc9f76970adac06e05a15fde46c0b9a4a28
tests/basic_c_narrow_argument_abi.c	subject	supported-object-zero-fallback	3961	1ec0cc4a43d093c3218c842fbff8b97d09a19ab674ee90bf139a93acfd3413ad
tests/basic_c_narrow_frame_load.c	subject	supported-object-zero-fallback	624	7c47a8a5ebd0d77607ce643046d2ea98468f4535f07364ad5f4e300d885f0f2d
tests/basic_c_narrow_place_update.c	subject	supported-object-zero-fallback	1699	9508fc7e9c1002cac3fff6d6b84aa085f6d528e4fe3009ca9daf473ab5020603
tests/basic_c_negative_constant_widening.c	subject	supported-object-zero-fallback	3643	f535d89f68395f1728dd468c7ef41fb0e76b9a17aad990b8c0923782007a9a48
tests/basic_c_nested_aggregate_scalar.c	subject	supported-object-zero-fallback	541	5b07a51530c25c52a891ab5b635c74d87546a0a83419d6e4eca93312577bf7cd
tests/basic_c_nested_control_substatement.c	subject	supported-object-zero-fallback	3139	78e8e513b527514633b22f88c4da18a389e6448793a4ff4542454cff5c0e4be4
tests/basic_c_nested_string_initializers.c	subject	supported-object-zero-fallback	1292	d91f5e4c2cc5d95751f50468e05a8a92fd64020b068d7060e6ab391b7adaae09
tests/basic_c_noreturn_call.c	subject	supported-object-zero-fallback	4796	3c356314213f4c1e9d3cb15bdd492e156f395b697cfec54ae1b80b75d7685130
tests/basic_c_noreturn_type.c	subject	supported-object-zero-fallback	6723	987baddb023198e5d8d2624048ba0d804240326c40cdc3464c4edec01ca2dc04
tests/basic_c_null_pointer_offsetof.c	subject	supported-object-zero-fallback	3998	bd45a3791237abf9422d50de5155e7ceb87517f2c2c5261d6d5ebd4c7683f3cf
tests/basic_c_nullptr.c	subject	supported-object-zero-fallback	1723	f9b2a922e26983d52e3740f2cba59c1d87849274c59d88f2bdb6804659313b0d
tests/basic_c_offsetof_subscript.c	subject	supported-object-zero-fallback	2103	33bbed80b1e09c40cac0caece57cdf7dcfb36e246eac61462551d719238753f4
tests/basic_c_opaque_tag_cast.c	subject	supported-object-zero-fallback	2720	283c031e1e99ee15a301119cab64bf9f91b410b84141654d84fecf8cca71360b
tests/basic_c_operations.c	subject	supported-object-zero-fallback	21042	7f930ebda53ab297b4c98fa564d4d052f169e227f9c1f98bd2aa90a22b861111
tests/basic_c_overaligned_stack_callee.c	subject	supported-object-zero-fallback	3717	71d94b7ef9f46942adc119c25cb0eea591bf004528b0dfca747c8c913af673a9
tests/basic_c_overaligned_stack_caller.c	subject	supported-object-zero-fallback	3618	58479dd6620352c5263e60ea9892e63bb6a6870170fc578a56c37f90f4e01130
tests/basic_c_overaligned_stack_observe.c	subject	supported-object-zero-fallback	297	f0d69f26fb9f4d11ac2696cd97cbb40ea07220061d60e3c9877b61d8a0a6c131
tests/basic_c_overaligned_stack_shapes.h	support-file	dependency-only	1370	67326e3d7c96d41ccc4b33dca10b69b175544588bc99fc475b48b9134224a2aa
tests/basic_c_packed_layout.c	subject	supported-object-zero-fallback	88604	afa5f5328685e42da2f16519525738f996873b0efe926b20ca8efca3ba96d104
tests/basic_c_packed_layout_callee.c	subject	supported-object-zero-fallback	9048	e936ddd1f6ad13495d1463bb7e03235bc458dae4c5ac59d01cc591e54e3c3c24
tests/basic_c_packed_layout_caller.c	subject	supported-object-zero-fallback	10196	fa66d092727492c861316227775e3be4988e175beadf44bb220d10cc3a183267
tests/basic_c_packed_layout_shapes.h	support-file	dependency-only	10427	bc0775da970ce43382cdc9a56afdf2783c87c88a69f948c0d1555c9492c7c060
tests/basic_c_parameter_alignment.h	support-file	dependency-only	846	0864a696ae2ed4b128cd6ea1b73bbd9c814cc25d4ae7f0b94558faadbcfaf31d
tests/basic_c_parameter_alignment_callee.c	subject	supported-object-zero-fallback	1120	0acb3f9c053439b10e280e136783a900efc99a438e11045a556f86a5c31eae29
tests/basic_c_parameter_alignment_caller.c	subject	supported-object-zero-fallback	554	e0bd22c7fea6e7108b3df37ce4c2ee200886b398ab5adeb4f556f4e22be9fd2c
tests/basic_c_parameter_alignment_observer.c	subject	supported-object-zero-fallback	356	4573471a4a5c68a06c2d0e41aa23d4cbc3c6f92ee13057025cb0df88bd3fc503
tests/basic_c_parenthesized_string_initializer.c	subject	supported-object-zero-fallback	552	5d50d4e59ad9b9d18573f381a3a494ca3c47e8eb8036cbb8a9adc0ee5b9e42bf
tests/basic_c_partial_guard_include.h	support-file	dependency-only	113	08bdb3bd5e5409b502efb2cf4b7b8eca88297c33237be45dc7b9c340e5329f7f
tests/basic_c_pic.c	subject	supported-object-zero-fallback	1705	35919f8ee6c9d1bc305f5b94ecab43f64858f7f808c8bb328f6685497bf8e6ec
tests/basic_c_pic_model.c	subject	supported-object-zero-fallback	1118	c6e3af6d7e4fc297dcc861f81624554111c18acd462c0cecdfa32b8474a4d6f5
tests/basic_c_plain_char_literal_sign.c	subject	supported-object-zero-fallback	1007	99b79d1df3886812b37d9a22a34fb338397a9c15d3560f5be077aced9ee30bd4
tests/basic_c_pointer_array_initializers.c	subject	supported-object-zero-fallback	1624	903094efb1e24230bf783232a06a6943c9d095a47970ce2cc76ec34d77301655
tests/basic_c_pointer_index_address.c	subject	supported-object-zero-fallback	1960	7518c5b383018d335ece3ec79e6712cfe5afebf68089e14130d4772a4ca7dcf7
tests/basic_c_pointer_to_array_place.c	subject	supported-object-zero-fallback	5072	81cf37ccfd2697af43fa43dfca928437ef24b58a4b48cc4b653efd379d5b5f82
tests/basic_c_pointer_to_vla.c	subject	supported-object-zero-fallback	4869	26fe3bb7cb9cb7a919d49563a26687c3604a631644acd0638b05ca9536f96c3c
tests/basic_c_predicate_bank.c	subject	supported-object-zero-fallback	878	16c2a225a704db51239cfb34bfbf98a214c1af038ecdad0a8c1ea0d9afbff432
tests/basic_c_prefix_increment.c	subject	supported-object-zero-fallback	303	eff73b0e702e093e1af0770be1d7fd3d86f59e85d95735cf4d717fdef21d8e2f
tests/basic_c_prefix_update_stepping_pointer.c	subject	supported-object-zero-fallback	530	48e6568bcd16b4a27de68da128b4c926ecde05a17da3c6592a56c73b4b78ce59
tests/basic_c_preprocess_backslash.txt	support-file	dependency-only	23	939285926953b5bd78372e03b3ba247b5d7d55d88a73cf024909bf8ca318fbca
tests/basic_c_preprocess_boundaries.h	support-file	dependency-only	20	5f6f40752289b06181903cb06962f519078cfd5df574167c4a6cf564bb8f011d
tests/basic_c_preprocess_boundaries.txt	support-file	dependency-only	516	4fb27b9ae9611f8641c1ff10f8eeaa413d2a14f29b2c2facbcd034b2a53ec7b7
tests/basic_c_preprocessor_error.c	negative-diagnostic-fixture	registered-rejection-control	111	2b894defcdd2cb05fd7406e8d84e6986602a7113ee2f4fdab2e97d09df04bf2b
tests/basic_c_preprocessor_short_circuit.c	subject	supported-object-zero-fallback	1617	d8997cb75e5056af3c54e14a3b1fc72b94a0c34cca7ecc020cbd74a3277da3ef
tests/basic_c_preprocessor_warning.c	subject	supported-object-zero-fallback	127	d98e4b5faf66516df4b619cd74308c446d2fe226d55392c775b60e998589b2e3
tests/basic_c_preprocessor_warning_include.c	subject	supported-object-zero-fallback	81	90c29405003ca4cbccbe16a2c7c4a8c30174cb2f2f1f29b7129066bf235e4f20
tests/basic_c_preprocessor_warning_include.h	support-file	dependency-only	1885	51562b0a3aaab28ad14dc1182fda88606c9ad01024bdd3df97e1cc3cbbdb0e6e
tests/basic_c_preprocessor_warning_second.c	subject	supported-object-zero-fallback	69	09f7a9d231c649a46fae6edd563ffe30c5eb4d8bf4bbe0e2786a25390a55cb31
tests/basic_c_qualified_aggregate_call.c	subject	supported-object-zero-fallback	235	b0135245d6cfb35248b605459131cd6466c875ff56e61bb466a3198cb2113c02
tests/basic_c_qualified_compound.c	subject	supported-object-zero-fallback	1396	4ebeb6422fb4bbf6163d0d7f86749b7e1c297a48a5f5ae96b7dca7b68092dc46
tests/basic_c_register_pressure.c	subject	supported-object-zero-fallback	4343	d141414200c2831648d05f3df20eda8ed13bef809045551b5c884a1e93b25cbd
tests/basic_c_register_variable.c	subject	supported-object-zero-fallback	3813	5cc525d37616ab86625fa22e76738072a925a5f5eae137fb4d3ed886027806ac
tests/basic_c_reversed_subscript.c	subject	supported-object-zero-fallback	3462	a3efa8ad8e4c1669525f88f6aa348b47c34986bc9f9ad49024a518198efd55e7
tests/basic_c_sbase_declarations.c	subject	supported-object-zero-fallback	4617	d1ded33438f70f4df402929bb2536e23f15078d6d040100a64241da0de2d6563
tests/basic_c_sbase_expressions.c	subject	supported-object-zero-fallback	4938	fc14e6b09aad6ee0af54e5548901050da575e86aa46afc5fc4bc0c40b463c594
tests/basic_c_self_referential_initializer.c	subject	supported-object-zero-fallback	1483	f0e7398ce0bac283265f1def0b744f2587c1c32fdfb3eaf74766f34ff5562507
tests/basic_c_shared_address_facts.c	subject	supported-object-zero-fallback	2224	a4831213fff70c9fffdf0f16d0547e9992aa2659c690b549b09b598b6123454d
tests/basic_c_shift_operand_types.c	subject	supported-object-zero-fallback	1631	1f9223d458285a346816f305c2b976afdbc16c96a440d1a0c5a03c5beef2fc66
tests/basic_c_signbit_images.c	subject	supported-object-zero-fallback	607	947d8f893557e2140b0ad405f727a67a7397e92f1cbcf7cf1ca0f8f4a0f3defe
tests/basic_c_simd.c	subject	supported-object-zero-fallback	21232	51db4771299701fda73a9e33e4c9f00a443ff268edefbc4166f0bd78088bbd91
tests/basic_c_simd_translate.c	subject	supported-object-zero-fallback	7144	76c1e91820227dcad6fd44a1ed159db4581006f86b6ba673f3834a13b5647d81
tests/basic_c_sizeof_anonymous_aggregate.c	subject	supported-object-zero-fallback	837	9c8ecbb218f349dcc77f08c6b81168cb8142ff4a2b6667c38dee7a5e52ddc7db
tests/basic_c_sizeof_call_array_bound.c	subject	supported-object-zero-fallback	1945	2f5ce3dc21f53d990017f04441d487036569c04045e787d66f68cf053262644b
tests/basic_c_sizeof_compound_literal.c	subject	supported-object-zero-fallback	7366	923e980b8578cb1598ac9b21e94474dd868e2b7f6c7b22b93b65db6b2bd7b677
tests/basic_c_sizeof_function_designator.c	subject	supported-object-zero-fallback	5034	0a8a8b891bef644e1e83608e923feca19bfa877778fc74a7c3422d49c63cd183
tests/basic_c_sizeof_missing_member.c	negative-diagnostic-fixture	registered-rejection-control	1222	61bdca6ef14e039a16c3149b725fa9be53126fe345fa7c9a4e7e3f8887d4eb70
tests/basic_c_sizeof_parenthesized_type.c	negative-diagnostic-fixture	registered-rejection-control	943	1be3bfc0493ae0f8a0c21f3b9a662c987a5724af8edcdd969c709f7377e7c4b5
tests/basic_c_sizeof_unevaluated.c	subject	supported-object-zero-fallback	2469	42324d01794629b78c07002f06daf086fb85af99c1f8c539d87f22d0bb98b3c3
tests/basic_c_spin_pause_builtin.c	subject	supported-object-zero-fallback	846	d2bab5b43ef4572db64d37b73fb2deda732269e76cafa5d2239273bf78713259
tests/basic_c_statement_expression.c	subject	supported-object-zero-fallback	6790	ae46df2c9ae1b1da66e4a649522cd1f8f6d6b4972805ad551f4347b358548b73
tests/basic_c_statement_expression_condition.c	subject	supported-object-zero-fallback	3055	e5c9346607c5c51d67af9e616f02427501de500923366686c15cb5044426bbca
tests/basic_c_statement_expression_value.c	subject	supported-object-zero-fallback	7947	ec048d1fa2fe94b57df630947b86f0f1fb1206e7bd135b94778fb8f2003fef7d
tests/basic_c_static_aggregate_member.c	subject	supported-object-zero-fallback	374	56f254b6c124d05426eef4cd45e8e0ac3a287f308600983d1f2bdfe6d3bdeae2
tests/basic_c_static_array_parameter.c	subject	supported-object-zero-fallback	1019	8600c347dbe3dd4e733d84f1048ac20abe6e40b0bc8cd99130cf4b271b483ea6
tests/basic_c_static_array_parameter_def.c	subject	supported-object-zero-fallback	1355	b10987a21a850214581cd8b85fc174186aeeedff42812a4988cbc8bb727c47bf
tests/basic_c_static_assert_shadowed_typedef.c	subject	supported-object-zero-fallback	495	7369a76bd42a07bf2be9279dd9dcc2cf50732f08e70dd23658b5871c97fae904
tests/basic_c_static_compound_literal.c	subject	supported-object-zero-fallback	11050	a366d1d8315abb8c56dc21fa55d3cef1b1532e3e48f3c3b42a7daf94d608fda5
tests/basic_c_static_float_literal.c	subject	supported-object-zero-fallback	3095	3cdc67e3fdd5b208351fb6f8decf41eb1278719da4269a4bc84cf1c8c370f7b9
tests/basic_c_static_local.c	subject	supported-object-zero-fallback	7167	e3e7ea3d3be4e20de920d191369a49d4d846667b11f99beeb16757c2c837b189
tests/basic_c_static_local_member_address.c	subject	supported-object-zero-fallback	1442	acf724db0f8664917c9793a004f1df804a8563c83c098b20a0c47d47bc5eb581
tests/basic_c_static_pointer_subtraction.c	subject	supported-object-zero-fallback	1725	f7a053d4f6b2e528f489bbad505f6263fb083fedd223bce0ca7cb2ddbcb2c331
tests/basic_c_stb_regressions.c	subject	supported-object-zero-fallback	3857	b11221bba4ae7091a483df8219569add8b080c44853968536725faa26fb00b2a
tests/basic_c_stdatomic.c	subject	supported-object-zero-fallback	711	7f22892f44c3a03f21eeddd54a800774890781d7f920d4b6354cb7464e32c39c
tests/basic_c_string_concat.c	subject	supported-object-zero-fallback	3957	07f3a19b7ef59f72b2c90479936fac1669511e6dff413ed266754be8140a9a5d
tests/basic_c_stringify_spacing.c	subject	supported-object-zero-fallback	4008	b0f278eeb609a210dd95417aaaf9a8b355fb85f018b3bf11c7948f4af1883c7a
tests/basic_c_switch_case_blocks.c	subject	supported-object-zero-fallback	2520	418d84ee09a2315cfb5b84323b1c2ebeb8ece736d48ba52034e94da19a1c4141
tests/basic_c_switch_case_label.c	subject	supported-object-zero-fallback	4975	a943f401bd8ad9fb292948d6dac436e741b28631dab9e81699230919f47ac7be
tests/basic_c_sysv_bitfield_policy.c	subject	supported-object-zero-fallback	728	922cc1edde2407365889992fa584203da0597000e6b1de1a0e516d31f7b80e32
tests/basic_c_sysv_sseup.c	subject	supported-object-zero-fallback	2205	b592e84cd297f183b834870367eb181c9a3182e3059899d7977975b45eb81129
tests/basic_c_sysv_va_list.c	subject	supported-object-zero-fallback	5518	8618785361502a916bd764db5f9cd3542fd5e36cf7a5649a70c77577879e223b
tests/basic_c_target_headers.c	subject	supported-object-zero-fallback	336	e215d6889d721ca04f234c5599d7b56f39abd7bedd0d7a491e99e35aad0fd18b
tests/basic_c_thread_local.c	subject	supported-object-zero-fallback	335	50a5e3999c4758f8ad8856d76d806ca57c0f1370c2bf41441866b116c0edd405
tests/basic_c_thread_local_models.c	subject	supported-object-zero-fallback	3172	ad6d7e6a1501bd843782d83dda3ebf09a246b096720cb79e7d92c3363a75cef4
tests/basic_c_thread_local_models_extern.c	subject	supported-object-zero-fallback	466	d8dcfe4639db5bacaaa0f931ee9e89fb315553aa9ef2e06cffcbcbce1ece8fc1
tests/basic_c_tied_operand_reused_source.c	subject	supported-object-zero-fallback	974	0b5995f557fd8fd85fb0ceff80bd9eebc58642e78b0cc1f57d3e354e4555b360
tests/basic_c_transparent_union.c	subject	supported-object-zero-fallback	901	6f97040499b9b335f89d5b143957136a3b5f0693e9c0ec440bc77c980da49cf1
tests/basic_c_type_generic_math.c	subject	supported-object-zero-fallback	5058	bda057131858795c7a265f0e7fd9c886945621cfaa9da9b2bc642af4e8dea355
tests/basic_c_typeof.c	subject	supported-object-zero-fallback	1722	e843a8fef77c123a8c72aa13caeffaefb859e32b22ac9b70c318ad994d1c9f57
tests/basic_c_typeof_address_member.c	subject	supported-object-zero-fallback	878	ffd49b3205c1ddc06a64bab015d795d0c3a6a4ec1921d8b339c7e7c3d34c8399
tests/basic_c_typeof_cast_member.c	subject	supported-object-zero-fallback	1140	63d7b68edff51508f69cef5f06198ca8e8d0e776478f6274afec9df0b96c7492
tests/basic_c_typeof_comma_base.c	subject	supported-object-zero-fallback	762	305b34381b401b3d1e737c9255e2cac1d2d938cb3b9e11e980448fcb556dadd8
tests/basic_c_typeof_conditional.c	subject	supported-object-zero-fallback	5531	cc239752d47440825afa2bb52f757375c27a94a42ac5e85d3831dc21f1c36193
tests/basic_c_typeof_declaration.c	subject	supported-object-zero-fallback	3808	dc05c584585e6e9ffc24d1446817a1609a4aeea1be75c3c18bd0088220ee5b7e
tests/basic_c_typeof_expression_frames.c	subject	supported-object-zero-fallback	1903	4594e7c4f3eaa3e524c0967cf1a7e3ecda8468f75395370aa85863a0ff0d3d13
tests/basic_c_typeof_update_operand.c	subject	supported-object-zero-fallback	979	30b951bf38dd8a28e854b0069b57b0f584fdd997f89d35df01dc8413f719f63d
tests/basic_c_ucontext.c	subject	supported-object-zero-fallback	2017	8501d7fcc19bca69430f2975bd4000d5d035eb2caad296d98a7930e22da8aeea
tests/basic_c_uefi.c	subject	supported-object-zero-fallback	1179	e56606c198aba3b464e9466fad09defe80afdea14076b19262f16b489f528e8c
tests/basic_c_uefi_archive_main.c	subject	supported-object-zero-fallback	313	d3910da36109406599ef92f233f26f0298a84d975b9b77bd54c2892cb726bffd
tests/basic_c_uefi_archive_member.c	subject	supported-object-zero-fallback	94	df4555aa7ddccfb6d5d00cd4d4f412ccd738ff28b44e4872d236334ba24cac9b
tests/basic_c_union_designator_merge.c	subject	supported-object-zero-fallback	1384	094105105ea7da737dfe8d5f135d9b4f3260262c71453cfc3e2a9058f080a00f
tests/basic_c_unnamed_initializer_members.c	subject	supported-object-zero-fallback	2789	27b8b8027466519d065a5699dbd5a8453aa7d7ded0f2fdf0827c7f5dc4ff8900
tests/basic_c_unparenthesized_sizeof_initializer.c	subject	supported-object-zero-fallback	3135	8c76ad10bc602aad0e8c4e875f79259eaa8e4883881c2158005c6a91c9021b76
tests/basic_c_unprototyped_call.c	subject	supported-object-zero-fallback	2305	7a85f538b5f528dc2010021c588cd2ccf407e69e081bb4d67656b906fc120d6b
tests/basic_c_unprototyped_call_callee.c	subject	supported-object-zero-fallback	1355	c68ca659fdc090a4604e0fd54888c8c84c6fe8ae9e98b35de63da1ea88a53f87
tests/basic_c_unsigned_float_aggregate_constants.c	subject	supported-object-zero-fallback	1693	64772e4cf0de27092f8b51fa030ecf47809e7efa80e3e2fb294c92abca934a6e
tests/basic_c_unspecified_array_parameter.c	subject	supported-object-zero-fallback	1714	8e152715b95cd8c415026d661d84f3759a301460337e7e2d6eb44b9effec1442
tests/basic_c_utf8_identifiers.c	subject	supported-object-zero-fallback	488	c89a57e55e7569fcce0bbab964630d3b561a3e6d8769c24c95d7cfe1e6fa1091
tests/basic_c_va_arg_long_double.c	subject	supported-object-zero-fallback	9429	71f30b695fb5920bd8b8b2a0ddd103dd8b36982728e2a40a45de61206123b81b
tests/basic_c_va_list_places.c	subject	supported-object-zero-fallback	2421	bb3b4347dcdf21f6ca67c1ca4c25e2f050814d76074cbc7420e287b61f83d08d
tests/basic_c_variadic_comma_paste.c	subject	supported-object-zero-fallback	1420	387cccf14f1a7c73bada10b4203657cc3bd6099c06c42f3d80a5e9a68543ac5c
tests/basic_c_vector.c	subject	supported-object-zero-fallback	8219	c8ab19f6beb9353df13b83981ddea80ba97fe4f667c01e074f57159b651d52ea
tests/basic_c_vector_argument_short.c	subject	supported-object-zero-fallback	4334	b862b84dd7c67de3b4e276f8da00b70a036780dbe98a0adfdfa9bef116df5b38
tests/basic_c_vector_argument_wide.c	subject	supported-object-zero-fallback	4695	3f41820264068254428ad051fcb7b73350b276567570156059aa5a82817ec3d1
tests/basic_c_vector_argument_ymm.c	subject	supported-object-zero-fallback	3463	60e425f5ec5844f81c8302b8cf0eeed11d4dcea8234604482c7f9f8f8000d983
tests/basic_c_vector_arithmetic.c	subject	supported-object-zero-fallback	2158	1e72f23f557c9d71f2069643127da5e39eecdc0f40f93106e801c7295eb8d15f
tests/basic_c_vector_initializer.c	subject	supported-object-zero-fallback	4124	c2642654c78dff5102383ee0c8179fbcb3c3e07201fd7025ce091592926cb45e
tests/basic_c_vector_joins.c	subject	supported-object-zero-fallback	766	39df92a56fbb41d1a35fadfcad1dde7b104b2d5f994cc4f1b5db9f49cae00fde
tests/basic_c_vector_lane_edges.c	subject	supported-object-zero-fallback	3698	dd25f183e4609094d82a0f80ec3e5db2e748c7388949286e1b5a1c62afc345a0
tests/basic_c_vector_register_pressure.c	subject	supported-object-zero-fallback	8298	0878f93f336f8e61faf2f5a2e79d6ae7939e2d354378e4aea679d0b12bf1a240
tests/basic_c_vla.c	subject	supported-object-zero-fallback	10015	0d15de01287e9a5743db68b576ca1271e20604da2723522c7e2c903284191578
tests/basic_c_vla_declarator_list.c	subject	supported-object-zero-fallback	3191	b17d1a00a40d0ed1c9e8245ca068b6192e62a3fb72e928a1b13ab1d618df0bbc
tests/basic_c_vla_row_address.c	subject	supported-object-zero-fallback	8199	ac8e78c78bc398c5de7b43ac1ac3ca810d12442eb14a11979df13c3bdefa9310
tests/basic_c_void_assignment.c	subject	supported-object-zero-fallback	338	b7b920582b1519bb884bbb9ed0465bb2028c5897c4a0ce0b4dc26db18cf607ac
tests/basic_c_void_size.c	subject	supported-object-zero-fallback	7048	e696abb002718fa218f1c740282e017eac228a4c8a007bbdfe37b9690032f9ba
tests/basic_c_volatile_aggregate.c	subject	supported-object-zero-fallback	7778	c22b226aeeea44f0c74d105c127ddc10dacf0680c47584905851b81af594d5fb
tests/basic_c_wasm64.c	subject	supported-object-zero-fallback	678	dbdafb3b753b6d26bed09a443862e0a849b8ae80cadb897f1a29b0dcbae43767
tests/basic_c_wasm64_alignment.c	subject	supported-object-zero-fallback	1619	4056aa18983d45ce36504e90348d0cc6a8b41af7867f4b58d977dd2fdb2c027f
tests/basic_c_wasm64_gfx.c	subject	supported-object-zero-fallback	135	66cb3fbac12ad47850f6f16379d936409a95f9b68db461724181bdd44a158e11
tests/basic_c_wasm64_integer_opcodes.c	subject	supported-object-zero-fallback	2153	9539107ec034d427d9d580b7ed8aa98bbad7c9d891ed639304c19a830595e0c5
tests/basic_c_wasm64_integer_ops.c	subject	supported-object-zero-fallback	1225	9fbf45bb24ba6c63a812e94fe2a62b2a29071bad5e24e62f880a991c23a1d27f
tests/basic_c_weak_alias.c	subject	supported-object-zero-fallback	3821	eb5862470be08540181d88a7ca325f5261eb0a6174c242eccf8a0ec30d1967f8
tests/basic_c_weak_archive_main.c	subject	supported-object-zero-fallback	374	7e7c35897f8506ebcadbcdc6280ad66672ddd4256346145625ab29a3ade277f0
tests/basic_c_weak_archive_member.c	subject	supported-object-zero-fallback	87	00d66440af16b355f17e829be4fda4ce55180052ff980e1e94cc1b877b76e73b
tests/basic_c_weak_undefined.c	subject	supported-object-zero-fallback	2801	5ca1d430bdbb2b57c30e0371ca7ae34532a09efa7f91d26d00843a5f20883194
tests/basic_c_wide_argument.c	subject	supported-object-zero-fallback	2815	9d3c398ae667526972651851e3d7ce145cfd6f87688df523e465184dae88deac
tests/basic_c_wide_vector_abi.c	subject	supported-object-zero-fallback	4282	96473d5beb23eab706fa80f2449f62e4b8b9eea06d607a08a6aacda81616239a
tests/basic_c_wide_vector_argument.c	subject	supported-object-zero-fallback	2529	4986599d8b901520a652e198d36bb9b8257dc00aa5a3d8728dd026720709120a
tests/basic_c_win64_dynamic_stack.c	subject	supported-object-zero-fallback	1489	32055e9a640e345cc5b570de50382c708d27a4f62b7897c47bdd7334876c8111
tests/basic_c_win64_large_frame.c	subject	supported-object-zero-fallback	732	f0cfba3f79c97e12c44bdb9716cab7d084f9dba8a5619ad4ce803e180a244c67
tests/basic_c_win64_narrow_abi.c	subject	supported-object-zero-fallback	7054	a02e5e270db11ca24d3545787bfc371b9f25bda0b9d8b65b34503f3caca6215b
tests/basic_c_x86_64_i128_binary.c	subject	supported-object-zero-fallback	11730	ecc966e45c3ce5f1bc558bf1d6b9c9cb813ae62262c121be342ead23bffd5ef4
tests/basic_c_x86_64_i128_complement.c	subject	supported-object-zero-fallback	2079	d3c16be9f13b89cba866786fdf122074aa5d1fe738c2f840141f62788381a4b9
tests/basic_c_x86_64_i128_stack_abi.c	subject	supported-object-zero-fallback	3408	eea58b73eef2360f4fb9c6f1fea098d256703eb2e6e4fadc4312031c09016c25
tests/basic_c_zlib_regressions.c	subject	supported-object-zero-fallback	1501	d9449069c5de4004a1c85466de4c3b5b568bab913a733bad39b2866c3474b10c
tests/basic_character_literal.bbb	dormant-custom-language	preserved-not-active	96	e6c6a0ddc0ecc9a456904bea3149d2712d898ed1f6b2ea655ddc76fbd7ce135e
tests/basic_cjson_roundtrip.c	subject	supported-object-zero-fallback	636	1f528863c902c039ae3d1a9391eb5a0478d5fa60bd123b8e170a9e981c852da8
tests/basic_code_non_function_type_error.bbb	dormant-custom-language	preserved-not-active	124	9b9f9716a00177c722a1c9a2e73eb56e3a9f26f7a34e9651274590c7e6aad031
tests/basic_comment.bbb	dormant-custom-language	preserved-not-active	310	c9ae82cf1cd66cb39a5f824bf017c7e1969b8a699ac0e663aaf400898d85f623
tests/basic_compile_time.bbb	dormant-custom-language	preserved-not-active	404	3718557541fc9889b020256119b0edac485e1b0f61d0f53dbbf83732f7ef5325
tests/basic_continue.bbb	dormant-custom-language	preserved-not-active	206	bb43ec75b3025663cf2dd691f0a599f2b1e171fd89024d1063a1e4736ca2b727
tests/basic_doom_headless.c	subject	supported-object-zero-fallback	22687	874cf5201418d0232a4ab7473a907b12c5cb818406ee02072af96929cc8de7c0
tests/basic_else_if.bbb	dormant-custom-language	preserved-not-active	288	6b5c3e267b367d48129e0c9f78465c454c0cb3e36bc93d18eeb941f6cabe2d7d
tests/basic_enum.bbb	dormant-custom-language	preserved-not-active	355	dc5616f70a0e95820a8e229fcd17d8afb5ab57b101412d74399626bf2026f196
tests/basic_float.bbb	dormant-custom-language	preserved-not-active	130	ef601fa04d5d8e256d8ee1efc253bb9f68e262e60d62100c81891524bd023028
tests/basic_for.bbb	dormant-custom-language	preserved-not-active	262	54d472dc45c95a1860df6c30809f874699844d19e1067d7e1d963c8a3f8074a9
tests/basic_function_call.bbb	dormant-custom-language	preserved-not-active	338	98d614bb668fcf1cdd80f8ecb30e83c52209b89973b361a217570b8b72da2e00
tests/basic_hexadecimal_literal.bbb	dormant-custom-language	preserved-not-active	100	3ad0f46a9c121e526b734d4a3cfd4bc5c438763130d16baa7bc85330d391ff45
tests/basic_if_else.bbb	dormant-custom-language	preserved-not-active	223	15f011a0df9bcd17e893ad0a8e1fb9b6fc5fd2015eb26a3732ef9d8bafd672ea
tests/basic_import.bbb	dormant-custom-language	preserved-not-active	105	79244580eb05a7b3c1dfe2e6bbed197acd47a834332e4838bbdabac7ac8f650e
tests/basic_integer_literal_add.bbb	dormant-custom-language	preserved-not-active	102	11a1b2a942fbdcd79a9be435ec553bb85d4ac62e482f3c9a710b75ea78d00e37
tests/basic_integer_literal_and.bbb	dormant-custom-language	preserved-not-active	102	2147bdc15b35a818e275aa8f635168e8755ad55b5362c407f192ab0dd9bc5e6e
tests/basic_integer_literal_compare.bbb	dormant-custom-language	preserved-not-active	126	0385a4b720132f717fa459d91ceec1c8633c267bd84ecdbb561ef32340a9446c
tests/basic_integer_literal_divide.bbb	dormant-custom-language	preserved-not-active	102	64e7d0db82f5baf8aabb147d63abdf69c199eadfeb78bd80c1bc1a093bdb1872
tests/basic_integer_literal_mod.bbb	dormant-custom-language	preserved-not-active	102	24610e12254fc728edac035c3c3cf2b55994b1133761e9ce0678df4e417f8787
tests/basic_integer_literal_multiply.bbb	dormant-custom-language	preserved-not-active	102	2bc1a24c0fe3b4d92c929218f96d3b7362ef35baaaf5ab740c6c3740511736d4
tests/basic_integer_literal_or.bbb	dormant-custom-language	preserved-not-active	102	5fb3fa131b6d0c97adedaae00d06a605eb89b22dd2e765abab95f538e1de0556
tests/basic_integer_literal_precedence.bbb	dormant-custom-language	preserved-not-active	115	ae66cff5f0b01831989d65fe8f46c9b35c138b1be9768e693dace0b707097d64
tests/basic_integer_literal_shift_left.bbb	dormant-custom-language	preserved-not-active	103	2f6ca5d64f8951642683b2f477aa88bf179d266e3e36081163026f2ccab98928
tests/basic_integer_literal_shift_right.bbb	dormant-custom-language	preserved-not-active	103	14b9f722e5cc745d761766e3d3a03f2c9f683c9ce14a309fa3aac2f02ec7331a
tests/basic_integer_literal_sub.bbb	dormant-custom-language	preserved-not-active	102	0f7c00612c12183668c630fc4f784db84be47040a11dc9b9f8956f856811eaa7
tests/basic_integer_literal_xor.bbb	dormant-custom-language	preserved-not-active	102	7e481d30a5229c2d2e836f27d56be72aaebc4c2eab099da53fecdb333c88972c
tests/basic_logical_not.bbb	dormant-custom-language	preserved-not-active	100	6abc18f4b31d099b0d252dde79b856948ac02a9e19f915e39545ce7e350d6262
tests/basic_loop.bbb	dormant-custom-language	preserved-not-active	225	b7e38fd4895f009d4472c4b7dc9b2c84d8e072b8f278f659b5f2c33387e32bc9
tests/basic_lz4_roundtrip.c	subject	supported-object-zero-fallback	14935	98c3b203d4a6480af99370aea640ff3aba359c99222208f470dc3dac3b536edc
tests/basic_minimal.bbb	dormant-custom-language	preserved-not-active	98	3e118d508a1273c40e2908a1562a86fc20749ed89cd551105c340cc622c74a51
tests/basic_musl_freestanding.c	subject	supported-object-zero-fallback	16199	c6440cb45bf23208b5b9a8783c5c0f835dd34a75cc67fbeb80f221b5165ff8ac
tests/basic_octal_literal.bbb	dormant-custom-language	preserved-not-active	101	b23b4e5b9100860029e98fe523dec161967271f499c53fa52390b7f7d4399d3a
tests/basic_pointer.bbb	dormant-custom-language	preserved-not-active	168	bacfa3ba16ebe6cce17a65c0a3541ea715336688fec8e0f6adb1ce7d589c7285
tests/basic_quickjs_workload.js	support-file	dependency-only	6777	e7af1e1af4f17badded6c41db8d595a987b8c056c8de51a2e9f7e124e2666a8f
tests/basic_return_without_value_error.bbb	dormant-custom-language	preserved-not-active	39	1ec1ae537191f5fc3e63727abe3ab036183b60d05617d8e17db80ef5c2e47d99
tests/basic_stb_compat.c	subject	supported-object-zero-fallback	14711	b27e716f2b98d05ebe7472bead41d78aac727d54872cee544a6c526ba6155a1a
tests/basic_string_literal.bbb	dormant-custom-language	preserved-not-active	156	7540c835871fdfca78d936ede917576d6ea48548f5a52f1a5fc93d1e00a0c90f
tests/basic_struct.bbb	dormant-custom-language	preserved-not-active	188	2956c0cd6d3e9d8618801476049e60217c4f81715fac90ca7c2e962d23386acd
tests/basic_switch.bbb	dormant-custom-language	preserved-not-active	233	357ea59891fb2a5f939c053b5949c3c114d5cc0498741794a1eecfb8f54b90f6
tests/basic_type_alias.bbb	dormant-custom-language	preserved-not-active	240	22402088cda214c9e2c258b9a744f72af9aa2f8b0c7bf5f0ce70d97bc89edddf
tests/basic_unary_minus.bbb	dormant-custom-language	preserved-not-active	100	9313df0afc18d809507bdb0df504c7a048082d6521944458da165cc69b75070c
tests/basic_unary_plus.bbb	dormant-custom-language	preserved-not-active	99	3c6a26829ef7c6d5a735eee5846c26d06fb0d2cf848ce223cfff19e071acd3b1
tests/basic_union.bbb	dormant-custom-language	preserved-not-active	239	43a986f7c12c2b5e21f8159f1aa721e4bb24ccfb7118e1b9ba9761bcb11a4a45
tests/basic_variable.bbb	dormant-custom-language	preserved-not-active	130	98e2983f5151fc53e03e116fc1b98550d96ab23b669c4009fb834e8a1ab4dabd
tests/basic_variadic.bbb	dormant-custom-language	preserved-not-active	1384	a6476fb8732fa8f7d9e0b5d4dc4faf9b1e30125f663702dba3814325a5184b25
tests/basic_variadic_error.bbb	dormant-custom-language	preserved-not-active	70	4fa66c20f17d030aa597a52ff3385120e7db7bd766043eb142e68ac2f452e16e
tests/basic_vector.bbb	dormant-custom-language	preserved-not-active	465	0ce1e4a1e384dca13393a55c8992fb9b8ecd2b5ffe5dbecca73ec421fe83714c
tests/basic_vector_error.bbb	dormant-custom-language	preserved-not-active	99	6908687855a7585a20052eb125fa4d10c985637560516ff082d5275992243904
tests/basic_yyjson_roundtrip.c	subject	supported-object-zero-fallback	1362	7dd6ac4954371997382f1cc62bd9dd65b554fac4a7df5cacd527c66e14954523
tests/basic_zlib_compat.c	subject	supported-object-zero-fallback	2719	e07cfcee5eb32713d3cd66a83928e1a6180769ab3c28ce5040d92ac0999482e5
tests/bootstrap_wrapper_test.py	support-file	dependency-only	22359	dd082faa22b7daaa836d779f68267b45fea03515d0c058484bb27c1ce7bb7a09
tests/build_compiler_identity.h	support-file	dependency-only	293	7b09f25eab0b787dc6371259b88f20fe1a2902d67ce51561b89b65f86727ce49
tests/c_abi.h	support-file	dependency-only	5796	6227f4fb0ac35c22a1912d74511d9d129fa23f0da1985e42c70aecca5742a6dc
tests/c_abi_cfuncs.c	subject	supported-object-zero-fallback	560068	67f52ef96fceb60b7fd164d2bf16c3c7b8b2adab3a8641d578ff058902bb2902
tests/c_abi_main.c	subject	supported-object-zero-fallback	42497	d11dff22233e269273eab84daaafc943d992fd34797d050ca0495b3496bc8446
tests/c_abi_main_generated.c	subject	supported-object-zero-fallback	430956	73a819197d18aa10521f152615f05267471e57dcf4c0b4ed9296b352b667c092
tests/ci_apt_test.py	support-file	dependency-only	15223	6fd7be0dc8e5a0e27bda15dff000e0117d2968664a6f08345c44ab289c449409
tests/ci_recovery_test.py	support-file	dependency-only	7360	4447e9cb9e6f571150996c5c1910870dc0f0a07742d47bbf1a1f9a6b707f83d6
tests/ci_tools_test.py	support-file	dependency-only	79435	f6bef414fabc8857e3e3cdff4eadea432be26ece39391565a730c00262c1d3b9
tests/compile_time_argument_error.bbb	dormant-custom-language	preserved-not-active	136	1373e6e8e8f61eeb90fe6707d1fe1897851837d14da5456a88001390bd50af0d
tests/differential/aarch64_platform_variadic.c	subject	supported-object-zero-fallback	88	56bdd6e91391f67cb6548adfa697706e25b93ab346649714370c3ec4c8882ac7
tests/differential/aarch64_platform_variadic.h	support-file	dependency-only	2011	1230f644ad5e65ad24d606043112b3066d0c335e0ac08c89edf740e656a50f97
tests/differential/aarch64_platform_variadic_host.c	subject	supported-object-zero-fallback	5605	57ad317e6d5dc5caeac9f05f17da93e7c16d40e0aa0531404e2e66b4501f0c8a
tests/differential/aarch64_windows_variadic_boundary.S	support-file	dependency-only	3893	92a32d3a18217f50683cd2287615e247b1076cf159cf7e83da6a26cf9b4e3b63
tests/differential/abi.c	subject	supported-object-zero-fallback	777	2cbc18e1e3d0d594a300a40020185c22699e3533bacbfb4a0cc41c2e3e7a653e
tests/differential/abi.h	support-file	dependency-only	683	3ef2287f37c67ddfc2eb7a8544ee2caef1d13c061a4173c62e169bc578995dda
tests/differential/abi_host.c	subject	supported-object-zero-fallback	748	002e2139d3ea420231ea7644516bd396f12202ed63cb137d6333e88ac2696011
tests/differential/aligned.c	subject	supported-object-zero-fallback	764	8579cf9e4db55f255e2ffe531ca0d1d0649f9a8a0005677d384a8d29b5fd38d0
tests/differential/aligned.h	support-file	dependency-only	605	095b34643146cbae5405c731ee5741d11498cc85d7654c1a6d2da214168684b0
tests/differential/aligned_host.c	subject	supported-object-zero-fallback	614	5a37fad0c8728c7a104030ec91f264291b6ca87e636a321904f40ad18ff14338
tests/differential/clear_cache.c	subject	supported-object-zero-fallback	669	3750e1319dd237ad976f73d340e5264ec986ff33f00533ffd94d5466f4956ffc
tests/differential/clear_cache_aarch64.s	support-file	dependency-only	385	8bc46a67f00691a1284648e2444261515d5d58b3c25947e81e10bec97511936b
tests/differential/clear_cache_host.c	subject	supported-object-zero-fallback	1529	1819127f28a6aa982d8150d263d6099d496c6eae6a547986dd35f33e5db8d3dd
tests/differential/cpu_queries.c	subject	supported-object-zero-fallback	1407	383425689860c32b518a29f4faeaa5e6c5a2a52d8f602c5d647215f1e91e3519
tests/differential/cpu_queries_host.c	subject	supported-object-zero-fallback	1890	82e35d636aeae8356d395d25f06427629b535e6d997467fcb2e846d23ee541a9
tests/differential/many_native_arguments.c	subject	supported-object-zero-fallback	87	00e895b4b36e6eac770648f2279f54df1692c8bf5fc42c69b054004ff3cba73c
tests/differential/many_native_arguments.h	support-file	dependency-only	8044	58e08776e94765b7af6c52efdacc248f0afaae55e3ac47996ce6088b2b97e865
tests/differential/many_native_arguments_host.c	subject	supported-object-zero-fallback	3670	ac059c36fad80db6b25da216d2f9e43ea29324ab1a8f6d51b98e7d24dfd0375f
tests/differential/native_aggregate.c	subject	supported-object-zero-fallback	4478	a2a6c77f8f0e219c17cac013532c7436b6a6bbbbbf63c91bb873b79ea1bc1f8d
tests/differential/native_aggregate_host.c	subject	supported-object-zero-fallback	4934	872792b2e3e6e22cfbc81365b5509c9bf30c45c2274e0eb6cbb738160c0be1a2
tests/differential/native_variadic.c	subject	supported-object-zero-fallback	17706	7b41a87fe559128efab82c4017b2087f77b74e9e262cfe20ee793d7a71f848a5
tests/differential/native_variadic_host.c	subject	supported-object-zero-fallback	20003	b817f5b87001c4fd85403e608f4d3834b8e2637fba8188da554310e3679037e4
tests/differential/observables.c	subject	supported-object-zero-fallback	868	6343822b049ccfee7274edcb19aff54bb55b2fa446308e4bbd25a6d0aec42576
tests/differential/qualified_aggregate.c	subject	supported-object-zero-fallback	1567	ecb9ffa1d39909d9ab40c3e3b3f61902da614ddd70b3c76185911c216de1b335
tests/differential/qualified_aggregate.h	support-file	dependency-only	906	dfea20022caae1eb7ef093ba99d85308e9c86043213f593b6d7ba7363b723b74
tests/differential/qualified_aggregate_host.c	subject	supported-object-zero-fallback	1418	f98ecee66fd9d2008cc4310b73938574a3fc228124da3ce5078c3a5af8cb57c7
tests/differential/reject_syntax.c	negative-diagnostic-fixture	registered-rejection-control	34	67dcf2326bfbc3eac0d974d026c773928b1665b946db45cee1de1977a412475c
tests/differential/reject_type.c	negative-diagnostic-fixture	registered-rejection-control	154	7fe477db69a3261a7b44487f19208ec3512fc5ce11f39d17ddeefaad136386e9
tests/differential/switch_unsigned.c	subject	supported-object-zero-fallback	903	2c75be8ea2f84b3da1a7d83749eea0c051394f2688517fa889f34e8b1ca29884
tests/differential/switch_unsigned_host.c	subject	supported-object-zero-fallback	791	9178d08f4a9712376dc30fc87f5b8c049ccdca2e275eb5555cac0cdb7b68fe4b
tests/differential/sysv_va_list.c	subject	supported-object-zero-fallback	68	d313f12d2c66dfa466da83412d4c1541c5558e1229c7f664cacf6bf4f5d1c252
tests/differential/sysv_va_list_host.c	subject	supported-object-zero-fallback	2717	14d44694f46383adc90f1bf4391a7438107e1d402980618bc2516b68bbadc8f6
tests/differential/warning.c	subject	supported-object-zero-fallback	72	4b7c4b6c89afaa3fc264ce441ac904183a67ab85671b37aaa588e2fe1a670085
tests/differential/win64_aligned.c	subject	supported-object-zero-fallback	4513	9c743e3d644aa09769b3ec3d07fd93c1a0668cb3313dbcc1e9e2f3d566fd96c3
tests/differential/win64_vector.c	subject	supported-object-zero-fallback	3657	7f746a9329daefc8dfd28c937200381ef526efb19e9cac70edfeb82df9230c68
tests/differential/win64_wide.c	subject	supported-object-zero-fallback	2055	f316abe1fbc0056170d1efde3183465e0ee7306bec2ff8e2d61fcb623ba3d0af
tests/ebpf_scalar_regression.c	subject	registered-non-object-control	9068	9015a582cdf71345f5a9a1cd62aca673f9f1d352d07d09e98e7d6cf508ff087a
tests/ebpf_scalar_regression.py	support-file	dependency-only	1314	6c06f7ed1868fb69f5ecdcb4d98193ec664abf160f19c03420ce7478d5f92a59
tests/errors/malformed_function_alias.bbb	dormant-custom-language	preserved-not-active	91	adcf68826023f34b7fa501a347b793953cdc443cef4da08c0d84ec896ef8fb68
tests/errors/malformed_import.bbb	dormant-custom-language	preserved-not-active	64	ef1b1f0388bf14116e8b2a8d66f42619ae2d32d664a039b83f4c86bd2f6bf393
tests/errors/malformed_type_items.bbb	dormant-custom-language	preserved-not-active	192	450cec6a794f0b8e638e10fcdfbed8982d6039df7512fe3eb2bb805780daf873
tests/errors/missing_alias_type.bbb	dormant-custom-language	preserved-not-active	52	634ef2577c8d016bdd99caaaef97c0ec89f2dc7d51fe7976eac2880da993b65a
tests/errors/missing_array_delimiter.bbb	dormant-custom-language	preserved-not-active	81	73d123c15b78e54f598e3b7099799ef15b51b7f306b086c45bca0bbe92dfdb11
tests/errors/missing_call_delimiter.bbb	dormant-custom-language	preserved-not-active	74	e9c459322f7a62938a300a7f473ad56f12700451ebabaf2c4785bae5dc159704
tests/errors/missing_compile_time_marker.bbb	dormant-custom-language	preserved-not-active	62	09aefc969e639f5fa976f023a8dc23e1cd144a45f6a149d0095233e622e87df5
tests/errors/unexpected_top_level.bbb	dormant-custom-language	preserved-not-active	2	ecf5de1a2ecc66a1876a832804c64f6b5125784e94c82285d9720621c613ab46
tests/file_map_read.txt	support-file	dependency-only	24	d3c54a418e457252b9ce6eb4020f47292df581e0fb6d1cb4744d563b246ddec6
tests/frame_vectors.h	support-file	dependency-only	1027	98953a2195725ef17dbf7fb7765751c2c0ab8ee073277d39c3e2d95f730a26ac
tests/fuzz/code_non_function_type.bbb	dormant-custom-language	preserved-not-active	25	b235f77af72b9dff2263d549b8cc8fa79ee4a8a2a2c57b70d435015329a1d550
tests/fuzz/return_without_value.bbb	dormant-custom-language	preserved-not-active	39	1ec1ae537191f5fc3e63727abe3ab036183b60d05617d8e17db80ef5c2e47d99
tests/fuzz/valid_buster.bbb	dormant-custom-language	preserved-not-active	40	7888a0c41d7efc760e2e2955e0641f99e6af1545cbfda07231dd0b4e4df57002
tests/fuzz/valid_c.c	subject	supported-object-zero-fallback	95	a6bcbd42de62c26dee776b786cd36432ade5ca065884e2ab4acbf1c0f2901f6f
tests/github_runner_bridge_test.py	support-file	dependency-only	23321	564fbf34f3362a4b47e48f3379e5af2a6fcee2d10984fc1c7ecde443bf692387
tests/gpu/metal_reader.c	subject	registered-non-object-control	2348	a9013aae35ebfed695f4a4cca4dcb3ee6a78e4cee86091efafd5ea6cfe87ef0b
tests/gpu/ptxas-requirements.txt	support-file	dependency-only	266	1c16528c3597e768e4d9b57205ae9e1d845f81c6247695c56f12bd8a0b571f9d
tests/gpu/smoke.cl	support-file	dependency-only	185	4af41171a25c6b0a93e405910ac2f2f9035414fb74f91c262c7350d67d8f75ac
tests/gpu/smoke.hlsl	support-file	dependency-only	236	510fa503ae77a5fb29dfbad113e4e24c6c556377bf80bf36ccae66fa3add0dd8
tests/gpu/smoke.ll	support-file	dependency-only	396	0c294c24d6de71b8dbcce99ac6b881bb03adc0286c8dc1dc8e40a84c662f5106
tests/gpu/smoke.metal	support-file	dependency-only	192	f519a92229ec74c8841b772f173a79a5481503330660bf6a182f07f1b302b7e7
tests/host_aarch64_dynamic_calls.c	subject	supported-object-zero-fallback	1833	37828c4168d1206a5d563b998552c96f258dd02184b12c000fd7dc9c44d2cf2c
tests/host_aarch64_float_to_f128.c	subject	supported-object-zero-fallback	859	0c566983b8fd8c56248b49e2391200dbecb710c5baa205f87017bcb9284e2046
tests/host_atomic_pair_contention.c	subject	supported-object-zero-fallback	7360	754c9851c46af39c01fcd6432cc376e479c8654013c53bab1b2c9652093019c5
tests/host_dwarf5.c	subject	supported-object-zero-fallback	479	d55516f20d6b77956ff13a87cce90a02c4db236ea61036a13a11ae30bab0ff29
tests/host_frame_vectors.c	subject	supported-object-zero-fallback	1232	a2e83d1311529dc6253bd442ae587b5cd08e5a243694a82f8816441a03cb412f
tests/host_signbit_images.c	subject	supported-object-zero-fallback	2786	b351dac0d27fff0cd1deae8977b1efc7a706a92e4e487619e32fa72e1dbb02ee
tests/host_sysv_sseup.c	subject	supported-object-zero-fallback	2902	f1a9be0aa226d95a83a02bf27af0c1c13817241909905698fa3fc145e920faef
tests/host_sysv_unnamed_bitfields.c	subject	supported-object-zero-fallback	897	1f06b21dd00b2a906e1190b242c75bcfdc35e3e9794e5d8d6903dbecbd6fc80b
tests/host_vector_arithmetic.c	subject	supported-object-zero-fallback	4308	d09373042e5b6aff4843b5fd9d740ef7abf374c2592358edd4757bab295f3450
tests/host_vector_joins.c	subject	supported-object-zero-fallback	1549	a402c34b17e493915736c9b70e6e2bd5a6837d09b40e64fed874b58676c34cc1
tests/include_first/actual_next.h	support-file	dependency-only	30	f3995be9b302aacb3490e42eed7bc4f76824c584708f6c3781f59bc9d5befbf7
tests/include_first/feature_next.h	support-file	dependency-only	60	9a8a159d2e369e32433fbe369192bf76bbe214804f3d198433d5cea08addf893
tests/include_second/actual_next.h	support-file	dependency-only	3	c6ebc76be5dc1f8b433f8d6fd9bd85cd9325086038442db8614bb799fec6fd85
tests/include_second/buster_test_builtin_include_next.h	support-file	dependency-only	3	5ced0deaf966775a8b592f6bd95a33a67053b242a7c13654896cd9f2d36a0e37
tests/include_second/feature_next.h	support-file	dependency-only	32	f86a9929428b9905f77a1eea800775d39fc0c00a458d239a63aabc77d9c7580c
tests/ios_bundle_assets_test.py	support-file	dependency-only	7845	44068b30007addc3bfed5d8d8a733931243b4f9e609c6841c1acc92e00712eec
tests/ios_launch_monitor_test.sh	support-file	dependency-only	3886	6046f63d2277e6d2f8d8b6bc69953aa4057c5f53a1296c5cac553f7d477e7978
tests/issue36_target_wchar.c	subject	supported-object-zero-fallback	1213	896812a89b6f3c0916ee7a3e35ec905e01b1e4bfdd684a4fba954bb57e4403aa
tests/mobile_ci_fake_tool.sh	support-file	dependency-only	14217	b832cee5d4ea5f79bb2e029bbac5923887e865b168448b69afee13101cb5922e
tests/mobile_ci_scripts_test.sh	support-file	dependency-only	40218	7286628dfcbf37b6e34a6fbbd421af961ab93e6137dfc187a3ed14d4e37693a6
tests/modules/core/math.bbb	dormant-custom-language	preserved-not-active	86	109cbcb67a7bc68ecaa973368aedafcc1d63a71a6a1dc33bb074a8f6da006f22
tests/modules/system/platform.bbb	dormant-custom-language	preserved-not-active	47	ab14b987079465097482b374c1047b00251f34216b7dd095fc4338eb0ca878e8
tests/native_retirement_inventory_test.py	support-file	dependency-only	6874	7e12fcd5883e1b54271818a8fb0c5aea205f11caa5509482838f945ffc82d5ea
tests/recover_branch_work_test.py	support-file	dependency-only	8930	735d8708c34f017bdd79b3b35b8a7f4f9c954410dd2f7b71846efead17f4ed8d
tests/runtime_boundary_regression.c	subject	registered-non-object-control	3464	dcac3a1defcfd7f221cd67906afd3d42a392d6fe7a3295488c8735297e1bf224
tests/runtime_boundary_regression.py	support-file	dependency-only	1390	db85c3cf3bc55dd7d43a7f89c75da5a92049d6d3998d6b99a88e64935a055205
tests/self_host_bootstrap_invalid.c	negative-diagnostic-fixture	registered-rejection-control	140	1bd50bee48ecad837b7349e201280252ba86172bad79a416263b03d9aa55d2b1
tests/self_host_bootstrap_probe.c	subject	supported-object-zero-fallback	4923	01ac3cc8a610766dbeab21508811f06f73a956fe1f86c5e10452a9116ef6b7b1
tests/sysv_sseup.h	support-file	dependency-only	1505	9207e06e99890d4aed3b33e7521c09d9b9bb0e8f53df06ca5d4fc3e74f32768d
tests/truetype_dependency_test.py	support-file	dependency-only	6052	dabc4feaef5a719bbaad7c644a8a0ca2ec49582c86cdd50ee1c05e4503d20db9
tests/uefi_abi_contract.h	support-file	dependency-only	7381	7bb181ac10a2d312f8dcc1eda232db9893f16d0320fcf23e69b6c333b9bb4a24
tests/uefi_boot.c	subject	supported-object-zero-fallback	4348	66a843b7c5e9173ef8bc57125d0f4966f40a63982cc111544dcd87aa96c4d93b
tests/vector_joins.h	support-file	dependency-only	297	c834611596ab9d574491156d58dfb46ab21dec58b1b4696a389c26be423499ce
tests/wasm_integer_execution.js	support-file	dependency-only	2390	07d0294ae7661f5057f583b53488a48b62f70f0cb35013beedc97c5586c5a4d6
tests/wasm_integer_opcodes_execution.js	support-file	dependency-only	2535	b4d5b24ac61630af3f8169bddb4b6f15bec054ec10b4da90e453b7130e3ae2d0
tests/wasm_local_aggregate_execution.js	support-file	dependency-only	917	c55f3ffa912abc4cf6c573b95d2f5c5c62adf3a6097c1eaa2d34b2ff7b8899a2
tests/wasm_memory_alignment_execution.js	support-file	dependency-only	1082	f2bdaad51b03e485524e0a6ad74110cc4287a54adfe3b35dc250181874bdfee6
tests/wasm_memory_alignment_regression.c	subject	registered-non-object-control	2712	8a89b9fde6a5b7a551908f11d15808c94dea9739958dd681b34c3d0b10f6416c
tests/wasm_memory_alignment_regression.py	support-file	dependency-only	3388	2f02a99839d4b905232fe33f62741fec69bfbbe22bc21270a184d351ed14743d
tests/windows_arm64_mir_unwind.c	subject	supported-object-zero-fallback	10298	de2cb91ef18e815bdeda798c7f80e884728a4f866d320980d87a8eecd61dc106
tests/windows_unicode_regression.c	subject	registered-non-object-control	6621	2116763607b018c24ca73853c2e4b1fe55163fd60838eb3a8c96d36e5c728c66
tests/x86_64_forwarding_encoding_oracle.s	support-file	dependency-only	942	67934c9c8d1018972ecb9277ea069b2176ae3f7abf75c72a7020f1829972e273
tests/x86_64_got_encoding_oracle.s	support-file	dependency-only	4923	6a4c9af5db059e503d1855c14b6ce5e21dab825a615f1c26ac747a21546dd1b1
tests/x86_64_movabs_encoding_oracle.s	support-file	dependency-only	9330	a262d3167c597a79389f04bd410744b4543ab39375cbcdc8a84345ff6e77f52f
tests/x86_64_tls_encoding_oracle.s	support-file	dependency-only	1669	788fc08d059a6d1dacc37392258a9810086977715d029c3dd9433b7a43e1d977
