tags,pair,variant,bytes,frontend_min_ns,frontend_median_ns,wall_ns,user_s,system_s,max_rss_kib,source_sha256
0,0,base,37,141531,172322,43444963,0.0071719999999999996,0.007239,13968,e5683758e02c0a1269dc802a3db1f29b89c3505b14d6785fd4647006e958f3a5
0,0,patch,37,141984,173362,30328458,0.005934,0.0061459999999999996,14096,e5683758e02c0a1269dc802a3db1f29b89c3505b14d6785fd4647006e958f3a5
0,1,patch,37,140667,201300,55457146,0.008227,0.011038,14096,e5683758e02c0a1269dc802a3db1f29b89c3505b14d6785fd4647006e958f3a5
0,1,base,37,150408,189157,20230837,0.010388,0.0,14096,e5683758e02c0a1269dc802a3db1f29b89c3505b14d6785fd4647006e958f3a5
0,2,base,37,147169,195836,19571270,0.00556,0.004794,14096,e5683758e02c0a1269dc802a3db1f29b89c3505b14d6785fd4647006e958f3a5
0,2,patch,37,145118,183405,19315056,0.010046,0.0,14096,e5683758e02c0a1269dc802a3db1f29b89c3505b14d6785fd4647006e958f3a5
0,3,patch,37,136972,165213,24665797,0.005338,0.005716,14096,e5683758e02c0a1269dc802a3db1f29b89c3505b14d6785fd4647006e958f3a5
0,3,base,37,136803,171878,31948135,0.004522,0.005098999999999999,14096,e5683758e02c0a1269dc802a3db1f29b89c3505b14d6785fd4647006e958f3a5
8191,0,base,578268,94477254,110752671,3527103975,1.572301,0.009054,34532,524abb371ffeddcc52ff810e4c8c86ee83426b4c9132fef1fe6b4d14d972c058
8191,0,patch,578268,114312774,298393971,11821431366,4.8723980000000005,0.170408,34740,524abb371ffeddcc52ff810e4c8c86ee83426b4c9132fef1fe6b4d14d972c058
8191,1,patch,578268,88166150,111845239,3884356366,1.682877,0.057041999999999995,34304,524abb371ffeddcc52ff810e4c8c86ee83426b4c9132fef1fe6b4d14d972c058
8191,1,base,578268,51137942,135254785,4779252339,1.931635,0.034843,34628,524abb371ffeddcc52ff810e4c8c86ee83426b4c9132fef1fe6b4d14d972c058
8191,2,base,578268,95609973,118960983,3878194484,1.688873,0.030660999999999997,34356,524abb371ffeddcc52ff810e4c8c86ee83426b4c9132fef1fe6b4d14d972c058
8191,2,patch,578268,70717220,128657858,4189997624,1.771857,0.028127,34344,524abb371ffeddcc52ff810e4c8c86ee83426b4c9132fef1fe6b4d14d972c058
8191,3,patch,578268,95746558,116920018,3915252316,1.701601,0.026751,34348,524abb371ffeddcc52ff810e4c8c86ee83426b4c9132fef1fe6b4d14d972c058
8191,3,base,578268,99267882,113328322,3698099190,1.5965889999999998,0.045233999999999996,34652,524abb371ffeddcc52ff810e4c8c86ee83426b4c9132fef1fe6b4d14d972c058
8192,0,base,578339,86209879,107527563,3522290677,1.5187689999999998,0.045686,34520,48eb82c96a9856e7947c0d77217b64689199889bcfc420fdf4a268f47e0ff78f
8192,0,patch,578339,85223280,113194605,3722090846,1.623124,0.027188999999999998,34368,48eb82c96a9856e7947c0d77217b64689199889bcfc420fdf4a268f47e0ff78f
8192,1,patch,578339,86927532,116146393,5499314058,2.41321,0.064682,34300,48eb82c96a9856e7947c0d77217b64689199889bcfc420fdf4a268f47e0ff78f
8192,1,base,578339,101521036,117320181,4132219541,1.782747,0.035148,34612,48eb82c96a9856e7947c0d77217b64689199889bcfc420fdf4a268f47e0ff78f
8192,2,base,578339,96194263,114323027,4596603353,1.904501,0.050761999999999995,34688,48eb82c96a9856e7947c0d77217b64689199889bcfc420fdf4a268f47e0ff78f
8192,2,patch,578339,97640865,113853938,4569300138,2.027028,0.027436,34348,48eb82c96a9856e7947c0d77217b64689199889bcfc420fdf4a268f47e0ff78f
8192,3,patch,578339,103164310,145318335,5677780517,2.442923,0.062799,34284,48eb82c96a9856e7947c0d77217b64689199889bcfc420fdf4a268f47e0ff78f
8192,3,base,578339,99513545,118042650,3700615154,1.573722,0.043517,34388,48eb82c96a9856e7947c0d77217b64689199889bcfc420fdf4a268f47e0ff78f
8193,0,base,578410,98405796,119289989,3877147604,1.595862,0.022404,34708,642d4cba936479125e88d7d985330d6a310b9af730bf12239e7d098ea8545f7a
8193,0,patch,578410,96818331,119290644,4399128496,1.69228,0.049206,35516,642d4cba936479125e88d7d985330d6a310b9af730bf12239e7d098ea8545f7a
8193,1,patch,578410,42764777,86138868,2541685184,1.412553,0.028048,35232,642d4cba936479125e88d7d985330d6a310b9af730bf12239e7d098ea8545f7a
8193,1,base,578410,94599673,105482170,3542400796,1.534865,0.025434,34596,642d4cba936479125e88d7d985330d6a310b9af730bf12239e7d098ea8545f7a
8193,2,base,578410,24320384,48598988,1851238746,0.9661219999999999,0.026029999999999998,34620,642d4cba936479125e88d7d985330d6a310b9af730bf12239e7d098ea8545f7a
8193,2,patch,578410,24328818,32374590,1163607783,0.842901,0.0077209999999999996,35356,642d4cba936479125e88d7d985330d6a310b9af730bf12239e7d098ea8545f7a
8193,3,patch,578410,33147671,54495037,1696219610,0.8424729999999999,0.040278,35324,642d4cba936479125e88d7d985330d6a310b9af730bf12239e7d098ea8545f7a
8193,3,base,578410,81634533,115110828,3745504576,1.528489,0.050636999999999995,34580,642d4cba936479125e88d7d985330d6a310b9af730bf12239e7d098ea8545f7a
12000,0,base,854707,1110974164,1626798640,54955865164,27.401537,0.297388,43012,a61d218407f00da9246597da7280d0dbfcc34af9a142276f53780f8ea4fd5997
12000,0,patch,854707,81520957,101699959,4917087588,1.957515,0.024662,43612,a61d218407f00da9246597da7280d0dbfcc34af9a142276f53780f8ea4fd5997
12000,1,patch,854707,150094904,190423956,7224254853,3.066214,0.101116,43760,a61d218407f00da9246597da7280d0dbfcc34af9a142276f53780f8ea4fd5997
12000,1,base,854707,1347044522,2593254059,70468310652,38.898076,0.315119,42576,a61d218407f00da9246597da7280d0dbfcc34af9a142276f53780f8ea4fd5997
12000,2,base,854707,1277838167,2277263523,86340359328,53.652823,0.921395,43012,a61d218407f00da9246597da7280d0dbfcc34af9a142276f53780f8ea4fd5997
12000,2,patch,854707,108895285,212917235,12124053021,4.64535,0.091435,43804,a61d218407f00da9246597da7280d0dbfcc34af9a142276f53780f8ea4fd5997
12000,3,patch,854707,240303309,361013205,13134492263,3.031539,0.056027,43780,a61d218407f00da9246597da7280d0dbfcc34af9a142276f53780f8ea4fd5997
12000,3,base,854707,2837511505,3323174127,109151254376,43.138328,0.43254899999999996,42900,a61d218407f00da9246597da7280d0dbfcc34af9a142276f53780f8ea4fd5997
